payment_id,member_id,date,amount,status,payment_method
9ca0affd-aca3-46b4-b6ad-1ff49888b8eb,M0000,2023-10-17,29,success,bank_transfer
55d34500-bfb7-4e94-9ef9-39f7977ffd84,M0000,2023-11-16,29,success,credit_card
cb658bd7-fbdd-4ca3-ac70-af5dd0d8e4bb,M0000,2023-12-16,29,success,credit_card
7717894e-9fd6-424b-83a6-3759e2c1997e,M0000,2024-01-15,29,success,credit_card
367fbe9d-c0e4-4ba6-8c4b-5ba565e20347,M0000,2024-02-14,29,success,bank_transfer
5163c65f-28c5-4be4-a384-11b9df471ca9,M0000,2024-03-15,29,success,debit_card
4afa77ff-16eb-4949-8bd7-d9f0847ea3bb,M0000,2024-04-14,29,success,debit_card
c3fda158-eaf1-41e3-a51c-64147de87e69,M0001,2022-04-15,99,success,debit_card
6bec2cef-000b-4e31-952a-95510a68545b,M0001,2022-05-15,99,success,credit_card
d504519b-70e4-460b-a916-a45312d7ffa2,M0001,2022-06-14,99,success,credit_card
fbe4b0e8-aab0-4998-9e9a-f4b371e2629f,M0001,2022-07-14,99,success,credit_card
f2e7033e-1b36-450c-ac8d-f21cbb70a187,M0001,2022-08-13,99,success,bank_transfer
8d2ccb4b-1496-475f-a3f8-9e301d512a04,M0001,2022-09-12,99,success,credit_card
cb691c3c-b3de-4c56-8c6b-24b93aaf4735,M0001,2022-10-12,99,success,debit_card
a9dad589-1491-4426-88ea-9df3ec5fd863,M0001,2022-11-11,99,success,credit_card
0780438a-c0d3-44cc-8f15-d499c3ca121d,M0001,2022-12-11,99,success,bank_transfer
151f869f-ff11-48ef-84df-32bdc3599536,M0001,2023-01-10,99,success,debit_card
126fe9a7-9ce3-46dd-abd7-e67e3800fbfe,M0001,2023-02-09,99,success,bank_transfer
2e23cbb1-f06a-4d19-9614-8f9a0ecee538,M0001,2023-03-11,99,success,bank_transfer
5210c718-7942-4eff-bcfb-eb3845b4793d,M0001,2023-04-10,99,success,credit_card
47660876-23eb-43f4-94b3-0d2fea6ab10d,M0001,2023-05-10,99,success,credit_card
94c6bbeb-c493-42fa-93da-63c89a974cba,M0001,2023-06-09,99,success,bank_transfer
d8e40a3c-b4f3-44ce-b9a3-b8f5dea02185,M0001,2023-07-09,99,success,debit_card
a622ad37-1f2b-46d8-bb47-66e9fb1797b2,M0001,2023-08-08,99,success,credit_card
1080ece0-7eb1-47e6-b464-9ab1079ce07e,M0001,2023-09-07,99,success,debit_card
b5e2e0fa-e2b5-40c1-8cf9-df2faa4b7730,M0001,2023-10-07,99,success,bank_transfer
c3c532e4-b763-473f-af8f-304a6fe1ec9b,M0001,2023-11-06,99,success,credit_card
9456cfa4-7547-49b6-a254-9378e184f500,M0001,2023-12-06,99,success,debit_card
e2edf829-ced4-4555-8a88-f378d2ee24fe,M0001,2024-01-05,99,failed,credit_card
7b4c71a6-6655-45f2-9391-d3e59314b3ea,M0001,2024-02-04,99,success,bank_transfer
07900818-75ba-4870-91f7-b892e302201c,M0001,2024-03-05,99,success,credit_card
c7d7847b-fad8-41c9-9a90-f2c10f390154,M0001,2024-04-04,99,success,bank_transfer
186b54d3-faa3-4811-a32b-1644dd54fb24,M0001,2024-05-04,99,success,debit_card
afede3fe-07c3-4eaf-bfae-b8d7b00ad337,M0002,2023-03-09,29,success,bank_transfer
5a902743-f174-4671-8689-1eff8f8e5bae,M0002,2023-04-08,29,success,bank_transfer
7f2f0210-310e-4d54-a35b-8da88a5105a9,M0002,2023-05-08,29,success,bank_transfer
24be4129-02fd-4e3a-975d-dafce21bc3fd,M0002,2023-06-07,29,success,bank_transfer
7c46f51d-7062-4605-9414-8735f341da8e,M0003,2022-01-28,59,success,debit_card
f3388f4d-40a1-4c76-a6c8-c82dd550fc63,M0003,2022-02-27,59,success,debit_card
3b0153f8-fcd1-4d10-aea6-dd21ff413f44,M0003,2022-03-29,59,success,credit_card
815673b8-08a0-4630-b37d-e04058a4fbab,M0003,2022-04-28,59,success,bank_transfer
b0882ef4-9ee4-41f4-8656-2a40ce4dd25c,M0003,2022-05-28,59,success,debit_card
086b62fa-aa66-48d0-8216-704d0ee03106,M0003,2022-06-27,59,success,debit_card
eb42c904-e06b-480f-b0df-1270e4509896,M0003,2022-07-27,59,failed,debit_card
56a69ec0-7d00-43c2-8ea8-9e1739d50cd6,M0003,2022-08-26,59,success,debit_card
8837ac81-4ab4-4ad6-8237-9d94e6a38865,M0003,2022-09-25,59,success,debit_card
a3dee5ad-3050-4a65-b190-be12692ece1d,M0003,2022-10-25,59,success,debit_card
2357f812-6ce4-4a1d-94db-3fb2adb7ffae,M0003,2022-11-24,59,success,bank_transfer
972fa7db-dc83-4a68-892f-f594792c8210,M0003,2022-12-24,59,success,debit_card
2971af6b-af98-4112-b5b6-17d948445072,M0003,2023-01-23,59,success,bank_transfer
780cddea-8b3e-4f54-a79d-400a6cbc4854,M0003,2023-02-22,59,success,credit_card
80fd762e-efcd-46c0-8cbd-db9cb65294fd,M0003,2023-03-24,59,success,credit_card
ace2a4f6-e52f-42d9-a57b-5c8604f92fc8,M0003,2023-04-23,59,success,debit_card
a2727797-d1a1-44bd-a27d-a17b6f57db11,M0003,2023-05-23,59,success,bank_transfer
b3e26c18-d38a-4234-8ee5-bb7b69400e93,M0003,2023-06-22,59,success,debit_card
a9201925-703a-4a21-96e1-16ab8b7a6da9,M0003,2023-07-22,59,success,credit_card
e58de889-5cd3-4511-a880-b7746c1b5e4f,M0003,2023-08-21,59,success,debit_card
37f104f8-7cb8-4401-b22d-201d15eb8dfd,M0003,2023-09-20,59,success,debit_card
c913be14-7f8c-40e1-8104-fbce4abc3d1a,M0003,2023-10-20,59,success,credit_card
8d81b8f2-bab7-473a-a243-6e541c4aca90,M0003,2023-11-19,59,success,debit_card
84c76569-0d47-43f0-b0dc-8279739bd63a,M0003,2023-12-19,59,success,bank_transfer
a7fd73ca-fc67-4cab-888f-917618e06d2a,M0003,2024-01-18,59,success,credit_card
55324e65-8d56-4f9c-8532-83f7306a4478,M0003,2024-02-17,59,success,bank_transfer
37a8e14d-f8a1-4076-b0b7-1c908249a601,M0003,2024-03-18,59,success,bank_transfer
ad0bd6be-8ccd-4f08-af4b-af7a02d287df,M0003,2024-04-17,59,success,debit_card
f4970eba-0a6b-4f64-a989-b5d15a626cad,M0003,2024-05-17,59,failed,debit_card
8327b9e3-7be6-4ddf-ab9f-9c880bdd6364,M0004,2023-03-06,29,success,credit_card
77a6aab4-6e95-4bf8-8973-dee7a853ad9a,M0004,2023-04-05,29,success,bank_transfer
69bf8ecb-6853-4293-9f30-4b0cd70d7506,M0004,2023-05-05,29,success,credit_card
4f5de19d-487f-405e-a315-d486f6906f10,M0004,2023-06-04,29,success,credit_card
72a8fb6a-edd8-4dd0-b59f-b03914fad294,M0004,2023-07-04,29,success,credit_card
5f55bd37-c645-4800-a222-291482664f66,M0004,2023-08-03,29,success,debit_card
c9ef4236-0f8e-4b16-aeb8-612a43324506,M0004,2023-09-02,29,success,credit_card
198e41c3-c890-4c8f-9edd-676002304030,M0004,2023-10-02,29,success,debit_card
eafa853d-409c-42fe-bb5c-52301c827cf3,M0004,2023-11-01,29,success,debit_card
b1fa9f45-7d75-4c07-916c-55e965eb7553,M0004,2023-12-01,29,success,credit_card
078ecf03-4484-4d89-9d42-9dcf87340030,M0004,2023-12-31,29,success,credit_card
31e5aa48-0afc-400f-9f14-5ee23c598e8b,M0004,2024-01-30,29,success,debit_card
61f2d228-cadf-438f-ad31-a37aad074c37,M0004,2024-02-29,29,success,credit_card
b3bc1d8e-a789-40e9-b9f7-8ac02fe311c3,M0005,2023-12-16,29,success,credit_card
7ca624e5-e34a-4ea4-b1c7-6beaa6946e67,M0005,2024-01-15,29,success,debit_card
ba19347c-4e81-4d34-8477-6290439801a2,M0005,2024-02-14,29,success,bank_transfer
e4914448-9ed0-41bb-aef3-b1f705cc57d1,M0005,2024-03-15,29,success,debit_card
aac71ff3-91c3-46ad-82ca-2573cc45acf1,M0005,2024-04-14,29,success,debit_card
1c9933d9-3518-42f0-85d4-414b83aedbe7,M0005,2024-05-14,29,success,bank_transfer
209c8c1d-69a4-4d05-be87-919251be2d0d,M0006,2022-04-15,29,success,credit_card
ee57a48b-4b9b-4960-96e4-8a175a883d4e,M0006,2022-05-15,29,success,bank_transfer
ec59889d-2049-4068-8491-64257402e350,M0006,2022-06-14,29,success,credit_card
161ce343-0af2-47ac-9589-b02389764b01,M0006,2022-07-14,29,success,credit_card
e3d9384f-68a9-4dc1-bd93-c867094b7ded,M0007,2022-09-28,59,success,debit_card
cd8632fb-131c-420a-95a2-2094ead68843,M0007,2022-10-28,59,success,bank_transfer
2ea745bb-9c98-4db7-8567-42b410cca126,M0007,2022-11-27,59,success,bank_transfer
cef770c1-4f57-46ec-beff-7bebaa1f89dc,M0007,2022-12-27,59,success,debit_card
2cfada52-3ab1-45d7-9ea2-ec7f2b1aabc6,M0007,2023-01-26,59,success,debit_card
4fb79168-18bc-4297-a089-8ad3d9efb941,M0007,2023-02-25,59,success,bank_transfer
26b75252-e26a-40b0-8dee-b8af610edd2a,M0007,2023-03-27,59,success,bank_transfer
a1871a81-68ce-4e4d-9e4d-598caafffd7e,M0007,2023-04-26,59,success,bank_transfer
4d1b2579-f7f7-4008-b367-350e850a2228,M0007,2023-05-26,59,failed,bank_transfer
ea921a2e-b74c-466b-a5b8-b9225df66eb5,M0007,2023-06-25,59,success,bank_transfer
86344090-0b1d-473d-9ab6-8abdc9f112f7,M0007,2023-07-25,59,success,debit_card
ab9745b7-0639-427c-9fa9-212db51f652a,M0007,2023-08-24,59,success,credit_card
17d35c0a-77fb-4ef6-b7f6-2d3ee4da8ea5,M0007,2023-09-23,59,success,debit_card
8dd657fe-0a67-40b6-a72e-fef5d7458f86,M0007,2023-10-23,59,success,credit_card
625c9d17-6fd3-4bd0-a65e-c5a974a5f8b8,M0007,2023-11-22,59,success,credit_card
4f0f782a-d6d6-4b73-967a-9ba7980deac4,M0007,2023-12-22,59,success,credit_card
f6430ba0-88ce-4a80-ac5e-0bc45fd6aedb,M0007,2024-01-21,59,success,debit_card
368ae6f2-6c4d-44e5-834d-5f19f3317f67,M0007,2024-02-20,59,success,bank_transfer
66bb6f45-b11b-4c72-8090-5c1025beb97b,M0007,2024-03-21,59,success,debit_card
f9af4925-d530-4509-ab30-357ed643bcbc,M0007,2024-04-20,59,success,bank_transfer
a454e184-9c85-420d-a94e-90d45c988dc2,M0007,2024-05-20,59,success,credit_card
259dd1d9-5bff-4b03-b4f1-cb45cd9685b8,M0008,2023-01-23,99,success,debit_card
c64f47f0-9830-4ae5-b7a4-317c5abbf7f5,M0008,2023-02-22,99,success,bank_transfer
5cfc7ee2-2e7a-48cb-b8af-a2e2619bafec,M0008,2023-03-24,99,success,credit_card
6879d0ab-f5a5-4d64-9a96-71e7a91ac9ae,M0008,2023-04-23,99,success,credit_card
358b011a-7db4-431b-b52e-e3405e3b8d55,M0008,2023-05-23,99,success,debit_card
8698dfdb-cbdc-4d81-9cb9-95995c88ea84,M0008,2023-06-22,99,success,bank_transfer
9ab778c4-3409-4606-afcc-1a52d1c1337f,M0008,2023-07-22,99,success,bank_transfer
d373d3b6-cb57-4460-a626-7ea602d73d27,M0009,2023-08-15,29,success,debit_card
9741f79d-a0c6-47b8-bdd6-78e21aa0cb36,M0009,2023-09-14,29,success,debit_card
567b97a1-bd87-4848-a4f8-19aec318fc59,M0009,2023-10-14,29,success,debit_card
15df70bc-13c8-4d5b-b624-4833ce7ff994,M0009,2023-11-13,29,success,credit_card
9c6dd4b7-278c-414d-a043-867dd381016a,M0010,2022-03-23,99,success,bank_transfer
92b6fb4f-a183-45c6-8b36-fe47cfa6d1f4,M0010,2022-04-22,99,success,bank_transfer
a5668de2-e434-4c02-8d40-5232f9f6529b,M0010,2022-05-22,99,success,bank_transfer
ee44eeb0-f9ff-46a0-b355-35f29bb7cf6a,M0010,2022-06-21,99,success,debit_card
07505fee-fa4b-4acc-a9eb-3c545b5eefe7,M0010,2022-07-21,99,success,bank_transfer
36c07719-fae8-42a3-8451-d3b8df91e222,M0010,2022-08-20,99,success,bank_transfer
a8938f21-0508-4e1b-b047-420bd073c0c1,M0010,2022-09-19,99,success,credit_card
6fb5cc81-ddba-4593-82eb-07a6ee89f1be,M0010,2022-10-19,99,success,debit_card
5249963e-4a86-4390-b23c-ac3bc4e32e62,M0010,2022-11-18,99,success,credit_card
9b6fcf24-3d66-481d-bc87-d050a324c8e7,M0010,2022-12-18,99,success,bank_transfer
da3cdcae-1557-4825-82bb-571984667c95,M0010,2023-01-17,99,success,debit_card
a9eb401f-55bc-4360-b964-3c77c6ba8772,M0010,2023-02-16,99,success,credit_card
8e275f6c-1e12-4adc-81d3-50bbf37a126d,M0010,2023-03-18,99,success,debit_card
4a6d40f0-ca94-4c7c-8b95-3af904f7df7c,M0010,2023-04-17,99,success,debit_card
bcf3f68c-a737-47b5-8dd5-c9bea47fa8ab,M0010,2023-05-17,99,success,debit_card
2348f362-ca04-4b97-93e1-496443b35c50,M0010,2023-06-16,99,success,debit_card
859fa16f-4ba8-4336-bc0d-abffa913b94c,M0010,2023-07-16,99,success,bank_transfer
e81a7b7c-38a3-4a9f-9bc8-5528ac1018fa,M0010,2023-08-15,99,success,debit_card
ed6d8f99-2541-4d6f-aade-ca0e9ce31b77,M0010,2023-09-14,99,success,bank_transfer
d2709e8a-c488-497c-b09a-88d19eac3d20,M0010,2023-10-14,99,success,bank_transfer
2b5842b9-8a85-4bfe-8ecf-5560615e3cc5,M0010,2023-11-13,99,success,credit_card
c6400a3b-c4c9-45d4-95ea-13d63498c06a,M0010,2023-12-13,99,success,debit_card
90e0242c-25c5-46f8-8608-765ce73e2c7d,M0010,2024-01-12,99,success,debit_card
6dbf5524-a62e-4a27-be70-fdde890b7f5d,M0010,2024-02-11,99,success,debit_card
568a8743-9b0d-417d-96d3-80cfd324fcf9,M0010,2024-03-12,99,success,credit_card
c4bacbaa-e5a9-40da-abc2-0005f14016d7,M0010,2024-04-11,99,success,debit_card
22db14d4-9420-4e27-8e7c-6365c03040fa,M0010,2024-05-11,99,success,bank_transfer
45c4296e-39a7-4284-959f-bed2d5960a4d,M0011,2023-04-10,29,success,credit_card
162c6fa0-74d2-4bff-9232-0853026e7f2c,M0011,2023-05-10,29,success,debit_card
f48e28a5-4e6d-4d9a-a911-fbc1deff2c2c,M0011,2023-06-09,29,success,bank_transfer
87ffa132-b95e-4941-b1b7-9221bf892cd3,M0011,2023-07-09,29,success,debit_card
4c2870bc-03bc-4209-98f7-3d134c04a643,M0011,2023-08-08,29,success,credit_card
8b24c3c7-a7c1-42e0-821f-0d2ebf721990,M0011,2023-09-07,29,success,bank_transfer
f82bf382-4c6c-4d93-9f8d-634d70e6a791,M0011,2023-10-07,29,success,debit_card
e728932c-a478-42e0-bdb8-12fd6fe476e2,M0011,2023-11-06,29,success,credit_card
0bd1473d-edf4-4e03-b7c3-fbc4fd2adafc,M0011,2023-12-06,29,success,debit_card
a3302310-317c-437e-9df9-75397258607c,M0011,2024-01-05,29,success,bank_transfer
83743bed-0d02-47b9-a7af-a3805ff67d5e,M0011,2024-02-04,29,success,debit_card
ea1c2a80-6095-462b-b961-3328ebd64f5a,M0011,2024-03-05,29,success,bank_transfer
822025f3-be1c-464f-b2f6-e496bd8462c4,M0011,2024-04-04,29,success,debit_card
1c70d660-2157-4b7f-9f2e-79ee1c2904d6,M0011,2024-05-04,29,success,bank_transfer
a5893e80-75be-49bf-8c5d-f11d5f8946ba,M0012,2022-08-03,59,success,bank_transfer
c2256ef4-8ea2-4ca2-97fd-e72fcf8d3640,M0012,2022-09-02,59,success,debit_card
8d58e778-76d7-401d-bcc0-2cdd3f6efa6b,M0012,2022-10-02,59,success,bank_transfer
f1928033-ebde-4e1d-b504-e49dcbc3aa80,M0012,2022-11-01,59,success,credit_card
54cf45ca-3507-43d1-a3f8-e94888315908,M0012,2022-12-01,59,success,credit_card
e3151b36-3605-4b3c-b1d4-a829b9d07152,M0012,2022-12-31,59,success,credit_card
9923508d-2474-4e37-9697-64f1e7017fb2,M0012,2023-01-30,59,success,credit_card
461f8b9c-02a4-42ce-90b2-7a20a0e58aa8,M0012,2023-03-01,59,success,debit_card
44a0560d-884b-4a98-9fad-e7e77e69677c,M0012,2023-03-31,59,success,bank_transfer
1d34501b-ed13-4e89-9461-a712ac997383,M0012,2023-04-30,59,success,credit_card
1013d13d-8a14-4c5d-a79b-c08c7a2e5579,M0012,2023-05-30,59,success,bank_transfer
25f79223-f837-4bfa-a46e-f6e4c1fdcf5b,M0012,2023-06-29,59,success,bank_transfer
d0fb0cc1-6f51-45ab-8db2-7598a25b0f76,M0012,2023-07-29,59,success,credit_card
57ead96e-25d3-42be-b701-169757c544ac,M0012,2023-08-28,59,success,debit_card
58fb4cfa-902b-4322-8aa9-f184af738f8d,M0012,2023-09-27,59,success,credit_card
c757f340-a8fd-4150-aad3-9a3bc88bc4ce,M0012,2023-10-27,59,success,debit_card
12da4fd0-109b-4d81-b2a4-d937cb1f6aa4,M0012,2023-11-26,59,success,debit_card
12245ce3-d462-4565-90c2-359f750b51d4,M0012,2023-12-26,59,success,debit_card
83efda64-e824-4ad2-b5a1-198b91624eee,M0012,2024-01-25,59,success,debit_card
48c66870-7be0-48d1-bd39-efee84982700,M0012,2024-02-24,59,success,bank_transfer
1579ce68-71af-461b-a811-0ae977191b35,M0012,2024-03-25,59,success,debit_card
2095c59a-a47d-4aae-a705-53223478db04,M0012,2024-04-24,59,success,debit_card
bde5127b-48a1-43e4-a152-9c7de0d08f0a,M0012,2024-05-24,59,success,debit_card
29dd2c43-0e83-4b7f-845c-11508f9c6a72,M0013,2022-03-15,29,success,credit_card
8f53b37e-29be-413d-8dae-9555bf0c58c0,M0013,2022-04-14,29,success,credit_card
9c75f5a0-925d-462f-9af2-a6cedb714f96,M0013,2022-05-14,29,success,debit_card
2718adc0-f526-4b05-b3a2-0684e5d5e805,M0013,2022-06-13,29,success,debit_card
65363a98-46a1-4bc6-9e3d-76a6281e26b7,M0013,2022-07-13,29,success,debit_card
b8ca0ead-930e-4915-b18b-0d2ce0888203,M0013,2022-08-12,29,success,debit_card
a59429ac-308b-412d-8f51-250f174a47b8,M0013,2022-09-11,29,success,credit_card
43f16fa6-06e0-48c2-b87a-d6643586adb6,M0013,2022-10-11,29,success,debit_card
984b6908-54d0-4a82-941d-2116becf1737,M0013,2022-11-10,29,success,debit_card
958db3d7-0043-4919-8d38-dc742cab6f90,M0013,2022-12-10,29,success,credit_card
18fb2c30-7d1b-49e9-a475-d8f1928cd174,M0013,2023-01-09,29,success,debit_card
754473b4-2be8-4bc7-b82d-1438e2371bbb,M0013,2023-02-08,29,success,debit_card
2d5b1b1b-ecd6-4081-99e3-8440911ef01a,M0013,2023-03-10,29,success,bank_transfer
2ae0f7b5-bfcd-4fec-8506-d17a95f3b682,M0013,2023-04-09,29,success,debit_card
022349e2-4764-4698-a449-48be4dc96674,M0013,2023-05-09,29,success,credit_card
49d3c6cd-d009-49e2-821f-99cf4bcca3fa,M0013,2023-06-08,29,success,debit_card
3c46b88a-bc3f-4702-9012-b75592dd7c39,M0013,2023-07-08,29,success,credit_card
e843ea36-ae93-4b68-9919-a680e676e05d,M0013,2023-08-07,29,success,credit_card
73d816ed-bc57-497b-9a6d-23f0388355de,M0013,2023-09-06,29,success,credit_card
bef40964-28e8-4350-b86c-36d98636f758,M0013,2023-10-06,29,success,bank_transfer
b6e3d23b-2909-4d06-b974-7acabffb8c11,M0013,2023-11-05,29,success,debit_card
4bf3f8d2-463a-4211-b834-a7829e5803b6,M0013,2023-12-05,29,success,bank_transfer
441d6d84-77f4-4733-b14a-1d43d186e034,M0013,2024-01-04,29,success,credit_card
a22e4cab-83c2-4313-bf37-599236ae550b,M0013,2024-02-03,29,success,credit_card
bf25d66d-054c-48e9-b961-699493456744,M0013,2024-03-04,29,success,credit_card
e40b0d98-cc75-4a63-ae6e-6b2975a03969,M0013,2024-04-03,29,success,bank_transfer
dcfe5d89-f33d-44f8-871f-30d1eca1b2cf,M0013,2024-05-03,29,success,bank_transfer
f0141c30-4131-4f96-84b8-42829c48ec62,M0014,2022-06-17,29,success,bank_transfer
53b6e7d4-6522-4903-bbdb-d7df18aa6bd5,M0014,2022-07-17,29,success,bank_transfer
988e9f88-3288-401f-8677-9cf4aebf88a6,M0014,2022-08-16,29,success,bank_transfer
1e94a264-f4e2-4f41-9229-dc31ae2f3382,M0014,2022-09-15,29,success,bank_transfer
daaa0a06-1c7c-447d-8f11-c093506467ce,M0014,2022-10-15,29,success,credit_card
c9ce0d1e-2f46-4bb9-bde3-4be9059bb8ee,M0014,2022-11-14,29,success,debit_card
a07e6b87-c26b-4432-a476-f4132a730124,M0014,2022-12-14,29,success,debit_card
71142293-cd91-4e5c-ad2e-287d6ca3643c,M0014,2023-01-13,29,success,credit_card
23473872-3427-408a-a90d-fadd05c839f6,M0014,2023-02-12,29,success,credit_card
8dce9a43-8ffe-4bde-b79a-8e78c5dd6cca,M0014,2023-03-14,29,success,bank_transfer
79c1c733-6b74-47d6-917b-15ee54a5eb4b,M0014,2023-04-13,29,success,credit_card
d967d85d-b136-4713-b0e7-6a8eb1970f4e,M0014,2023-05-13,29,success,bank_transfer
20f39f5d-bac4-4b59-97d7-b6cb5d66ad65,M0014,2023-06-12,29,success,credit_card
d9509790-c062-4a31-95fb-0b343b77b968,M0014,2023-07-12,29,success,debit_card
0ead1172-a7dc-4545-a821-02bcd70525ab,M0014,2023-08-11,29,success,debit_card
9c7ff096-57cf-4a6e-8f67-63db8796416e,M0014,2023-09-10,29,success,bank_transfer
c084a3c4-394a-4062-9edc-be090816b44d,M0014,2023-10-10,29,success,credit_card
d4dd7673-c3eb-4b5a-90b1-4828ad179acd,M0014,2023-11-09,29,success,bank_transfer
62b37451-f940-4a0f-9465-a5c267b3e1a0,M0014,2023-12-09,29,success,debit_card
647a05fd-31f2-41de-8120-ee537c603db5,M0014,2024-01-08,29,success,debit_card
eac5ce27-dca7-44cd-889b-77b85f6f4c03,M0014,2024-02-07,29,success,credit_card
6fdd0320-dd35-42d1-9c41-b5605360baa5,M0014,2024-03-08,29,success,bank_transfer
74af31dc-b811-4cbb-9199-e6dca5bb8d33,M0014,2024-04-07,29,success,debit_card
b1b6e6d3-1683-4b7f-a705-cc23364dca5a,M0014,2024-05-07,29,success,bank_transfer
dca7043d-5fcc-437f-89b5-09e26e4a3079,M0015,2023-07-25,99,success,credit_card
551610b2-0295-4bc7-866b-2b0b3db40e41,M0015,2023-08-24,99,success,debit_card
03be64a5-b002-44be-adf1-5f92c225f885,M0015,2023-09-23,99,success,debit_card
32833375-094d-460d-8454-da025b4b89d6,M0015,2023-10-23,99,success,debit_card
90520252-3fbc-45ef-919e-6d8db525b77c,M0015,2023-11-22,99,success,debit_card
96e300db-6fc7-486e-844a-4268b0ef5bcb,M0015,2023-12-22,99,success,bank_transfer
2e2cc2e9-2f11-47ff-8ca5-bfb5b4eafe63,M0015,2024-01-21,99,success,debit_card
b85d36f3-6ea0-474e-add4-709aef71926b,M0015,2024-02-20,99,success,bank_transfer
1987250e-aeed-4e2d-9737-e4b42c99dcfd,M0016,2022-02-02,29,success,credit_card
dea07fe3-2b4f-4780-be32-1af545146521,M0016,2022-03-04,29,success,debit_card
91d3a99f-4f96-4134-8316-708db5ceceed,M0016,2022-04-03,29,failed,credit_card
d8260447-87d0-47ab-badb-a7215d1e03f6,M0016,2022-05-03,29,success,credit_card
4eaba3fd-d0ed-4d05-bbac-ad38cb2c7673,M0016,2022-06-02,29,success,debit_card
e1d68bec-84aa-4a8f-add6-9372006b2502,M0016,2022-07-02,29,success,bank_transfer
9a138d83-6a19-459e-a01d-1ca47c55fe3c,M0016,2022-08-01,29,success,bank_transfer
80f4bb03-97b6-462f-b18c-e9ff39c704e8,M0016,2022-08-31,29,success,debit_card
097a785d-271f-47f0-ad26-a710308b8a48,M0016,2022-09-30,29,success,debit_card
b6d06044-2083-4553-a084-a2a64171e344,M0016,2022-10-30,29,success,debit_card
02fcd68d-bb75-4b1c-aef1-8c9da416fa1b,M0016,2022-11-29,29,success,bank_transfer
0ecdebc3-ed60-46d2-acb8-d805d66c4ae1,M0016,2022-12-29,29,success,debit_card
edfa4037-1fa9-48e0-9083-3b5113fcfff0,M0016,2023-01-28,29,success,bank_transfer
139f61cb-424a-401d-a0cb-691f4c937784,M0016,2023-02-27,29,success,credit_card
77387286-daca-4ee5-b3cd-3c2915708812,M0016,2023-03-29,29,success,credit_card
84495806-fa7d-4c79-ad5c-b7c067c9caab,M0016,2023-04-28,29,success,credit_card
103ec7cd-cf72-413a-a358-3512ff799ca0,M0016,2023-05-28,29,success,credit_card
611352be-a5ce-4dfb-b479-d4ed3b30ffee,M0016,2023-06-27,29,success,credit_card
832259e2-2687-42c3-97f7-ed8bbb2f5070,M0016,2023-07-27,29,success,debit_card
480c4bc0-ff56-464e-921a-920391fc7ba3,M0016,2023-08-26,29,failed,bank_transfer
87f10d2e-cc1b-45a2-bbda-001397ac77a3,M0016,2023-09-25,29,success,credit_card
650314fb-e212-4cac-b9b1-ee1945530388,M0016,2023-10-25,29,success,debit_card
938e51c6-6ca4-4352-aba3-95e56a35923d,M0016,2023-11-24,29,success,debit_card
5b23f123-44ec-4650-acd8-09353104bab0,M0016,2023-12-24,29,success,debit_card
97d23239-03bf-4bf7-90b5-48f0d4550f6e,M0016,2024-01-23,29,success,credit_card
d3e655e2-1737-4de2-8765-820c7a2b0607,M0016,2024-02-22,29,success,debit_card
efb08fb6-fd6a-4316-af20-7d717aa69045,M0016,2024-03-23,29,success,credit_card
b79ed7a9-0be5-492c-b319-0240326e6d69,M0016,2024-04-22,29,success,credit_card
47664d0e-8a45-4024-b152-c7e67e784afc,M0016,2024-05-22,29,success,bank_transfer
ea8c8064-ee74-494d-82e5-0888d65461dc,M0017,2023-08-04,29,success,bank_transfer
353fb031-c94f-4558-82b7-6741606ae7c9,M0017,2023-09-03,29,success,bank_transfer
f6e95222-18be-4968-80a7-ba1c1236cdcb,M0017,2023-10-03,29,success,debit_card
e9e72df1-b594-4cdf-bc67-9eb50ecf8391,M0017,2023-11-02,29,success,credit_card
823cfc35-d378-44ab-b2b2-bcf8ff00cc61,M0017,2023-12-02,29,success,credit_card
442a35d2-6857-4454-b6fc-92cd1fc3e2ab,M0017,2024-01-01,29,success,bank_transfer
ea0079e1-9d21-45df-93b0-4fe92314840d,M0017,2024-01-31,29,success,credit_card
187f8cbb-8b65-4e0d-8a0e-507205816fcd,M0017,2024-03-01,29,success,credit_card
0069f985-250d-4dbf-a093-1f2a6a74ee7d,M0017,2024-03-31,29,success,credit_card
943e0f02-1e0a-4352-8187-854d06daffaa,M0017,2024-04-30,29,success,debit_card
1e725250-0cca-4760-8566-6e0759dca54e,M0017,2024-05-30,29,success,debit_card
52a179cd-139c-41d8-b0af-578881005385,M0018,2023-02-10,59,success,credit_card
e2fcf0a0-ecb1-409f-852a-0eeb404029bd,M0018,2023-03-12,59,success,bank_transfer
68b478ee-2abd-40d4-8056-d45e9e54c069,M0018,2023-04-11,59,success,bank_transfer
b237b507-978f-444e-8545-37b6f9c558b1,M0018,2023-05-11,59,success,bank_transfer
e93c7a0e-8f9b-463e-ade2-c954bb443514,M0018,2023-06-10,59,success,bank_transfer
e1269c1d-13f2-4211-9baf-02ea2d143235,M0018,2023-07-10,59,failed,bank_transfer
d0113d83-84ab-4808-9dee-2482e213d6b3,M0018,2023-08-09,59,success,credit_card
173b4959-23c7-4197-868b-e56846291695,M0018,2023-09-08,59,success,bank_transfer
9d6b8535-e38b-46cd-ad71-19c1c84dc976,M0018,2023-10-08,59,success,debit_card
665ea98d-1cc8-4422-b992-ea4ff7311c74,M0018,2023-11-07,59,success,credit_card
e0188aa4-9ac7-4f7b-9811-8afd9ae35944,M0018,2023-12-07,59,success,credit_card
7fe05830-b450-43bf-a7e7-ee985495d89e,M0018,2024-01-06,59,success,credit_card
c87e9ee3-04dc-4e69-95f1-55c460dca49b,M0018,2024-02-05,59,success,bank_transfer
6a0f8f9c-3322-4230-9389-f78dd5920e6e,M0018,2024-03-06,59,success,bank_transfer
c81e524e-5da1-471e-85fa-89128d06526d,M0018,2024-04-05,59,success,credit_card
1d3b65b6-0ec6-4a90-8ae9-3105f45322ae,M0018,2024-05-05,59,success,debit_card
6faa7160-d540-4a51-aba1-0b912c03c407,M0019,2022-05-23,59,success,bank_transfer
f4df5dd0-684a-484d-bdb1-39ec21aa676e,M0019,2022-06-22,59,success,bank_transfer
ed2c0867-b17e-4856-be9d-7a2caa7437de,M0019,2022-07-22,59,success,debit_card
a4c8bf5e-1b74-4d87-a5dd-cff152445824,M0019,2022-08-21,59,success,credit_card
f2ec0a18-9d0c-498b-b837-3a2dd804d245,M0019,2022-09-20,59,failed,credit_card
09faee6f-dcff-4abd-97fb-f22c30cd4106,M0019,2022-10-20,59,failed,credit_card
3f1ad67e-90ff-49ac-8b11-fb68354f14d6,M0019,2022-11-19,59,success,credit_card
f8a53e91-edfa-4416-b1cc-502909fa1db2,M0019,2022-12-19,59,success,debit_card
c624688c-b212-4ea8-b3a6-0a91003c2184,M0019,2023-01-18,59,success,bank_transfer
6e070804-3099-4722-85d9-e6c92314af41,M0019,2023-02-17,59,success,debit_card
063d5595-a847-4125-bb30-b1b27bb4e2f4,M0019,2023-03-19,59,success,debit_card
b8a39b40-603b-42cf-b181-2497dfdc1796,M0019,2023-04-18,59,success,bank_transfer
c22d1838-c88a-4dbf-8578-86a2ed7bc326,M0020,2023-03-15,29,success,credit_card
799a4757-c655-4a32-899a-c7f5f036939f,M0020,2023-04-14,29,success,debit_card
a6fd02af-a02b-4cbe-8d57-ade63eee9363,M0020,2023-05-14,29,success,credit_card
a5a740eb-f9f8-4dbc-9b74-4544d873c47e,M0020,2023-06-13,29,success,credit_card
b6cfaf6a-169a-4786-8a79-f49c6b5a07dd,M0020,2023-07-13,29,success,debit_card
abe82774-4bac-41de-9bae-5851184c2585,M0020,2023-08-12,29,success,bank_transfer
ed818fca-7330-400e-a22a-a72366b8d491,M0020,2023-09-11,29,success,credit_card
33c745f5-393f-451b-b1a3-dd4663051ddf,M0020,2023-10-11,29,success,debit_card
a9e3a808-b14e-4b4e-9338-0ec819c40d0b,M0020,2023-11-10,29,success,credit_card
44c72a26-7acf-498a-bd2c-f31aec573c1e,M0020,2023-12-10,29,success,credit_card
538efa40-6d47-479f-b437-a26d9a00ebae,M0020,2024-01-09,29,success,credit_card
5ed01efc-1360-4cc4-a78b-9f877df33a16,M0020,2024-02-08,29,success,bank_transfer
75b42757-d103-4989-8c31-523b5006d3a8,M0020,2024-03-09,29,success,bank_transfer
a8eb620d-f323-42c8-b12b-d2e852e0bb2a,M0020,2024-04-08,29,success,bank_transfer
5146eae6-7d28-41ca-b347-c572388274f3,M0020,2024-05-08,29,success,credit_card
659721ee-987f-4c6e-bc42-78fa06e743cc,M0021,2023-06-06,59,success,bank_transfer
34b5eedd-36a4-4472-93f1-944504b94ed4,M0021,2023-07-06,59,failed,debit_card
67c9a64b-2872-4ee4-9383-896e78bacfa3,M0021,2023-08-05,59,success,bank_transfer
27852bdc-861e-4aff-a124-6d2ffc06c403,M0021,2023-09-04,59,success,bank_transfer
933b0be0-f5d2-4609-8dc3-f4573468929d,M0021,2023-10-04,59,success,debit_card
179c92fa-7da0-49db-a113-0c971c821502,M0021,2023-11-03,59,success,debit_card
844d4643-e74e-4f18-b01e-6c8318588b74,M0021,2023-12-03,59,success,credit_card
a0a94eba-6682-4929-9241-b4bf713a761c,M0021,2024-01-02,59,success,credit_card
ccd5726f-6af5-4f99-9dd3-dc4b83e333d4,M0021,2024-02-01,59,success,debit_card
078465df-7420-46e6-ab6f-0ce15d08eef6,M0021,2024-03-02,59,success,credit_card
0b9469bc-4001-428d-a185-efe1000567e9,M0021,2024-04-01,59,success,bank_transfer
650d5d9b-eda2-4aec-b7f3-8d718db2a554,M0021,2024-05-01,59,success,debit_card
ac465b7e-5bbc-42b4-918f-a8622ce0eeec,M0021,2024-05-31,59,success,debit_card
186ec11d-fec2-447d-b724-6d3466771c97,M0022,2023-10-05,59,success,bank_transfer
9c1190a1-a3dd-4ec1-a4b5-08f485d04b34,M0022,2023-11-04,59,success,credit_card
55be1eb6-e48d-41e9-b407-bad26d106a7a,M0022,2023-12-04,59,success,credit_card
5e841090-0a04-4115-b7b7-42ca2754646e,M0022,2024-01-03,59,success,bank_transfer
b5fd0ce2-6fda-41ff-a5bd-7ae4e488e6ba,M0022,2024-02-02,59,success,credit_card
126a48ba-ac02-4feb-820f-34a5cc63cca9,M0022,2024-03-03,59,success,credit_card
5af11477-0e31-471e-ac82-f6a6e4abdc0c,M0022,2024-04-02,59,success,credit_card
4b2f507f-9ef3-4e1f-ac2d-4d6ec5bd4872,M0022,2024-05-02,59,success,debit_card
a50eba2d-5295-431f-90f1-05677440a167,M0023,2023-09-03,59,success,credit_card
501f7e2b-f198-4d04-962b-e4b7f6fc7423,M0023,2023-10-03,59,success,credit_card
74f04deb-c312-43cd-94c4-9fac9bef1c84,M0023,2023-11-02,59,success,bank_transfer
8c4b32b2-f2a6-4a8c-afbb-d0b3762a2085,M0023,2023-12-02,59,success,debit_card
48692491-5771-4c26-90b9-df5bb7af5b53,M0023,2024-01-01,59,success,credit_card
b0bea35a-8742-444a-b887-ccec72334461,M0023,2024-01-31,59,success,bank_transfer
7d2c402d-2fcb-4462-a8a9-211d57796f25,M0023,2024-03-01,59,success,credit_card
6d853c1f-494a-4b67-8903-19d6aaf77b07,M0023,2024-03-31,59,success,credit_card
ca99a52f-94d9-449b-95f0-daad36db5fe4,M0023,2024-04-30,59,success,credit_card
d684930c-a7d2-493a-80e4-5a7e5b8bf73a,M0023,2024-05-30,59,success,bank_transfer
d8d2fb08-7a98-4a9b-9405-437199fb0454,M0024,2023-11-28,59,success,debit_card
58ca24ad-fe09-482a-9b3b-1d396dfb9c80,M0024,2023-12-28,59,success,debit_card
dca78e13-4709-45cb-a172-273307060eef,M0024,2024-01-27,59,success,debit_card
d976b431-1247-4d33-a3a9-74804367ee3b,M0024,2024-02-26,59,success,bank_transfer
3eb69c0b-a2f8-4838-9c17-c6880c3d3493,M0024,2024-03-27,59,success,debit_card
540f0e9f-6bf9-488e-9ec1-a38ded20ae2c,M0024,2024-04-26,59,success,bank_transfer
80343045-742a-47a2-a07c-0b0faa05257d,M0024,2024-05-26,59,success,bank_transfer
6b435a5d-f1b5-40ba-b36d-dbe37437d193,M0025,2023-10-19,29,success,debit_card
0c30b76f-b969-465b-b1dc-c64caf02e8a6,M0025,2023-11-18,29,success,debit_card
fece266a-c83a-4b86-8d96-698ab57a472b,M0025,2023-12-18,29,success,credit_card
b946685f-b72b-40b1-a2ed-0117c66bbcf2,M0025,2024-01-17,29,success,bank_transfer
374ec6cc-2fc5-43d7-8974-586c84a8f74b,M0025,2024-02-16,29,success,credit_card
6c632b84-7088-444f-b7a1-e8180584b74f,M0025,2024-03-17,29,success,debit_card
bfab64ea-dcb7-4e9d-8de6-52b15c828447,M0025,2024-04-16,29,failed,bank_transfer
d10d958c-d649-4b46-aa01-2d3ad80e24b8,M0025,2024-05-16,29,success,bank_transfer
d7542ad6-df2c-46ad-b736-1a909aabbbe9,M0026,2022-01-04,99,success,debit_card
13e9e606-4b73-4a9e-a901-eb21446658a4,M0026,2022-02-03,99,failed,bank_transfer
5245f984-8574-4f1c-8541-2a477570e6ee,M0026,2022-03-05,99,success,bank_transfer
0a15ea61-9513-4998-bf69-bfc659f7cfd5,M0026,2022-04-04,99,success,credit_card
a8e01fcb-53aa-4602-9eb4-11a9e9b7f96d,M0026,2022-05-04,99,success,credit_card
968cc491-a9da-4849-9c80-a315fb2d3e42,M0026,2022-06-03,99,success,credit_card
4cef664f-f38e-4442-a8a4-8381a526c5fb,M0026,2022-07-03,99,success,credit_card
9ca7a353-7219-463e-a232-d2648a12ddb7,M0026,2022-08-02,99,success,credit_card
f522026f-b905-4599-8927-a79d7606d313,M0026,2022-09-01,99,success,credit_card
37b947b8-7599-487d-883c-239f74045af9,M0026,2022-10-01,99,success,bank_transfer
00440940-9576-4527-ad70-1f52c3bb9c85,M0026,2022-10-31,99,success,debit_card
523536fa-b8d4-460c-8564-8830e8ecb9c7,M0026,2022-11-30,99,success,bank_transfer
674ff031-4f55-45ce-9c64-865bf82ddcf9,M0026,2022-12-30,99,success,credit_card
f7800bbd-acb8-4ae0-8baf-b1fccf62a7b2,M0026,2023-01-29,99,success,bank_transfer
dae6a59b-1e52-4318-838a-808255da0bdd,M0026,2023-02-28,99,success,credit_card
1f9aaaf3-3f14-4f20-9c8f-59e5d4fce81e,M0026,2023-03-30,99,success,credit_card
75afa22e-6e1d-4531-97b0-71d8c3802442,M0026,2023-04-29,99,success,credit_card
aa93261b-926a-4d38-a003-ea5449095a52,M0026,2023-05-29,99,success,debit_card
d4246b10-b9bd-4020-9783-ba8fbe14c892,M0026,2023-06-28,99,success,debit_card
a1db9854-8f03-4e10-8d2a-cd2816fdcfce,M0026,2023-07-28,99,success,bank_transfer
ceb3640b-94e2-4e3d-b1a7-9fff87fc8ecd,M0026,2023-08-27,99,success,debit_card
d5bc3dd5-dc9b-4eda-98ef-4d69a61c6df0,M0026,2023-09-26,99,success,credit_card
f44d389d-b77c-46e4-9de6-7c1b012145c7,M0026,2023-10-26,99,success,credit_card
0bacc019-ca31-4509-acef-bf2956a2cddc,M0026,2023-11-25,99,success,bank_transfer
74016aac-a5c7-4406-8b43-905b4642d119,M0026,2023-12-25,99,success,credit_card
37e7e5dc-c9e2-4ca5-bc23-f3e311f0e6eb,M0026,2024-01-24,99,success,debit_card
9e44f507-3934-45af-9e9e-789e539ef703,M0026,2024-02-23,99,success,credit_card
9713d96e-8a09-488d-a81f-aed81c1f2995,M0026,2024-03-24,99,success,credit_card
ae49c06c-42ef-45c3-a604-9ca82fafcbd5,M0026,2024-04-23,99,success,debit_card
df80d4de-3049-4e07-924d-6d507b141ac7,M0026,2024-05-23,99,success,credit_card
1898a42e-742b-4766-8094-4a58be285b07,M0027,2022-07-02,29,success,bank_transfer
b766926b-1010-4e12-89ca-c2ce8cb77061,M0027,2022-08-01,29,success,bank_transfer
a2f6f9f5-c3fe-4b54-99d4-5014007691cc,M0027,2022-08-31,29,success,credit_card
00a2bb5b-b0e5-4256-9e2d-102cd14547fd,M0027,2022-09-30,29,success,debit_card
638ffe59-c7e5-4131-8586-7e40b8986e3c,M0027,2022-10-30,29,success,bank_transfer
40bc0e52-bfab-46c2-b1e6-88871c9ea616,M0027,2022-11-29,29,success,debit_card
14c571d3-94b8-4c14-aae6-993ac02f52b4,M0027,2022-12-29,29,success,credit_card
1d191e80-0a23-4f2d-9777-7faeb7cf6cee,M0027,2023-01-28,29,success,debit_card
34f59589-b87c-4941-998e-d2ffd10ac369,M0027,2023-02-27,29,success,credit_card
a0ad3560-416d-4f88-8053-436d26dcf1d9,M0027,2023-03-29,29,success,debit_card
6950ecab-bfcf-43ec-9eb2-cacfec141d02,M0027,2023-04-28,29,success,bank_transfer
4533ae8a-659d-4d27-bbef-52975b7ec075,M0027,2023-05-28,29,success,credit_card
9bbdf867-35e1-49ce-94e7-81f762ec1d40,M0027,2023-06-27,29,success,credit_card
a2ee1784-418a-46d5-9941-f10bb333a590,M0027,2023-07-27,29,success,credit_card
69918252-64c0-49f7-8b4e-449e28188d50,M0027,2023-08-26,29,success,credit_card
857b9965-5aaa-459a-9151-b58e46a5ac78,M0027,2023-09-25,29,success,credit_card
7aeeb2fb-885d-48d9-aea5-4b2223938b6b,M0027,2023-10-25,29,success,debit_card
811993d4-aa1e-46bb-a1fa-9d156887a82e,M0027,2023-11-24,29,success,bank_transfer
d53b1188-3ccc-402f-82a3-00141a1e1da4,M0027,2023-12-24,29,success,credit_card
208c8c7d-a39a-4ef0-80b9-dc04080f6bfd,M0027,2024-01-23,29,success,debit_card
32911265-8271-4fca-a96f-512fbde8f480,M0027,2024-02-22,29,success,credit_card
954af075-2419-4f30-96f4-98f016643111,M0027,2024-03-23,29,failed,credit_card
e668918d-be71-4ddf-ab53-8a7812c574fe,M0027,2024-04-22,29,success,bank_transfer
2f57f182-01fa-45cc-85d3-9674bbd06bd9,M0027,2024-05-22,29,success,credit_card
f77109c3-1cc8-4e40-816d-209c75567e66,M0028,2023-10-17,29,success,debit_card
b9242696-80e7-4092-a82f-72e81616885d,M0028,2023-11-16,29,success,debit_card
dd488138-0e9f-4b82-ba57-55294df259d7,M0028,2023-12-16,29,success,bank_transfer
0b19ab11-92bb-4ddb-956b-87792e532376,M0028,2024-01-15,29,success,bank_transfer
9d68c130-ee24-4ff0-a1df-5656c5ed0840,M0028,2024-02-14,29,success,credit_card
8a6fcaa3-000e-46d2-9155-230059eb94bb,M0028,2024-03-15,29,success,debit_card
45ba5403-4e4d-49aa-ae9a-4a006295c593,M0028,2024-04-14,29,success,credit_card
b3b55a00-25de-4fa1-89ac-82aa5bac1bd6,M0028,2024-05-14,29,success,debit_card
174a823f-a713-444f-a337-c679ca5bea61,M0029,2023-07-07,99,success,credit_card
aa2097cb-fad4-42da-9eac-2929ce17a715,M0029,2023-08-06,99,success,bank_transfer
7bdcaa6b-22c4-45c4-8e1d-bb0891ba2481,M0029,2023-09-05,99,success,bank_transfer
64d66b11-b0ae-474a-960b-857b494d0411,M0029,2023-10-05,99,success,debit_card
6102dc89-4729-407a-8bbf-0c14a95069eb,M0029,2023-11-04,99,success,debit_card
60efce51-de1f-4124-986a-2c764b4a2e84,M0029,2023-12-04,99,success,debit_card
4702fdcc-d8b3-40dd-9b6d-0ab200c42381,M0029,2024-01-03,99,success,debit_card
66a00ea2-5665-4dda-8d65-2cbf9aafdd0c,M0029,2024-02-02,99,success,bank_transfer
26534b9d-dd49-4d4a-99d6-162d9cf3dbd1,M0029,2024-03-03,99,success,bank_transfer
1ee74f69-0bef-44f0-8aa4-2580e05d1528,M0029,2024-04-02,99,success,debit_card
ab6ee4a2-aca4-4116-87fb-4e64205f21d8,M0029,2024-05-02,99,success,debit_card
35df7661-1253-4b9b-b73d-5a21c17cec9e,M0030,2022-11-28,29,success,debit_card
828e960f-1e6e-4de6-a35a-d4471611f07c,M0030,2022-12-28,29,success,bank_transfer
2ac6e955-8f68-4534-88a3-a2b09089fa0a,M0030,2023-01-27,29,success,debit_card
42b5a828-368f-4445-95cc-70625a947f5b,M0030,2023-02-26,29,success,credit_card
939f1fc4-5a78-45a1-90f4-2614533e982c,M0030,2023-03-28,29,success,credit_card
c4cbd6a2-d36c-4f85-84f9-0757e4bcf98d,M0030,2023-04-27,29,failed,debit_card
6c3e4b37-ad72-40e5-944d-1c072632feb2,M0030,2023-05-27,29,success,debit_card
3850bf0b-e2c9-4046-9326-f830ecd5ca19,M0030,2023-06-26,29,success,bank_transfer
b3b8f86d-7819-4c87-9d4a-8f9ed115cbf8,M0030,2023-07-26,29,success,credit_card
b47c48b8-4449-4102-808c-ef6700a5c594,M0030,2023-08-25,29,success,bank_transfer
0dce8e2a-e37b-4f8d-9839-8f653acd503f,M0030,2023-09-24,29,success,bank_transfer
fa585580-421a-40d6-b9e9-189ada60dc4e,M0030,2023-10-24,29,success,bank_transfer
c2091f9a-72de-47df-8ac0-1d8c11326b60,M0030,2023-11-23,29,success,credit_card
c71b2669-285a-4e57-80bd-bb17f9eabd7a,M0030,2023-12-23,29,success,debit_card
0c414ecf-9419-41d6-b3af-79e39d07df2c,M0030,2024-01-22,29,success,credit_card
7a7242cf-00aa-4899-ae2a-3294f0fb73eb,M0030,2024-02-21,29,success,bank_transfer
839cf8e4-ddf5-46e9-ab67-a37bd65fde20,M0030,2024-03-22,29,success,bank_transfer
82ee30a4-9653-47f2-b6ba-ec75ab950fef,M0030,2024-04-21,29,success,bank_transfer
4e92551e-729e-47df-9f65-5707b6d945ab,M0030,2024-05-21,29,failed,bank_transfer
e0d300c7-c016-46fa-aa63-d27b58c8c19a,M0031,2022-09-03,99,success,bank_transfer
49317b21-058f-4b0c-a42c-38ab2f864f14,M0031,2022-10-03,99,success,bank_transfer
67010ed7-24e0-424a-912b-21866c473d90,M0031,2022-11-02,99,success,debit_card
2011c323-351a-4822-8631-6115302fe669,M0031,2022-12-02,99,success,credit_card
826aa9b8-29e6-47ea-8424-72c9e0427d60,M0031,2023-01-01,99,success,credit_card
0920e01a-8628-46fd-8ff0-25f090df12cd,M0031,2023-01-31,99,success,bank_transfer
1904b8b6-fb02-4547-b539-306f98f6f294,M0031,2023-03-02,99,success,bank_transfer
1668f88d-36c9-435f-a81c-5fa1c534834b,M0031,2023-04-01,99,success,debit_card
ed23b741-abfe-47ce-b1de-7353d978c2d8,M0031,2023-05-01,99,success,credit_card
d5624f86-3c9e-408d-983a-30287e4e8b03,M0031,2023-05-31,99,success,debit_card
1237de3f-3803-43b9-8c15-65d6da791e53,M0031,2023-06-30,99,success,debit_card
6a744bd7-0c2c-473a-bc5f-231712e5b5f8,M0031,2023-07-30,99,success,credit_card
5ffaf683-613a-46de-b1fd-af9fe94af551,M0032,2023-05-13,99,success,credit_card
ffa94968-8ab9-4cb0-a513-54f66a8d68e6,M0032,2023-06-12,99,success,bank_transfer
b37bdcb0-b7e6-4d03-b205-b3992f5ad0c7,M0032,2023-07-12,99,success,credit_card
eed5e93d-f992-4471-bcd5-338e05a5420f,M0032,2023-08-11,99,success,bank_transfer
71ed90d4-7c67-46ac-b8a5-a25663ab4a76,M0032,2023-09-10,99,success,credit_card
7526c41e-5014-4e89-8de7-5e7a002a3cb7,M0032,2023-10-10,99,success,debit_card
dd648f17-3ce9-4ca1-bdf4-86feee1adff3,M0032,2023-11-09,99,success,credit_card
0bdaa6a8-76b0-4102-8a43-4e8653063d53,M0032,2023-12-09,99,success,debit_card
779cbf04-a6ce-42f0-8d52-0d83333dcb6b,M0032,2024-01-08,99,success,debit_card
152423a8-3808-417f-9689-89723794356a,M0032,2024-02-07,99,success,credit_card
4f6c2b71-d4d0-47bd-a652-ed56556b3d2a,M0032,2024-03-08,99,success,bank_transfer
acadb7db-ce0c-4e6e-8890-f9c4afbad366,M0032,2024-04-07,99,success,bank_transfer
75413486-93ca-4e2b-8bde-d2caf064cf47,M0032,2024-05-07,99,success,credit_card
15431db2-2355-4fb9-a08c-e21ebecbbfc3,M0033,2022-05-12,99,success,credit_card
49d0db59-011c-47ce-8d0a-ab4f1b3df318,M0033,2022-06-11,99,success,bank_transfer
d6aabf87-88d5-4a47-ad50-52a870d38054,M0033,2022-07-11,99,success,credit_card
92c76b42-58ec-4a94-9ded-e31291f97c75,M0033,2022-08-10,99,success,credit_card
69380be6-7fe9-4843-8823-93f6eaf2a67c,M0033,2022-09-09,99,success,bank_transfer
d03460fe-363c-4e5c-bdab-dfafd87660a4,M0033,2022-10-09,99,success,bank_transfer
08b81b58-345b-4e95-90cb-3124941026c1,M0033,2022-11-08,99,success,bank_transfer
891174eb-56e6-4141-ae2b-a6fbb014f2c5,M0033,2022-12-08,99,success,bank_transfer
f47bbca4-2ee4-4350-b98f-3c775aaa8dea,M0033,2023-01-07,99,success,bank_transfer
48b9e50f-9669-4801-8cd5-72f5ac7dfaaa,M0033,2023-02-06,99,success,debit_card
b9f2b0db-6e1f-4949-9691-1fb14578f003,M0033,2023-03-08,99,success,bank_transfer
aafbb862-9648-4352-8606-5d3f0062a4a2,M0033,2023-04-07,99,success,debit_card
18ad0324-f5e9-47ef-9b4f-af6c58717ec5,M0033,2023-05-07,99,success,credit_card
85d9623c-697a-485b-b8c8-652c86b53978,M0033,2023-06-06,99,success,credit_card
204f42bc-bae0-4823-b5ef-3d123e763f61,M0033,2023-07-06,99,success,bank_transfer
7c2b0342-a1c5-42ca-8ffc-fd20a484e92e,M0033,2023-08-05,99,success,debit_card
04f8f29a-1a27-46ee-8821-ff63bca91a35,M0033,2023-09-04,99,success,debit_card
8d50a1e3-7702-4633-962d-29afdb868426,M0033,2023-10-04,99,success,bank_transfer
29079d00-d700-4c9c-b22d-7ae19f82a973,M0033,2023-11-03,99,success,debit_card
171f5556-9ede-4d75-8f27-c63daa97fb97,M0033,2023-12-03,99,success,bank_transfer
f28a0742-c20a-42e7-bc15-8970e82d2ea9,M0033,2024-01-02,99,failed,debit_card
ab8387bd-a53f-43f3-85ac-0f79283c6a88,M0033,2024-02-01,99,success,debit_card
c8133d2d-a030-462f-8783-852ffb6afa36,M0033,2024-03-02,99,success,debit_card
b5c28b7a-bc8d-486c-b543-abe4649759e4,M0033,2024-04-01,99,success,debit_card
881af355-3286-4c29-90cc-56742af78365,M0033,2024-05-01,99,success,debit_card
67350193-5b16-401b-9245-d164482d1845,M0033,2024-05-31,99,success,debit_card
d2e1de6d-fc39-4df5-a649-1ade98481614,M0034,2023-06-25,29,success,bank_transfer
324f68c1-c4c4-4191-8177-0d9524b637d9,M0034,2023-07-25,29,success,bank_transfer
8ceedb3e-2a67-43d0-95af-041b80b098b4,M0034,2023-08-24,29,success,debit_card
43a0cf1c-9e24-4744-86ba-f04b7d3279b0,M0034,2023-09-23,29,success,credit_card
0f05a813-8cfc-4b04-b6f4-ea8f0f1f4add,M0034,2023-10-23,29,success,debit_card
f5b0d2f7-5415-47f0-ba8c-a339dc701517,M0034,2023-11-22,29,success,credit_card
c82babcc-d82c-4940-ab3f-9539437474aa,M0034,2023-12-22,29,success,credit_card
b7d895c3-5df0-46bd-9508-c3e93183fc3e,M0034,2024-01-21,29,success,credit_card
16c469ea-01ec-40a2-87bb-68e1f1f1392f,M0034,2024-02-20,29,success,bank_transfer
eae12d5f-20ce-4612-ac83-23d7541a998e,M0034,2024-03-21,29,success,credit_card
2cf8d8fe-bde6-4b15-9f91-1f01ef670ba8,M0034,2024-04-20,29,success,bank_transfer
6015c931-dbf0-4467-90c5-cb9e55ab4382,M0034,2024-05-20,29,success,bank_transfer
259b0501-c3cb-4f22-b596-19c1a7da2ec3,M0035,2023-12-08,29,success,bank_transfer
8af4bfa5-b107-4b5e-be16-805bad8dc562,M0035,2024-01-07,29,success,debit_card
852f71cb-f7d2-4d83-8795-187521e11ae5,M0035,2024-02-06,29,success,credit_card
f99f4737-acf0-4761-9e89-02215f5214f0,M0035,2024-03-07,29,success,credit_card
d3862420-153e-428f-ac35-d5da3a1b4012,M0035,2024-04-06,29,success,bank_transfer
46fc5eb8-66ff-4b85-80f6-3031f40c1b01,M0035,2024-05-06,29,success,bank_transfer
34d025a8-abc0-4794-bc12-954b811739b6,M0036,2023-01-18,59,success,bank_transfer
d5bdfd27-82d4-44c4-9b4b-59956c5b7270,M0036,2023-02-17,59,success,credit_card
f8683eb5-f5c4-43a2-92f4-351bc996f009,M0036,2023-03-19,59,success,debit_card
4b1acaef-7d97-4bbe-982e-15f21b4c50cb,M0036,2023-04-18,59,success,debit_card
e50deb0b-cdf1-4a31-8b58-c067ff182238,M0036,2023-05-18,59,success,debit_card
7071c497-f58d-4195-bcd4-5c4d9489beef,M0036,2023-06-17,59,failed,credit_card
96cb1490-0fb4-4211-8702-6f4eb2e35c86,M0036,2023-07-17,59,success,bank_transfer
37fb4da6-f220-41ee-937e-bfbce98ebb1d,M0036,2023-08-16,59,success,debit_card
1f9338fe-33d6-4531-a14c-773eddef70ae,M0036,2023-09-15,59,success,credit_card
67a0e201-f728-4f73-bc98-eb1ddfe4c319,M0036,2023-10-15,59,success,bank_transfer
20950735-6d16-4025-8e43-f02bc6fe539e,M0036,2023-11-14,59,success,credit_card
3f6989c5-36c1-4fa2-af75-acebb355f82f,M0036,2023-12-14,59,success,credit_card
e0336b7f-ca78-459e-8b92-69256b6226cf,M0036,2024-01-13,59,success,debit_card
20f2f1da-ea5f-4939-b8d8-bfbd43b65ca7,M0036,2024-02-12,59,success,bank_transfer
494b952b-7942-42a5-bf0b-d2a382f22a49,M0036,2024-03-13,59,success,bank_transfer
a72dbb72-910a-4c7c-83a0-1111bac11e4e,M0036,2024-04-12,59,success,credit_card
8f1b5c01-af6f-4cf5-9c0e-3252df442a91,M0036,2024-05-12,59,success,debit_card
d60fc749-716f-4eb4-bf86-7c4c220acc4d,M0037,2022-08-19,59,success,debit_card
5c3ea187-a431-454f-ab2d-db9aeca7f82c,M0037,2022-09-18,59,success,debit_card
9c26580b-e106-46a8-acf0-168d02350157,M0037,2022-10-18,59,success,credit_card
287b4ce5-e6d6-4701-aaa0-547e427fbe12,M0038,2022-08-14,29,success,bank_transfer
ba8c4cdf-ee14-46f4-9414-209d0b4e431b,M0038,2022-09-13,29,success,bank_transfer
845a2dd4-8ffa-420a-9b36-2791261787ea,M0038,2022-10-13,29,success,credit_card
38a0a813-260e-4a12-8573-40679f34da45,M0038,2022-11-12,29,success,bank_transfer
ce5c6048-fc4e-41d0-8841-b89ad35a8449,M0038,2022-12-12,29,success,bank_transfer
ba7fceec-1bc1-42fb-b9e0-cd92a80283c1,M0038,2023-01-11,29,success,credit_card
6d56e248-ce23-46d2-82b2-df6b6ba83caa,M0038,2023-02-10,29,success,bank_transfer
74070dd8-e513-4e06-a8e5-f9b77c0d0c1a,M0038,2023-03-12,29,success,bank_transfer
b5b93cfc-db84-4bd0-8e4b-9a97778b112e,M0038,2023-04-11,29,success,debit_card
80ea7b6c-416c-496b-a3f5-e0feb668b721,M0038,2023-05-11,29,success,credit_card
f5600f54-a019-48cf-a0f2-92120e0b7059,M0038,2023-06-10,29,success,credit_card
11f51081-b60d-4833-8bad-6ee37e0185a2,M0038,2023-07-10,29,success,bank_transfer
45dfc3c9-a0e0-45ca-9cfb-6f279acdaff7,M0038,2023-08-09,29,success,bank_transfer
38210b38-9478-4aed-92ce-ddb0c8c80e40,M0039,2022-12-05,29,success,bank_transfer
3ea62ccf-168f-469b-a3cf-89666401eaee,M0039,2023-01-04,29,success,bank_transfer
9fe824ee-5571-4983-8c87-ab84fb38b470,M0039,2023-02-03,29,success,debit_card
8f7a2172-6088-404b-834b-4dbd0d2f0ac9,M0039,2023-03-05,29,success,credit_card
418c5eca-80ce-4e24-a60b-fed1f46694b9,M0039,2023-04-04,29,success,credit_card
a4210f25-b50a-420a-b306-bc845d8975fa,M0039,2023-05-04,29,success,debit_card
c97d534a-9fd9-49f1-b4af-ab3a8b6f0bf1,M0039,2023-06-03,29,success,bank_transfer
64b021b3-129b-4560-8315-bdfd428bb907,M0040,2023-07-07,59,success,bank_transfer
b9176537-273b-47eb-91a5-d48eec8d92d6,M0040,2023-08-06,59,success,bank_transfer
24c2257b-83ef-470f-ae2b-c510cbb7c97d,M0040,2023-09-05,59,success,bank_transfer
ff98d492-0dfe-4e07-a39d-6252768f8a86,M0040,2023-10-05,59,success,credit_card
df519797-ad93-4350-9125-4037fc35994b,M0040,2023-11-04,59,success,bank_transfer
3089c638-74d6-4e9a-a45b-4c76131f6b8b,M0040,2023-12-04,59,success,debit_card
badaa202-5f94-4c83-8b99-e5bcbdde3b73,M0040,2024-01-03,59,success,bank_transfer
eafbfde0-8610-495d-808c-691b7783b5b9,M0040,2024-02-02,59,success,credit_card
38006328-c73a-4b8b-82ef-20c3c8555c2b,M0040,2024-03-03,59,success,bank_transfer
e13e5c4b-ce1d-4f88-88ec-1e6e80d95439,M0040,2024-04-02,59,success,debit_card
57d13f54-5977-438f-bde4-883e1ab7a0fa,M0040,2024-05-02,59,success,credit_card
47c18649-22c0-422b-8e17-8907878518d2,M0041,2023-02-21,59,success,bank_transfer
c0de07be-04a8-4850-83d5-9e10ac534d1b,M0041,2023-03-23,59,success,credit_card
03b807a3-b074-4261-aa7b-c1dc456762d0,M0041,2023-04-22,59,success,bank_transfer
47b92928-b71e-4c8b-b553-0621253efa26,M0041,2023-05-22,59,success,debit_card
3ac5436d-b645-43ef-97b9-2e3bad0e498e,M0042,2023-02-25,59,success,debit_card
3de5e731-9f17-4af4-add5-afa4d72875e6,M0042,2023-03-27,59,success,debit_card
605b4a71-ec63-4c7b-aa2c-c4a30f064bd4,M0042,2023-04-26,59,success,debit_card
98a2fdf3-e7df-4fde-8e6a-bd554267681f,M0042,2023-05-26,59,success,debit_card
1c351ffd-0b93-4d05-ac2e-a36bdc260661,M0042,2023-06-25,59,success,debit_card
e45a9dbe-ca7f-4fed-8952-fb7fe6a7de6c,M0042,2023-07-25,59,success,bank_transfer
a6ebb9dc-dc1c-476b-a0ce-f0ef63f694b8,M0042,2023-08-24,59,success,bank_transfer
dfbd3a09-f469-436d-9f52-90b3686a5554,M0042,2023-09-23,59,success,debit_card
b495cd01-576e-46b6-b561-1b9c2d393efd,M0042,2023-10-23,59,success,debit_card
4305b022-67eb-42a7-afe7-d7378528a113,M0042,2023-11-22,59,success,credit_card
2e02d176-4932-4c12-8f54-831dcbb4a4e5,M0042,2023-12-22,59,success,debit_card
b1328b4a-cce2-4df0-b617-64f98b456077,M0042,2024-01-21,59,success,credit_card
0bf9a824-001b-4123-a62b-7a35a9c7e7ce,M0042,2024-02-20,59,success,debit_card
b9f141de-4b51-4cc0-b984-7f7d641da90f,M0042,2024-03-21,59,success,debit_card
675f67c0-4572-4530-ba5f-8ca08da132a1,M0042,2024-04-20,59,success,bank_transfer
cad7713f-8610-4090-aeba-7af7118a94ec,M0042,2024-05-20,59,success,credit_card
f10b8744-8885-4d13-94fe-1cb91ee1b411,M0043,2023-10-24,59,success,bank_transfer
56cd956b-c430-46e4-9553-493511ca2cdf,M0043,2023-11-23,59,success,debit_card
0ae6f069-d5f2-4d73-ad8e-3462c76aafff,M0043,2023-12-23,59,success,debit_card
886385c2-708c-4af5-8d50-c027cfaf89cc,M0043,2024-01-22,59,success,credit_card
fb3758c0-b96b-459d-aad5-e2c5fdbf614b,M0043,2024-02-21,59,success,credit_card
2638089d-85aa-44e9-830a-ff2bd651980a,M0043,2024-03-22,59,success,debit_card
3d9415a2-b5a3-45c9-a441-4ee5664a94af,M0043,2024-04-21,59,success,bank_transfer
e2f72370-3f42-4a09-b74d-47cb167a9473,M0043,2024-05-21,59,success,credit_card
93a972bd-d029-48c3-a25b-5d4a45f2a350,M0044,2022-07-16,29,success,credit_card
e7905db2-8b35-4233-a8cb-cc17f6142e20,M0044,2022-08-15,29,success,bank_transfer
f722517f-de38-4646-aaeb-8619f5a6cb36,M0044,2022-09-14,29,success,credit_card
ae6aff70-c628-42d6-af76-0cf794af0c45,M0044,2022-10-14,29,success,bank_transfer
e9fd917d-673e-4f72-ad0f-5bc949f741fc,M0044,2022-11-13,29,success,credit_card
0e01dd49-e5ab-4572-baec-2433031bb250,M0044,2022-12-13,29,success,credit_card
5b9cc85b-661b-45db-a4c3-29fb1acab39a,M0044,2023-01-12,29,success,credit_card
91675456-dcd0-46f6-a512-1c81b42278e4,M0044,2023-02-11,29,success,credit_card
2477ac05-06ef-430e-8acf-d4c5c2197619,M0044,2023-03-13,29,success,bank_transfer
5bd1d9f9-8366-49d3-ab29-eb8d901cfd96,M0044,2023-04-12,29,success,debit_card
feba3b24-2c95-4299-89fe-9eb45d4849e4,M0045,2023-04-19,29,success,bank_transfer
c22b6895-9f4a-4eb1-b44c-3152d6ea58b5,M0045,2023-05-19,29,success,credit_card
b7ab00a9-0a71-4deb-b682-2491b86a2326,M0045,2023-06-18,29,success,credit_card
eb53840b-cd0c-45fe-8aa7-054464e966d0,M0045,2023-07-18,29,success,bank_transfer
199df744-2b20-4f96-8e6d-aab8d4cd868c,M0046,2022-02-21,59,success,debit_card
297c3304-5f40-477b-85b9-e94feffb5ab7,M0046,2022-03-23,59,success,debit_card
33d44b97-960a-45eb-a8d4-6aec4d7ae589,M0046,2022-04-22,59,success,debit_card
6d9c37e4-09bc-4edc-ba44-f7c3547b899c,M0046,2022-05-22,59,success,bank_transfer
56c714a4-2f65-429f-92b3-42bf2c6b298b,M0046,2022-06-21,59,success,credit_card
22672101-d8ea-4024-9086-0115110842a5,M0046,2022-07-21,59,success,credit_card
ac57e11b-ec92-4a91-a0e4-e48517c5729b,M0046,2022-08-20,59,success,credit_card
32a1766f-76b3-4850-b25a-d62896f2ad50,M0046,2022-09-19,59,success,bank_transfer
aa94bdda-bf82-4b5d-a8a4-d6e097962f5e,M0046,2022-10-19,59,success,credit_card
f139714d-95e3-4626-99b8-9d8bb157eba8,M0046,2022-11-18,59,success,debit_card
51a67a67-876f-42f8-8128-32b674bc098a,M0046,2022-12-18,59,success,bank_transfer
5762e1d5-ec87-4514-a911-9edb7c225538,M0046,2023-01-17,59,failed,credit_card
d7ac31ad-81d1-40fb-889d-40263c573b6c,M0046,2023-02-16,59,success,bank_transfer
5cb7eee1-4ba9-4408-bb2e-7d13a812adda,M0046,2023-03-18,59,success,credit_card
79b3ef91-bd5f-4c46-8c75-cee77caaaac6,M0046,2023-04-17,59,success,debit_card
5560fb6f-da7b-4a17-82e3-88dd544d7df9,M0046,2023-05-17,59,success,bank_transfer
1a302941-928d-42b6-9d57-6a62e234ec89,M0046,2023-06-16,59,success,debit_card
47ee1bf4-c9f8-474b-92ce-48300b39dc7c,M0046,2023-07-16,59,success,debit_card
aedfbd02-64f9-45da-a065-c0797419732d,M0046,2023-08-15,59,success,credit_card
79ebf17d-0709-4da6-a779-b85fbed8443d,M0046,2023-09-14,59,success,bank_transfer
6acd8496-41b9-40b9-bba1-985d83ebc96d,M0046,2023-10-14,59,success,bank_transfer
f0461d1b-cfbd-4dde-be67-08439e345512,M0046,2023-11-13,59,success,credit_card
9c5abd57-293f-4aad-90fa-a58040bc5494,M0046,2023-12-13,59,failed,bank_transfer
62bf0d3f-a10e-452e-b3e4-31cd4375f08b,M0046,2024-01-12,59,success,debit_card
91dff890-0334-42dc-b615-4ddeb91e064e,M0046,2024-02-11,59,success,bank_transfer
be6a3fb4-b167-484d-9446-9935c2f1fa22,M0046,2024-03-12,59,success,debit_card
9351d98e-de44-48e0-83be-e0e4e3f91561,M0046,2024-04-11,59,success,debit_card
d894c6af-6d74-4724-9726-8a902a238046,M0046,2024-05-11,59,success,debit_card
482581ef-67e6-4f83-8491-987496a50187,M0047,2022-08-31,29,success,debit_card
c6a80dd1-b330-40a9-8e43-f86023033842,M0047,2022-09-30,29,success,bank_transfer
97c14863-6bd2-419c-95ee-88d314fb779d,M0047,2022-10-30,29,success,bank_transfer
c5ffcd14-df61-4b0c-bfe0-7ed7004bcab2,M0047,2022-11-29,29,success,credit_card
142731be-2eda-4078-a575-570b49b7337e,M0047,2022-12-29,29,success,credit_card
6d3e1f4f-228b-4a22-add9-5dde7e380dcd,M0047,2023-01-28,29,success,bank_transfer
9177bdf2-42d7-4852-93b4-0c64901327f2,M0047,2023-02-27,29,success,debit_card
abc84afc-0976-4989-a2c8-e33a4a84a552,M0047,2023-03-29,29,success,bank_transfer
a5fa219b-6ebf-42a5-aef0-982486d10f8e,M0047,2023-04-28,29,failed,debit_card
a9183478-cf4a-4fab-a2ca-245accc09784,M0047,2023-05-28,29,success,debit_card
a44600ad-8058-4bc4-9796-239b7fd9be36,M0047,2023-06-27,29,success,debit_card
09369e50-f1c0-4f8d-a868-54e68f75f09e,M0048,2022-06-18,99,success,credit_card
0276d6d6-554e-47ae-868a-947fd5053468,M0048,2022-07-18,99,success,bank_transfer
ed811aad-7f0f-4ad0-bad1-b9c43e418bc2,M0048,2022-08-17,99,success,debit_card
c588e6eb-1f69-4adb-a3fa-f209a5798d1c,M0048,2022-09-16,99,success,credit_card
e3de6abc-97df-4a80-b355-a511237c65e0,M0048,2022-10-16,99,success,bank_transfer
db540c40-67d2-4144-9eec-34e34a63ae4e,M0048,2022-11-15,99,success,bank_transfer
14430e04-c945-4ecc-a958-0e233651bcd8,M0048,2022-12-15,99,success,debit_card
55b93ea3-cc0e-4409-b34a-77dedae81a3d,M0048,2023-01-14,99,success,bank_transfer
02b0690d-1dbe-4466-b928-695a6a5caea5,M0048,2023-02-13,99,success,credit_card
d204b4ed-84de-4d04-bc98-7a18b1283f70,M0048,2023-03-15,99,success,debit_card
c74a55fb-ee40-4445-89a4-f3a04e52e10f,M0048,2023-04-14,99,success,debit_card
22e641dd-bf76-4996-a1f7-1d85cd0a34ca,M0048,2023-05-14,99,success,bank_transfer
d9200276-79b1-4617-8583-b4b0278f7dee,M0048,2023-06-13,99,success,credit_card
dfe49f26-e395-43fb-b121-48ab0afdb06d,M0048,2023-07-13,99,success,debit_card
ea7d31d4-4c09-402c-82e8-786338e077b4,M0048,2023-08-12,99,success,credit_card
d8459f55-e5ad-460e-a320-73b2c97552ee,M0048,2023-09-11,99,success,bank_transfer
bb031717-9ddf-43d4-be9c-e6aff0f65d77,M0048,2023-10-11,99,success,debit_card
f5bde00a-6864-415c-8f37-edb4539eb51d,M0048,2023-11-10,99,success,debit_card
2317becc-828b-4e72-93e4-af0611804358,M0048,2023-12-10,99,success,bank_transfer
2630a61c-1928-459d-8f99-904b076dd395,M0048,2024-01-09,99,success,credit_card
33c40da8-0e74-49f6-a52e-c4d95728addb,M0048,2024-02-08,99,success,bank_transfer
70c1bceb-5d5a-4634-b544-6fc5a1682b09,M0048,2024-03-09,99,success,bank_transfer
e44e6c75-24a4-401c-a6d5-6e5a586157e9,M0048,2024-04-08,99,success,credit_card
173f77d5-19c5-4ce3-93f6-da379ae3e7c3,M0048,2024-05-08,99,success,bank_transfer
8504449e-8297-4eac-9441-1317d2169cde,M0049,2022-10-20,99,success,debit_card
edec49f6-fdda-44dc-badd-b533a8abebbe,M0049,2022-11-19,99,success,credit_card
40722da4-a95e-41f6-870e-86d7aea7be33,M0049,2022-12-19,99,success,credit_card
f34f5b09-861e-48d0-b9e4-eb8a870bf79b,M0049,2023-01-18,99,success,bank_transfer
70f21fe3-3b10-49ee-bf2b-3c460a0f802e,M0049,2023-02-17,99,success,debit_card
506440b6-3900-46c8-9626-6847a3f00c96,M0049,2023-03-19,99,success,bank_transfer
f638a76f-589e-4739-9091-ec1c2df747bb,M0049,2023-04-18,99,success,credit_card
11779252-f441-45b9-bd5d-1bcfdcf4bcdd,M0049,2023-05-18,99,success,bank_transfer
6eb73137-242b-46b3-a488-d2980d477d14,M0049,2023-06-17,99,success,debit_card
c8cbff66-7835-40c7-a8fb-f3ab7d541ca4,M0049,2023-07-17,99,success,credit_card
48df1a78-52e3-4db4-b01b-62ea753d282c,M0049,2023-08-16,99,success,credit_card
a2e8a813-892f-4e8b-b443-80e5e08617f0,M0049,2023-09-15,99,success,credit_card
f846b676-9e95-4120-9342-96fd588156a9,M0049,2023-10-15,99,success,credit_card
0f35f260-e6c6-468c-90df-f8044eca477f,M0049,2023-11-14,99,success,credit_card
c021e768-75d4-4cac-a487-72ccb18e2426,M0049,2023-12-14,99,success,debit_card
551c0f5c-37d4-49e3-a378-ca3940936342,M0049,2024-01-13,99,success,debit_card
59a18599-04bb-4005-a8ce-358f25fe2b60,M0049,2024-02-12,99,success,debit_card
04737c9e-b3ef-45c7-b5ff-95ec229e6d05,M0049,2024-03-13,99,success,credit_card
c300db7a-59cf-4499-8e46-6f610c3802f4,M0049,2024-04-12,99,success,bank_transfer
cd45c8c8-703c-4669-a2d1-cedd0310e678,M0049,2024-05-12,99,success,credit_card
512cce61-2207-4f2f-8117-68279389ce02,M0050,2023-05-14,29,success,bank_transfer
8e55f94c-93cf-4847-a250-4e1599873abd,M0050,2023-06-13,29,success,bank_transfer
07932fa2-bf6d-4f95-86a6-ba29818fe49d,M0050,2023-07-13,29,failed,bank_transfer
0c04f964-ad1b-4da9-85ab-8887cf360c60,M0050,2023-08-12,29,success,bank_transfer
1f5f1c9e-340d-49f6-9337-080447038ce4,M0050,2023-09-11,29,success,debit_card
3a632cab-9b24-465b-91c1-3261dc506f4e,M0050,2023-10-11,29,success,debit_card
98b50ceb-b5b4-455d-aa27-e76a976088e4,M0050,2023-11-10,29,success,debit_card
f16588c9-cb91-4ac8-b4e2-4c9969eaec95,M0050,2023-12-10,29,success,credit_card
91fed211-0340-407f-8503-7b7ffdbd776d,M0051,2023-07-10,29,success,debit_card
e620fa9f-c462-493d-85fe-8a3389cff873,M0051,2023-08-09,29,success,bank_transfer
c8358661-fad4-4b1f-afbb-dac0046ade15,M0051,2023-09-08,29,success,debit_card
489c2645-ebdf-43b7-9fef-b813c2916f01,M0051,2023-10-08,29,success,bank_transfer
7e5fce6d-926c-49f8-8fe9-c718ebfa7985,M0051,2023-11-07,29,success,debit_card
bcdb7b21-f52a-4fcf-9092-5ce05d7aa8aa,M0051,2023-12-07,29,success,debit_card
5182f8ed-faec-40c3-ae95-4cc4ee77d683,M0051,2024-01-06,29,success,credit_card
55145546-68ef-4a35-95f8-2bc29886990a,M0051,2024-02-05,29,success,debit_card
0d4a87f4-438c-4f3c-a33f-a9ba3403cdc9,M0052,2023-05-30,59,failed,credit_card
d714c916-b8bd-4639-bff0-4f092823f9ec,M0052,2023-06-29,59,success,credit_card
4e2c7ed2-78ca-4bb8-a36a-da87364192e3,M0052,2023-07-29,59,success,credit_card
fcb95b72-9df8-49a0-b55d-ba400c2c157f,M0052,2023-08-28,59,success,credit_card
1482ede1-4119-474d-9135-876d6b711605,M0052,2023-09-27,59,success,bank_transfer
bc7da5ed-5c7a-42cf-8198-d53d3cabb989,M0052,2023-10-27,59,success,credit_card
a83baf0e-2a20-4948-a4bc-43e6094b9ca1,M0052,2023-11-26,59,success,bank_transfer
b279e9b5-312e-4591-8101-6d2964c2a5aa,M0052,2023-12-26,59,success,bank_transfer
e30c7f21-9d36-4ec8-9887-84391338b689,M0052,2024-01-25,59,success,bank_transfer
7b047258-2b8d-4a19-8d94-ce4023a1aac1,M0052,2024-02-24,59,success,bank_transfer
019f9987-7b89-482e-96a3-afcc6399f328,M0052,2024-03-25,59,success,credit_card
e408e32e-0862-4a35-bb80-68ab292fe747,M0052,2024-04-24,59,success,credit_card
bddbd5fb-c0c0-42a9-89ab-796da84c001c,M0052,2024-05-24,59,success,debit_card
e3afaab3-540d-4fd6-a592-ba00f06a3331,M0053,2022-03-24,29,success,debit_card
bc1c9866-aff8-4e82-a923-ef64c2bcc4b5,M0053,2022-04-23,29,success,credit_card
988d66aa-d964-4285-93ad-13b6043d4f31,M0053,2022-05-23,29,success,bank_transfer
35bc99b3-d468-4447-9b9d-e84486786401,M0053,2022-06-22,29,success,debit_card
bbc8f91c-279e-4f11-9371-64893de96fc9,M0053,2022-07-22,29,success,credit_card
0c5f62c0-066e-4ca3-ac74-3bd960ed671c,M0053,2022-08-21,29,success,debit_card
a06ec076-fc9c-4ce6-a0e1-f3b204b94b22,M0053,2022-09-20,29,success,bank_transfer
431ab9d7-48f7-4403-aee8-0bf0528fc108,M0053,2022-10-20,29,success,credit_card
a9eca365-fbe8-4bd6-924e-91eb84f29566,M0053,2022-11-19,29,success,bank_transfer
6034cd23-f7fc-4316-8695-815b5323f9eb,M0053,2022-12-19,29,success,credit_card
95c1518b-1456-48d5-b7ba-54b6012c1626,M0053,2023-01-18,29,success,debit_card
d9d816f0-88f2-4fb2-97ef-ce95a7383d21,M0053,2023-02-17,29,success,credit_card
391e5c0a-43f1-47d9-953f-eb530a5c9d3c,M0053,2023-03-19,29,success,bank_transfer
c707ab1e-83c9-4b2e-b8cc-2109a17647e0,M0053,2023-04-18,29,success,debit_card
6dcb31b7-3743-4e23-8d98-028e621042de,M0053,2023-05-18,29,success,debit_card
2eb53eec-a3b5-4653-81b4-9d63c3fa2ec8,M0053,2023-06-17,29,success,bank_transfer
6f9790c7-f279-46ff-bac2-6eef09329192,M0053,2023-07-17,29,success,credit_card
d409ab7e-38bb-4179-a249-9c751af8dbdc,M0053,2023-08-16,29,success,debit_card
daa0c17d-33ea-4011-88c8-67a546fbab4d,M0053,2023-09-15,29,success,credit_card
21799073-bfed-454a-a190-5eae1894d65e,M0053,2023-10-15,29,failed,credit_card
e949d211-3fb1-4809-8702-013a51904a92,M0053,2023-11-14,29,success,bank_transfer
ad6167c0-5abe-4647-99fb-24c94a994730,M0053,2023-12-14,29,success,credit_card
40d57e45-2bd0-44de-ab67-75501e9cec40,M0053,2024-01-13,29,success,bank_transfer
af6fbadf-b266-42ee-8c73-69b7b6c4ac6f,M0053,2024-02-12,29,success,bank_transfer
cbb2a39d-4d5e-4dce-983e-17aa9a9346d8,M0053,2024-03-13,29,success,debit_card
1ae37419-639e-4208-ba73-8c0213339126,M0053,2024-04-12,29,success,debit_card
38f88e84-5885-4a94-aab1-fc655b1ab20e,M0053,2024-05-12,29,success,debit_card
688c0e54-c492-4bbd-8601-e1e7555929c2,M0054,2022-08-29,99,success,credit_card
87a4f9ca-2f1a-4806-8dd3-ad83f79d6676,M0054,2022-09-28,99,success,credit_card
044040b1-5085-425e-9d75-380c9ee8d837,M0054,2022-10-28,99,success,debit_card
811d5f78-2e9d-4e43-a9d4-2156a4266d67,M0054,2022-11-27,99,success,bank_transfer
53aa1268-a999-47a8-824b-aecb516767e6,M0054,2022-12-27,99,success,bank_transfer
4d5b5372-93ae-4170-9c96-2e7dcb88f0ba,M0054,2023-01-26,99,success,credit_card
bebcbe5a-f69e-4d61-9335-58f1ca25bac4,M0054,2023-02-25,99,failed,credit_card
4825cd64-d621-4a4f-9a86-c88fa8dfa258,M0054,2023-03-27,99,success,credit_card
b5efa2a4-42e0-4e45-914d-e33a5c39a6a2,M0054,2023-04-26,99,success,debit_card
80e87c85-7937-4a7d-b2d2-077542152756,M0054,2023-05-26,99,success,debit_card
a01b5186-e45a-43c6-8652-19d083d6f81b,M0054,2023-06-25,99,success,credit_card
1216a6e1-5e35-4024-8ab9-f657bbbed433,M0054,2023-07-25,99,success,debit_card
2aa69e40-3fc8-481f-8d96-b6208a85c963,M0054,2023-08-24,99,success,debit_card
a65b146c-2c65-4d6f-ad21-7ff58adc98f0,M0054,2023-09-23,99,success,debit_card
40cdb6b3-0b01-4f18-bde2-b4c52031abe1,M0054,2023-10-23,99,success,debit_card
a20f8594-ed85-418d-b41c-8c4d7a4a292b,M0054,2023-11-22,99,success,debit_card
0cbf82b0-2072-42b0-8054-9e052e0aef88,M0054,2023-12-22,99,success,bank_transfer
7c562c15-807b-41a0-bb71-ce2c22ecc0d6,M0054,2024-01-21,99,success,credit_card
38be2abe-4e63-426f-aac2-0f7ae00684a4,M0054,2024-02-20,99,success,bank_transfer
99540ba9-8601-42a1-94f0-ed8b57ab06d2,M0054,2024-03-21,99,success,credit_card
0b7f4e47-ee8a-4c36-bbff-77f16601aebe,M0054,2024-04-20,99,success,bank_transfer
785e9207-8c74-4e16-b0d8-461eda3fdf2f,M0054,2024-05-20,99,success,bank_transfer
9c6e8f94-3867-416e-8765-e7ceca56a054,M0055,2023-08-16,59,success,credit_card
5fbf034a-bfe3-4e7f-a4cc-27693956f28b,M0055,2023-09-15,59,success,debit_card
b78a4371-56c5-4970-817d-d332907cf4e0,M0055,2023-10-15,59,success,bank_transfer
7d00d69e-a2ac-4c7f-917a-dac5175024a1,M0055,2023-11-14,59,success,bank_transfer
0ee6eb65-b4d2-47ec-a026-3995c4d41deb,M0055,2023-12-14,59,success,credit_card
7c3f0e52-0a08-48ac-9dfe-c8e27d9d5434,M0055,2024-01-13,59,success,debit_card
a4f3a54f-8410-406e-a886-80561845b7d5,M0055,2024-02-12,59,success,debit_card
e529d547-1944-4f7f-b7d6-7ba2e0720712,M0055,2024-03-13,59,success,credit_card
f1ef3ede-ee7f-4421-8906-3e2ca03613cc,M0055,2024-04-12,59,success,debit_card
81ee37f9-a350-4a0b-9cd3-778006c0b3a8,M0055,2024-05-12,59,failed,bank_transfer
605b368b-01c5-4f6a-b4db-37ee33f82398,M0056,2023-08-21,29,success,bank_transfer
793bbd24-7618-4ab5-b494-177bcb6ef26a,M0056,2023-09-20,29,success,bank_transfer
86abc158-b173-4a3c-ab47-bbfd84e467ed,M0056,2023-10-20,29,success,bank_transfer
e5a70660-a42a-4b8e-87b6-46ee987cc2eb,M0056,2023-11-19,29,success,bank_transfer
eaa55e09-c9e7-491e-8484-289be9c2ac33,M0056,2023-12-19,29,success,bank_transfer
c395b830-1ed8-4dbc-be4e-34060335ee9d,M0056,2024-01-18,29,success,debit_card
f509fefc-d790-49b6-9028-627e6b8958f7,M0056,2024-02-17,29,success,credit_card
dd7c11d0-493c-4f48-880c-c1520f35a66c,M0056,2024-03-18,29,success,bank_transfer
34252da2-a9bd-4515-a562-9b6e584f2cd1,M0056,2024-04-17,29,success,debit_card
c3fcbad2-0bec-45ce-b2c3-893f4a369047,M0056,2024-05-17,29,success,bank_transfer
3cedb389-0f7d-454c-b450-507265bf9861,M0057,2023-11-17,29,success,bank_transfer
ebda944b-aad9-4a44-a642-4cfd5d6c9ded,M0057,2023-12-17,29,success,bank_transfer
46e19419-f55e-4a1e-b660-b15e47b50be9,M0057,2024-01-16,29,success,bank_transfer
fcdcc161-4961-4223-aa2d-cec1544de5fc,M0057,2024-02-15,29,success,debit_card
70eaa580-089d-4bf8-a6d2-04a7f4fa09d0,M0057,2024-03-16,29,success,credit_card
2dcba998-e497-4550-a1c0-b29359b35116,M0057,2024-04-15,29,success,debit_card
2d0cfa38-4122-4421-afd2-093cd07938de,M0057,2024-05-15,29,success,debit_card
584ba44c-b487-4297-a8fc-31a01d75e33c,M0058,2023-11-19,29,success,credit_card
c4fa4d9a-985e-4c54-94eb-fed60aceb11d,M0058,2023-12-19,29,success,debit_card
4c92fffa-8019-4989-b13e-81149194ef9f,M0058,2024-01-18,29,success,credit_card
a9e2303b-a4f7-4383-b363-5751329ea3a3,M0058,2024-02-17,29,success,debit_card
b0ee331d-b031-403a-9e64-e0a2981f7960,M0058,2024-03-18,29,success,debit_card
cec706bb-61e6-4ede-88da-6b9a957ef7c7,M0058,2024-04-17,29,success,debit_card
f3c8015b-dfe0-49ce-b05b-42d93975927c,M0058,2024-05-17,29,success,credit_card
a75c28de-b9dc-4583-b7df-38b5b2351573,M0059,2023-04-15,59,success,bank_transfer
48464a60-e357-4747-9227-c76736c9f27b,M0059,2023-05-15,59,success,credit_card
a4a3c14d-0445-4894-91ee-5cbb9c08cb04,M0059,2023-06-14,59,success,credit_card
a048e26a-839c-4ac2-949c-58d1735f7b3d,M0059,2023-07-14,59,success,credit_card
cf167ed8-b832-48d6-a31a-3a102afa7136,M0059,2023-08-13,59,success,bank_transfer
5d1e89f0-762f-4303-ad51-3b8b01a636d5,M0059,2023-09-12,59,success,bank_transfer
6c3a84c0-34fd-4d91-b003-1a951a2f00a9,M0059,2023-10-12,59,success,bank_transfer
7e0a143d-dcd4-472f-ba71-4d5f6e0b1b38,M0059,2023-11-11,59,success,bank_transfer
65e1edc9-5cd8-4182-8cf1-2876320e8525,M0059,2023-12-11,59,success,debit_card
8277bf8a-92cc-425a-b8fe-2f527e5c9fe1,M0059,2024-01-10,59,success,credit_card
2c7c657c-6ec5-4d5a-bb20-e0523e1034e1,M0059,2024-02-09,59,success,debit_card
0e67b74a-1ffb-43cc-a519-28739e15f13d,M0059,2024-03-10,59,success,bank_transfer
08af0400-35c3-488b-acbb-4c7a6c7bbc46,M0059,2024-04-09,59,success,bank_transfer
9210164c-461b-44c0-8fc2-615b1b763929,M0059,2024-05-09,59,success,bank_transfer
e760f3e5-d6a0-487e-bd10-a925f6637109,M0060,2023-07-05,29,success,credit_card
587694c8-dcc4-4413-83dc-1bdd20b307e5,M0060,2023-08-04,29,success,credit_card
8b863fdf-b4fe-4c4a-9215-59b1ccff7bb8,M0060,2023-09-03,29,failed,debit_card
9f38803f-4842-447d-94cc-2634bc617274,M0060,2023-10-03,29,success,debit_card
5556841e-59f2-4b71-8c90-51f293c4cc3e,M0060,2023-11-02,29,success,debit_card
b70146b0-50b8-4377-b492-30f89a0f93df,M0060,2023-12-02,29,success,credit_card
0ee1c1ef-7aa2-47b8-a6f6-1a2080a9f2d4,M0060,2024-01-01,29,success,debit_card
34accd7a-8acc-4fcf-8070-02f0767040d8,M0061,2022-09-08,29,success,bank_transfer
eac3340c-5b3f-4ca5-bc39-63df455c7c01,M0061,2022-10-08,29,success,debit_card
13a398db-8925-474b-824c-b3642bcb6649,M0061,2022-11-07,29,success,bank_transfer
5e3397f0-7b48-4d58-b33a-da0d78b59ab4,M0061,2022-12-07,29,success,credit_card
0a4858e3-e7d2-4a28-a455-35c84e979943,M0061,2023-01-06,29,success,debit_card
a2620e63-8918-4c0d-82b1-c9e89550c545,M0061,2023-02-05,29,success,credit_card
e813b941-87ad-4e5a-9b02-dd73fb1fd42b,M0061,2023-03-07,29,success,credit_card
a46a4722-953c-4574-b2e0-75834d4df141,M0061,2023-04-06,29,success,credit_card
94f55899-2627-4324-8aa2-9f86ac7ede0f,M0061,2023-05-06,29,success,bank_transfer
5ec9c4ca-bfa0-439c-91c6-b850593f7d4d,M0061,2023-06-05,29,success,debit_card
7c7ff62c-2fad-4389-905d-ffbd779ca7c6,M0061,2023-07-05,29,success,bank_transfer
9ae9812d-ad4b-4d1d-a744-7ddb04d178dd,M0061,2023-08-04,29,success,credit_card
e83fcd86-ad89-4655-a2a5-58573d31941e,M0061,2023-09-03,29,success,credit_card
389ede12-b810-4dc0-a5e2-e3cd4632bda4,M0061,2023-10-03,29,success,credit_card
b50c69b3-e840-47bf-b76e-dddbb2e11e2e,M0061,2023-11-02,29,success,debit_card
6d89634e-3de8-48c9-bc69-b79c71ae033e,M0061,2023-12-02,29,success,debit_card
5569ce68-852e-447d-bf84-13111092120e,M0061,2024-01-01,29,success,credit_card
7b11bce2-5fb5-4c88-b889-25cd19213422,M0061,2024-01-31,29,success,credit_card
0517902b-dcd1-4d47-bd98-91f6455af2d8,M0061,2024-03-01,29,success,credit_card
5a7fa345-8ba0-41df-980e-0618e54b6594,M0061,2024-03-31,29,success,bank_transfer
8dc9088c-f769-4679-87cd-87177d5b75e9,M0061,2024-04-30,29,success,debit_card
57ad1ff2-4a3a-41fe-b1e3-6ab8d7d15f4a,M0061,2024-05-30,29,success,debit_card
91a263ae-6351-4dea-8f9f-048e0c108d16,M0062,2022-11-06,99,success,bank_transfer
96c984d8-2aa9-44cb-b594-5a89688c3eb6,M0062,2022-12-06,99,success,credit_card
24d8f36f-d8dd-4aba-96a9-b4f0ebef6874,M0062,2023-01-05,99,success,debit_card
505da326-4441-4cac-ac11-0791f9ecfff1,M0062,2023-02-04,99,success,debit_card
e1062de0-e2c3-4578-85d9-5a1ecc1b6eea,M0062,2023-03-06,99,success,credit_card
f20f08ee-a561-431f-b58c-ae2c6966fbd7,M0062,2023-04-05,99,success,bank_transfer
eaeac545-68e9-4698-ab5b-073ff32e814b,M0062,2023-05-05,99,success,bank_transfer
5775118d-846a-47a7-8afc-a858adaa4b8d,M0062,2023-06-04,99,success,bank_transfer
438faad1-315c-4ebb-832a-ead6e0b55618,M0062,2023-07-04,99,success,debit_card
b6cb6fb6-380b-4522-b46f-484aad7016d8,M0062,2023-08-03,99,success,bank_transfer
845ea57e-1600-4ec1-a9ca-60d7ac375c22,M0062,2023-09-02,99,success,credit_card
eb9adba5-90dd-4827-bf13-a9a7fa4068bc,M0062,2023-10-02,99,success,bank_transfer
234cc98f-6dc1-4ccb-a6a3-cbaf7c201c19,M0062,2023-11-01,99,success,debit_card
c780ffad-f42b-44de-8c2b-160485ef9d45,M0062,2023-12-01,99,success,credit_card
6a0d5645-3ffc-413d-87f0-e20a7435252d,M0062,2023-12-31,99,success,bank_transfer
fdb1e43f-1283-4e9e-8307-2c6fc4faec69,M0062,2024-01-30,99,success,credit_card
e4c6aeff-21fe-4592-964c-20d889ba9db9,M0062,2024-02-29,99,success,bank_transfer
e0fd160c-623c-4924-bb9a-aba59c29224f,M0062,2024-03-30,99,success,bank_transfer
9b677655-5e5d-456a-9294-56bd1240fe35,M0062,2024-04-29,99,success,debit_card
113c1457-0f0e-4f98-bbaa-5a27bb415261,M0062,2024-05-29,99,success,bank_transfer
559d87f1-0773-493c-9ad9-29beffd0af2a,M0063,2022-01-09,59,success,bank_transfer
32935693-4b46-4807-bdaf-f97dddc3cd23,M0063,2022-02-08,59,success,bank_transfer
73374f02-8b1e-4ac6-b4c6-e864c9cee21d,M0063,2022-03-10,59,success,bank_transfer
ba38ba6f-b4ca-40a5-9f6b-7d9a570de4c3,M0063,2022-04-09,59,success,debit_card
6d6f7049-5020-403e-898c-5ce545a21106,M0063,2022-05-09,59,success,bank_transfer
0c048844-e81e-40ec-9374-e02489fece46,M0063,2022-06-08,59,success,debit_card
0cf9b8ad-c48c-404d-84ee-cd74545a4d90,M0063,2022-07-08,59,success,bank_transfer
a3d006aa-6845-4c29-9c79-ad779faf743b,M0063,2022-08-07,59,success,debit_card
1159ea11-b9c8-4510-a28d-dd6a6d0f438e,M0063,2022-09-06,59,success,credit_card
3a87fc3a-1e00-4953-851f-e2205cc2c859,M0063,2022-10-06,59,success,bank_transfer
c7431231-b0f5-4c2f-bc40-db06027d4519,M0063,2022-11-05,59,success,credit_card
3c12981d-9c91-466c-900c-c099bbecb66a,M0063,2022-12-05,59,success,debit_card
d6d132ae-5f28-4685-a345-42b277cc6c82,M0063,2023-01-04,59,success,bank_transfer
3eb6b483-495d-4300-8b91-405361992762,M0063,2023-02-03,59,success,debit_card
d2d26aea-ac44-4b31-842f-d3a98b4b8c25,M0063,2023-03-05,59,success,bank_transfer
2b8416f8-fde9-4f49-ba75-197d7b730d52,M0063,2023-04-04,59,success,credit_card
a054e6bb-05c0-47f3-8849-51d8c29c0c7a,M0063,2023-05-04,59,success,bank_transfer
95b73a10-1b90-4a1f-8124-369dbcef7920,M0063,2023-06-03,59,success,bank_transfer
d8ec228c-bba2-4f9b-931a-9193522619bf,M0063,2023-07-03,59,success,bank_transfer
25400e7e-4e23-4aee-9726-e12181d5241e,M0063,2023-08-02,59,success,bank_transfer
37e2f4a3-c169-4555-9536-88af956551f8,M0063,2023-09-01,59,success,debit_card
2f21eecf-0e86-4127-9fb0-b253bd0648c5,M0063,2023-10-01,59,success,bank_transfer
05728ed2-5ef3-44ab-82d5-6a5c71575a29,M0063,2023-10-31,59,success,bank_transfer
0afe8559-d42e-4549-bd43-205a258aef51,M0063,2023-11-30,59,success,bank_transfer
03a6b853-2f8f-4cb9-ae6a-5f9efaad2737,M0063,2023-12-30,59,success,bank_transfer
8302b00f-b6aa-4b30-b910-44f9057b10ba,M0063,2024-01-29,59,success,debit_card
1f3faaac-715f-4398-a9e2-dc0eb9e85f9f,M0063,2024-02-28,59,success,bank_transfer
248964b3-708b-4cdc-8e3b-04d2ad574551,M0063,2024-03-29,59,success,bank_transfer
1a50b5b6-b1db-42e9-a70f-ccb26b6c722c,M0063,2024-04-28,59,success,bank_transfer
1601082e-891c-46a8-b1b0-b8db92510a38,M0063,2024-05-28,59,success,bank_transfer
6d241761-e0d8-41b2-8829-0f0b94836412,M0064,2022-05-18,99,success,bank_transfer
88abe93a-2f68-47ed-8456-311ecb0b67e0,M0064,2022-06-17,99,success,debit_card
746dcbfa-9f65-4ec7-9e3f-6b7f5680e1cb,M0064,2022-07-17,99,success,bank_transfer
7997ef9d-199e-4bc2-bb92-6b2503531bd1,M0064,2022-08-16,99,success,credit_card
37850062-ef85-4f8a-be99-e79d4db05ae5,M0064,2022-09-15,99,success,credit_card
d35be945-269f-4600-b7e2-a7a59d294561,M0064,2022-10-15,99,success,debit_card
971cc5d6-4c85-45e5-84e0-ac1b85a3948c,M0064,2022-11-14,99,success,debit_card
0beb1aae-1626-40fd-b931-ff3782692349,M0064,2022-12-14,99,success,bank_transfer
58887a2b-4571-44e7-bb03-9c0890baa179,M0064,2023-01-13,99,success,credit_card
7126e674-aa57-4d15-8655-06ae5a9a895d,M0064,2023-02-12,99,success,bank_transfer
24c2758a-2994-4f0b-8cb9-b029303e9882,M0064,2023-03-14,99,success,credit_card
9596b1c7-a0bc-4b06-9a44-543eead577f8,M0064,2023-04-13,99,success,debit_card
9b076e27-2aac-429d-866a-a5d0e6de3f1d,M0064,2023-05-13,99,success,bank_transfer
1aa14ef1-8cb9-496b-a8d0-9a3c65417aee,M0064,2023-06-12,99,success,bank_transfer
8b2f2861-0a4c-4035-a2a6-657ee6d3388d,M0064,2023-07-12,99,success,bank_transfer
fd16cde8-b0bf-4432-9a23-e65aabac5b03,M0064,2023-08-11,99,success,credit_card
ce88c433-e6c0-482b-8f34-9ef504a411d8,M0064,2023-09-10,99,success,debit_card
24101746-3df9-47d7-811c-0727df60485f,M0064,2023-10-10,99,success,credit_card
d928b03a-6130-413d-93df-5b7391535c0b,M0064,2023-11-09,99,success,bank_transfer
2e6d0e0f-ea9f-49cf-bd83-87241346207d,M0064,2023-12-09,99,success,bank_transfer
d324845f-8ec4-4ac8-89c3-f0565586a771,M0064,2024-01-08,99,success,credit_card
aae4753b-8173-4fda-927a-00b0f386ef89,M0064,2024-02-07,99,success,credit_card
014fcd01-c041-4808-bb72-6894ff692351,M0064,2024-03-08,99,success,debit_card
3eeb82c0-d25c-4656-89c3-a68224405f53,M0064,2024-04-07,99,success,credit_card
445769eb-9bc9-4408-91cc-3887722e45b0,M0064,2024-05-07,99,success,bank_transfer
b118956b-de94-4121-bf06-c54e0005087c,M0065,2022-06-09,59,success,bank_transfer
63bd1e2e-863e-4f20-80b1-80ee868514f7,M0065,2022-07-09,59,success,bank_transfer
dc565196-7b1b-4b55-b234-f7ee26f5ebb2,M0065,2022-08-08,59,failed,bank_transfer
59f24a7b-5e1a-4fb9-82b9-1974a1d1c376,M0065,2022-09-07,59,success,credit_card
64fe7699-72c3-4af8-9d45-806278111d9a,M0065,2022-10-07,59,success,bank_transfer
2f5eab4f-864e-4660-ad55-02881c434efd,M0065,2022-11-06,59,success,credit_card
b64bac51-45cb-4ca0-b948-34444913e434,M0065,2022-12-06,59,success,bank_transfer
8bd88cd6-98c3-4c1a-96c2-ad78a3179fb1,M0065,2023-01-05,59,success,debit_card
dd2fb5f2-229a-4712-a2ec-6df0bcd743fd,M0065,2023-02-04,59,success,credit_card
c63cc0a0-0dc5-4588-8d8d-44858519b1a1,M0065,2023-03-06,59,success,bank_transfer
9238a5e0-e041-49e7-90a8-477d3231b1be,M0065,2023-04-05,59,success,credit_card
5a53cbfb-5238-4153-b9d1-7db07139f9c2,M0065,2023-05-05,59,success,debit_card
db3f261b-008a-4e98-98a2-f12c7158df36,M0065,2023-06-04,59,success,bank_transfer
df73089e-1d15-4b1d-bec3-971e22c85172,M0065,2023-07-04,59,success,credit_card
a925ac1c-6a5b-4f82-823b-67c527012786,M0065,2023-08-03,59,success,bank_transfer
96149d18-a3cb-4ae9-aa92-41e3ee0394d1,M0065,2023-09-02,59,success,bank_transfer
244855e6-29dc-4d99-98ea-886397ba8393,M0065,2023-10-02,59,success,credit_card
a8856d1d-76c5-4e6c-99c2-3b487ef18e54,M0065,2023-11-01,59,success,bank_transfer
15d4650f-24b9-4899-ad57-d4ec3b75354a,M0065,2023-12-01,59,success,bank_transfer
c9706e69-54e5-4e27-8096-c15b38ac4075,M0065,2023-12-31,59,success,bank_transfer
bd4fb1a8-ffb2-424d-a1b3-4eff0113ab2b,M0065,2024-01-30,59,success,credit_card
83272cc0-ff00-4f20-92f6-32981c9b036f,M0065,2024-02-29,59,success,debit_card
3a52cdbc-7790-4c2a-907e-5f6485fd254f,M0065,2024-03-30,59,success,credit_card
2169cf21-a173-4444-aa5d-9ecb118fd792,M0065,2024-04-29,59,success,bank_transfer
33fc575e-69cd-426d-a69e-987071a611b3,M0065,2024-05-29,59,success,bank_transfer
21eb48ad-3594-409d-853e-d5f4e7eb6506,M0066,2022-07-28,99,success,bank_transfer
439b35fc-bc49-4871-a390-6c5a6e9efd09,M0066,2022-08-27,99,success,credit_card
446c4309-bb1b-44a2-9d5e-7530fe7eb787,M0066,2022-09-26,99,success,credit_card
b852bf2d-710b-4435-bec1-a419b7ca6c84,M0066,2022-10-26,99,failed,bank_transfer
76f51663-f7b4-4989-964f-5e1739914489,M0066,2022-11-25,99,success,credit_card
1fcbe32e-c225-429f-bc7d-6ebd1f5efbc2,M0066,2022-12-25,99,success,credit_card
3b357fa8-d356-409d-a7a8-975ea0a1dc90,M0066,2023-01-24,99,success,bank_transfer
ae8767fe-6e65-45aa-908a-cd0e42487c2c,M0066,2023-02-23,99,success,credit_card
9ffb105e-6825-42f6-b3a0-e0913d370d2b,M0066,2023-03-25,99,success,debit_card
f597f013-41d1-4e3d-b65e-291f5f349eb9,M0066,2023-04-24,99,success,bank_transfer
d58b31a7-932b-4321-ba76-edea3acc6c2f,M0066,2023-05-24,99,success,debit_card
ef3e6afd-10b1-46e3-b610-86351ac85e16,M0066,2023-06-23,99,failed,bank_transfer
efce6f68-c495-4a22-8a10-1fb85b3c3235,M0066,2023-07-23,99,success,credit_card
e9179632-36a2-4d7d-9cfb-ac49b250a6df,M0066,2023-08-22,99,success,bank_transfer
3f5a284b-1fd9-4a93-aff4-b8890274b4d8,M0066,2023-09-21,99,success,bank_transfer
97dd7179-1d72-4627-a570-0165d5c14e91,M0066,2023-10-21,99,success,bank_transfer
e37e24df-6f34-48cc-b792-763668744e5d,M0066,2023-11-20,99,success,debit_card
8a2c8cd1-74c6-4245-88f6-95f75f5e4572,M0066,2023-12-20,99,success,credit_card
2a0187bb-9541-4620-8a19-4eebf71e078e,M0066,2024-01-19,99,success,bank_transfer
bf2f35e1-11c1-42f1-b08b-8dc3c6c61bf1,M0066,2024-02-18,99,success,credit_card
0f0f2fa9-2dd4-4e7a-8e20-78093f0faba3,M0066,2024-03-19,99,success,debit_card
7178e544-9954-4fae-bc05-9bfdfa94ae57,M0066,2024-04-18,99,success,bank_transfer
7abf6aac-7645-403e-9d56-8935bacd8797,M0066,2024-05-18,99,success,credit_card
28f967ac-a663-44b1-b54d-023476eadb4f,M0067,2022-09-15,99,success,credit_card
2c5d21ad-5870-43be-9a57-15ec431a3f35,M0067,2022-10-15,99,success,bank_transfer
82ddb3a8-2738-4122-a682-c3a5791f8769,M0067,2022-11-14,99,success,bank_transfer
b9093e5a-0ec2-4a09-b56b-0511d3054059,M0067,2022-12-14,99,success,bank_transfer
61e2c9fd-1a24-4b08-98eb-942827ec55e4,M0067,2023-01-13,99,success,bank_transfer
cfed8af3-77c5-4310-aece-286d82de798c,M0067,2023-02-12,99,success,credit_card
526bb56f-99d4-4d71-ab8b-770098f85ea5,M0067,2023-03-14,99,success,bank_transfer
2a973639-477b-431c-afe4-3b4e7cf4eb8c,M0067,2023-04-13,99,success,credit_card
6faf9c38-9004-449a-bf3c-27ba657efc09,M0067,2023-05-13,99,failed,bank_transfer
b50319a0-e519-4c9a-a34b-d4f3fbf0979d,M0067,2023-06-12,99,success,bank_transfer
f6dea01a-6ea8-4980-b066-0f7767f018f9,M0067,2023-07-12,99,success,debit_card
a320a0e1-21b3-4fce-9762-93f57535ee58,M0067,2023-08-11,99,success,bank_transfer
f30a85c1-d2bb-47be-8cd0-63f76704677a,M0067,2023-09-10,99,success,debit_card
b21da366-ead9-47c9-9511-f90d2db1652d,M0067,2023-10-10,99,success,bank_transfer
f48337a3-c9ea-4fdc-868a-5f143c184d7a,M0067,2023-11-09,99,success,credit_card
e79bdada-80fe-45cd-99bf-8f53084dab2b,M0067,2023-12-09,99,success,credit_card
00dba088-a192-4cb0-8a0d-9f4c103eec2c,M0067,2024-01-08,99,success,debit_card
5454a532-7b08-49d0-a5fd-181a3224ad92,M0067,2024-02-07,99,success,credit_card
b52d7bb8-de9f-4d94-bdb8-8803802cc2f9,M0067,2024-03-08,99,success,bank_transfer
1de3c2bc-1ef6-4448-8476-81b5618db16a,M0067,2024-04-07,99,success,bank_transfer
c4ac871b-229c-453d-a268-d334311fe49a,M0067,2024-05-07,99,success,bank_transfer
5092a950-f579-409a-b9b9-592c9d51804c,M0068,2023-03-10,29,success,bank_transfer
aa6048be-c4dd-4d37-9c41-39af99ae5109,M0068,2023-04-09,29,success,credit_card
b92f0a47-f5a2-40b9-9de0-2137eb930d19,M0068,2023-05-09,29,success,bank_transfer
c6b72b1b-2561-41d6-a955-dde58ff438a0,M0068,2023-06-08,29,success,debit_card
ecb1d02e-4f7d-441a-a58f-299ad27a1f8e,M0068,2023-07-08,29,success,bank_transfer
72f424bf-bac5-49d2-b2e2-3d35303a19bc,M0068,2023-08-07,29,success,credit_card
3174c3b6-5e1e-46e4-97d3-9358caabe76b,M0068,2023-09-06,29,success,credit_card
1877bd35-ba91-4a02-9f24-f825da2ede8b,M0068,2023-10-06,29,success,debit_card
0d424db3-972d-4a07-aa23-5b9982691541,M0068,2023-11-05,29,success,debit_card
e1a784c6-4cc4-4155-ae32-3a7e42b2cf0d,M0068,2023-12-05,29,success,debit_card
d89fa840-2056-460b-a14e-948c1a8187a9,M0068,2024-01-04,29,success,credit_card
4a5f898d-cfa1-45df-acc2-7290880c0d3f,M0068,2024-02-03,29,success,debit_card
8a806956-2d5b-47dd-97bf-a7a7d55ea23d,M0068,2024-03-04,29,success,debit_card
750f8623-2170-45f7-abda-607eaf4270d4,M0068,2024-04-03,29,success,debit_card
b4c0a56d-ed4e-426c-891c-7a228fa0db7b,M0068,2024-05-03,29,success,credit_card
7f648959-917e-4195-8fbb-871d6ae61e9d,M0069,2023-10-15,29,success,bank_transfer
75eb46d0-fd71-4cf5-887f-01c55a375890,M0069,2023-11-14,29,success,debit_card
9a5be443-b3f4-411c-86e8-9474be67b933,M0069,2023-12-14,29,success,bank_transfer
b28df1a8-5a69-4079-9da4-1ee785729e4a,M0069,2024-01-13,29,success,debit_card
2e1dfd63-b51c-4f43-aa51-ed8b269ddba0,M0069,2024-02-12,29,success,debit_card
fa2b9667-7931-46c3-bed2-89f195377126,M0069,2024-03-13,29,success,debit_card
0b718cb6-f898-4ccd-b92d-a66d441b3b97,M0069,2024-04-12,29,success,credit_card
78628bdb-af00-4cc2-b7fb-1657190806d8,M0069,2024-05-12,29,success,credit_card
b85bc633-2831-4be1-9d7b-5abd9598d8a9,M0070,2023-12-24,29,success,credit_card
802cd76e-6c32-4ad9-b3a2-0c73cf3f8df4,M0070,2024-01-23,29,success,credit_card
3edfc4a5-542d-47f6-8b17-18284fc4fdca,M0070,2024-02-22,29,success,bank_transfer
7171663b-1672-4e08-9d99-151b274eaedf,M0070,2024-03-23,29,success,credit_card
984c8290-78e4-40cd-b2f8-e40d1b841242,M0070,2024-04-22,29,success,bank_transfer
f6ee4f50-4b67-4c30-aa26-dc44f6066fdd,M0070,2024-05-22,29,success,bank_transfer
0f6d256c-f7c1-4f60-a66a-b28e9c3893f4,M0071,2022-06-02,99,success,bank_transfer
f580b531-153e-4253-b56a-33593ba08c2e,M0071,2022-07-02,99,success,credit_card
b07b7bb1-2493-4813-8d28-4ad75e7d60d4,M0071,2022-08-01,99,success,bank_transfer
2a9fb267-fc2b-4ca2-a955-3ded8fe5459c,M0071,2022-08-31,99,success,bank_transfer
2e153f89-c181-4cd1-b63f-7522a50ab448,M0071,2022-09-30,99,success,credit_card
2c7b1aba-e212-49b9-8c79-56a5ebcba1e4,M0071,2022-10-30,99,success,credit_card
1bfad9bc-39a3-485b-8fc7-e5557d79241e,M0071,2022-11-29,99,success,bank_transfer
b2d48c53-b298-403d-9606-77337de80ede,M0071,2022-12-29,99,success,debit_card
bc466eb5-c664-4fc1-810a-d51cf5669555,M0071,2023-01-28,99,success,bank_transfer
4de96f43-efef-41ed-b107-fd9ab3815c4b,M0071,2023-02-27,99,success,debit_card
a64f1de3-3aae-4c1c-9053-e7f877f2058a,M0071,2023-03-29,99,success,credit_card
7e8a8424-90ba-4601-a19a-50d625b531db,M0071,2023-04-28,99,success,bank_transfer
2eafb073-da72-4219-872c-11cac13756a9,M0071,2023-05-28,99,success,bank_transfer
a70c957a-edfd-4673-bc4d-65d70341e7f0,M0071,2023-06-27,99,success,credit_card
ff9c9e49-ebbd-4cf6-b223-76ee1931b57f,M0071,2023-07-27,99,success,bank_transfer
18a8a480-cd1c-46d0-a456-f5a0bc4b77df,M0071,2023-08-26,99,success,credit_card
6192d3da-b924-4bf7-a8d2-0a838cf67b87,M0071,2023-09-25,99,success,debit_card
af75308f-9368-43d8-8725-46ba612e07bd,M0071,2023-10-25,99,success,credit_card
6ffabb22-f7f4-4f98-9723-26b3a3606d05,M0071,2023-11-24,99,success,debit_card
350aecce-0efc-4122-ac8c-96fbf194a5c3,M0071,2023-12-24,99,success,debit_card
cf5beff8-1359-49c9-89c0-10fb10212b62,M0071,2024-01-23,99,success,credit_card
d2ff2772-670f-4192-8658-85009f2d83de,M0071,2024-02-22,99,success,bank_transfer
79239132-7ced-4359-aca3-4ea0c03b0e0f,M0071,2024-03-23,99,success,debit_card
7f913974-c553-4cce-a067-878a7a4cbd2d,M0071,2024-04-22,99,success,debit_card
ca85bb24-053a-4763-9905-5cd91d602122,M0071,2024-05-22,99,success,credit_card
973b0657-e9d0-4f89-8b1b-7cbe4de00121,M0072,2022-06-01,29,success,debit_card
3f7e0ecc-3145-43e6-a131-9318aa154d28,M0072,2022-07-01,29,success,bank_transfer
f15d6abd-daa1-4045-8f8f-71548f530631,M0072,2022-07-31,29,success,debit_card
c9fcf1e6-8eda-4765-9777-e29d1799aff3,M0072,2022-08-30,29,success,debit_card
71ab9d95-0105-4c16-8da9-c14db0da817b,M0072,2022-09-29,29,success,bank_transfer
e83508eb-fcc2-4cfd-b2b5-31ca3378ec3f,M0072,2022-10-29,29,success,bank_transfer
aff66bf2-8d68-4db4-a35b-fad7bfe993fb,M0072,2022-11-28,29,success,bank_transfer
caa7cb02-55ca-4127-8982-a612631a7fa4,M0072,2022-12-28,29,success,credit_card
5df620ad-39fb-4d21-8f15-942d99e4e134,M0072,2023-01-27,29,success,debit_card
1a917918-3a00-45aa-a442-66e169288c23,M0072,2023-02-26,29,success,credit_card
8acc2ee3-03c6-4da0-8664-7430f49540b1,M0072,2023-03-28,29,success,debit_card
facf50df-6992-4532-85ee-c46cf15a07e7,M0072,2023-04-27,29,success,debit_card
b7cae067-3098-43c1-9dd9-d2aec110d16b,M0072,2023-05-27,29,success,debit_card
84db78b1-02e4-44d7-ad75-fe19da972f5d,M0072,2023-06-26,29,success,credit_card
c691a6ae-6262-4283-965d-348bc5578bed,M0072,2023-07-26,29,success,credit_card
f575847b-54f2-47e0-83e5-d3c886d4c2c9,M0072,2023-08-25,29,success,credit_card
e0bc06c8-c341-4df4-840b-67fddb546070,M0072,2023-09-24,29,success,bank_transfer
e27877bc-93fc-4cfc-89c5-788edc628820,M0072,2023-10-24,29,success,credit_card
38c94280-8974-4349-b7e5-b3045b01ef39,M0072,2023-11-23,29,success,debit_card
49f8af01-906f-4829-ab98-05d2c5b3cf68,M0072,2023-12-23,29,success,credit_card
0eb760e4-193b-4968-8e62-82abcaa2088a,M0072,2024-01-22,29,success,debit_card
206036c3-61d3-4513-8f1e-2146647bbddd,M0072,2024-02-21,29,success,bank_transfer
9c56e6c3-7a70-45ad-b363-6e0f2f626aa5,M0072,2024-03-22,29,success,bank_transfer
1d6539f0-cc31-4bf7-acf9-e2ff6198a783,M0072,2024-04-21,29,success,credit_card
8dc35de9-4221-416a-8e13-d02b810e47b0,M0072,2024-05-21,29,success,bank_transfer
6369b9b3-1bb7-49c6-a7ce-2ae55a756684,M0073,2023-01-02,59,success,credit_card
8825a764-5aeb-41a7-b99f-f772f4a06340,M0073,2023-02-01,59,success,credit_card
e8a3891b-762f-4d24-b7dd-2d96de5f3767,M0073,2023-03-03,59,success,credit_card
66358f35-b087-4fb1-8af6-c5f53d980051,M0073,2023-04-02,59,success,bank_transfer
605a8230-a8f6-4a52-8387-507f1df2f3df,M0073,2023-05-02,59,success,bank_transfer
2e664224-f415-4baf-92da-0a4e5c4e09cd,M0073,2023-06-01,59,success,credit_card
94e1d19f-177d-4d09-95fe-a7ffe61b21b2,M0073,2023-07-01,59,success,credit_card
b2bd1717-8036-420c-bd79-9033322c69ac,M0074,2023-02-21,59,success,debit_card
fc72877c-0337-4d4a-81ca-e065b7ad9a26,M0074,2023-03-23,59,success,bank_transfer
94f6939f-de8d-432c-80d8-2adfabb756d8,M0074,2023-04-22,59,success,bank_transfer
98900e2f-a3db-46fe-a57a-8cff082510c0,M0074,2023-05-22,59,success,debit_card
9a218c98-7bb0-406a-ae53-86faab1db207,M0074,2023-06-21,59,success,credit_card
4debd58c-1c78-4da0-b86c-794b7bafc409,M0074,2023-07-21,59,success,debit_card
0fddf56b-40c1-4b3e-adff-bf3c1c4a0818,M0074,2023-08-20,59,success,credit_card
c7481f64-7da6-4ae7-873c-ea7437e54fc0,M0074,2023-09-19,59,success,debit_card
42d73333-a088-4696-9ee7-dc74fc6e4b68,M0074,2023-10-19,59,success,bank_transfer
ef37f208-f5fa-4c5b-811d-508be831b1b2,M0074,2023-11-18,59,success,credit_card
a95c55b1-01a7-4007-8eff-4b7d8963de8e,M0074,2023-12-18,59,success,bank_transfer
683d3a64-1eff-450e-a258-92cb6714c057,M0074,2024-01-17,59,success,bank_transfer
ad422089-d1f2-4d9a-8243-03bb43e5e01a,M0074,2024-02-16,59,success,debit_card
0be83860-abb9-4e74-a55e-87868ead73ed,M0074,2024-03-17,59,success,credit_card
d41f3e20-27e7-4776-8e96-dad9130e4e3b,M0074,2024-04-16,59,success,debit_card
1c41fc42-f998-4fef-b403-c2542c1ce19e,M0074,2024-05-16,59,success,credit_card
97d18135-c908-45bb-b715-75b6ee506740,M0075,2022-07-01,29,success,bank_transfer
3108f96b-1ee1-4ad9-bfef-d28e2979cb08,M0075,2022-07-31,29,success,credit_card
844160bd-4ba5-4cab-8414-c287214469b6,M0075,2022-08-30,29,success,credit_card
afbfe363-c123-4830-aeed-843de3b13ea8,M0075,2022-09-29,29,success,bank_transfer
b95f2635-5273-4ea1-886c-970b397e31eb,M0075,2022-10-29,29,success,bank_transfer
3f7956f2-c19e-4017-85fb-62f6507d2700,M0075,2022-11-28,29,success,credit_card
5529eda5-b922-4776-b7f2-eca7de497848,M0075,2022-12-28,29,success,bank_transfer
f833adce-bb9f-44aa-a56d-f0eff3011767,M0075,2023-01-27,29,success,bank_transfer
0acd6287-315d-4aaf-911d-5866649949d9,M0075,2023-02-26,29,success,credit_card
3fd82e6c-7cff-4936-8459-6564af9158b7,M0075,2023-03-28,29,success,bank_transfer
4e4ab9e9-cde1-4289-8081-cd6ba372e515,M0075,2023-04-27,29,success,bank_transfer
7d08f55b-795c-4eb0-a4e5-44a5cbb5b2cc,M0075,2023-05-27,29,success,credit_card
bf752ae2-1201-4fd9-be73-ea34b011f3b7,M0075,2023-06-26,29,success,debit_card
1f148e5b-da36-43ae-a647-4c3dbcc36083,M0075,2023-07-26,29,success,debit_card
047e331d-06af-466b-8839-5af17ba63a05,M0075,2023-08-25,29,success,debit_card
42d174c3-f19e-4b06-b32f-46ae800d2a53,M0075,2023-09-24,29,success,bank_transfer
98382fd5-1ca3-4a38-9876-dd25cb49e4fa,M0075,2023-10-24,29,success,bank_transfer
3c7a01c4-1172-4063-b030-c1c3677c5ee8,M0075,2023-11-23,29,success,debit_card
4db7a20a-ffdc-439b-a9ca-adae0bbc3f62,M0075,2023-12-23,29,success,debit_card
b01903f9-f267-4ebb-8fa3-f49471fb6393,M0075,2024-01-22,29,success,credit_card
65c02844-4aab-4fe4-93c7-b8925730f4a0,M0075,2024-02-21,29,success,bank_transfer
5fe2f5b4-f581-44ec-a5a9-062ac1401959,M0075,2024-03-22,29,success,credit_card
fe9225b0-db57-4496-80dd-a01adeed7c28,M0075,2024-04-21,29,failed,bank_transfer
54d79d2b-32ed-404a-a3b6-77dcb34868fc,M0075,2024-05-21,29,success,bank_transfer
848e9236-79ea-449b-8aaa-92cd9da525ab,M0076,2023-02-26,99,success,bank_transfer
9ddf7726-3b33-4bec-b804-bf58b43ab6e4,M0076,2023-03-28,99,failed,bank_transfer
59801ac2-474d-40f1-bbc1-127a3bea2d6c,M0076,2023-04-27,99,success,debit_card
ffa6ec89-862e-4bdd-8598-02c8d54e90cb,M0076,2023-05-27,99,success,credit_card
b94b1150-3c86-4803-985c-e2d4b297ace7,M0076,2023-06-26,99,success,bank_transfer
fe545166-e875-4988-b574-2c32a2af2128,M0076,2023-07-26,99,success,debit_card
33ebcc37-18b2-430b-9150-42749da38d20,M0076,2023-08-25,99,success,debit_card
40d53242-8a9c-4b7c-93b4-07e12beb721a,M0076,2023-09-24,99,success,bank_transfer
5e71db1c-0765-40f8-9458-42fa3cf0a9cd,M0076,2023-10-24,99,success,bank_transfer
7281f2c9-de46-4e08-9515-8f3a1279cc0b,M0076,2023-11-23,99,success,credit_card
515b1a60-c4ae-4cd6-95f7-0007f671d376,M0076,2023-12-23,99,success,bank_transfer
456e5aae-fb3e-47ed-8f7c-e1b49175810a,M0076,2024-01-22,99,success,debit_card
17b6d45c-f723-42f7-8bd8-32c5452d4086,M0076,2024-02-21,99,success,debit_card
83c44146-9eca-4dc1-bf20-ef914cf8d4b6,M0076,2024-03-22,99,success,debit_card
0a4c24c0-fe86-4903-8f06-349e92151874,M0076,2024-04-21,99,success,bank_transfer
fde2841d-1b41-479e-9aec-6c938ef5f334,M0076,2024-05-21,99,success,credit_card
1ff990bb-dc1d-48ee-be10-06b3d1f65e2f,M0077,2022-06-13,29,success,bank_transfer
c3f87e8a-38a6-42b8-8a40-641c4ef0bdab,M0077,2022-07-13,29,success,credit_card
a85e37e0-4cdc-4c6e-b639-f2ae4352ebda,M0077,2022-08-12,29,success,bank_transfer
710d4709-c81a-4332-bea9-aab07eb5903a,M0077,2022-09-11,29,success,credit_card
69766449-0f32-4793-a755-09c5377afa29,M0077,2022-10-11,29,success,debit_card
fc7d629d-8e56-45c4-be69-2494cad45a33,M0077,2022-11-10,29,success,bank_transfer
d95b0562-9670-4993-a9f4-eef54ac68385,M0077,2022-12-10,29,success,bank_transfer
48e5c89c-1ae9-40ee-a140-31444d55bdcd,M0077,2023-01-09,29,success,credit_card
6c933386-0b38-40e6-8635-ba7ab8db915a,M0077,2023-02-08,29,success,bank_transfer
e1c052ca-096f-4c02-8e7b-f709583d87ac,M0077,2023-03-10,29,failed,credit_card
34a6694f-5c6c-4f0d-b002-ba2c46fa8880,M0077,2023-04-09,29,success,debit_card
3ce8626c-7ebe-47f0-b80e-27b4a98d851e,M0077,2023-05-09,29,success,debit_card
e462fd9c-da45-4518-869e-5ae56efbc9b7,M0077,2023-06-08,29,success,debit_card
85be33ec-0238-4c4f-bbe2-fd53dba3e4dd,M0077,2023-07-08,29,success,credit_card
280123c9-7a99-42cf-92b9-ca9f67da4406,M0077,2023-08-07,29,success,bank_transfer
2a7026bb-35e9-4b87-8d93-e3ebc6d14a57,M0077,2023-09-06,29,success,debit_card
6a22ebfb-8a5f-4ac3-8c70-0d740da2e6db,M0077,2023-10-06,29,success,bank_transfer
79ca8eac-227d-4c85-a95c-1d201cb3d887,M0077,2023-11-05,29,success,bank_transfer
b33afe39-84b5-444c-aac1-883a19847f28,M0077,2023-12-05,29,success,credit_card
2a7cb67b-6379-45f2-a597-ac564c534c59,M0077,2024-01-04,29,success,debit_card
f044a2ec-4c5f-44ae-a953-df148e957675,M0077,2024-02-03,29,failed,bank_transfer
88ba0a55-08ce-4fc5-a7fd-3d5826fdba59,M0077,2024-03-04,29,success,bank_transfer
e01d8504-662a-4f17-b533-3bda9ef95db7,M0077,2024-04-03,29,success,credit_card
a1e67653-42ae-4a9a-b2f6-98f88e886bc9,M0077,2024-05-03,29,success,bank_transfer
f107e369-5a8f-4392-a643-a952b20d8e98,M0078,2022-08-16,29,success,credit_card
0141b57f-1c04-4e38-b05f-517d2a41cf28,M0078,2022-09-15,29,success,bank_transfer
5740b49b-57ff-4c1e-be88-a72e2f2eb69d,M0078,2022-10-15,29,success,credit_card
bbac030a-20f0-42be-b93b-29aa31512112,M0078,2022-11-14,29,success,credit_card
6c741af5-03c8-4ecc-889b-56d7ba607676,M0078,2022-12-14,29,success,debit_card
c25ffd6a-c7df-4f88-a876-232101620349,M0078,2023-01-13,29,success,debit_card
a045ef28-2d94-42e7-ab01-db3eac8483e0,M0078,2023-02-12,29,success,debit_card
7b5b0e8d-2b59-49b7-ab6f-7bab8814599d,M0078,2023-03-14,29,success,bank_transfer
73f9d75c-2af5-408f-ba65-a70046860683,M0078,2023-04-13,29,failed,bank_transfer
8bb82265-b2a0-4248-8f24-d6dbea3377fb,M0078,2023-05-13,29,success,credit_card
0a807b6c-6f7b-4d7b-9706-d130dde0a0d5,M0079,2022-01-25,29,success,bank_transfer
d29cbace-1265-4a4b-8ae8-976325a0be6e,M0079,2022-02-24,29,success,bank_transfer
c3302bce-187f-4688-8f8f-5ac058f42cd5,M0079,2022-03-26,29,success,debit_card
2f29d11e-cad1-4b9b-b7aa-7112a28842f0,M0079,2022-04-25,29,success,credit_card
4efed6b8-9242-4167-b315-98e3ab941128,M0079,2022-05-25,29,success,debit_card
20d98bd7-c10b-4b5f-ab6c-34a6cc6afa48,M0079,2022-06-24,29,success,debit_card
810f2010-13bb-4d4a-aefc-dacdf0f80a38,M0079,2022-07-24,29,success,bank_transfer
53a4b32d-f97f-4a82-bd10-a296ea80da5e,M0079,2022-08-23,29,success,credit_card
1e3d97ad-4acf-461e-893a-285a4d8ed01c,M0079,2022-09-22,29,success,debit_card
2a500aa6-6fcc-4c83-a481-f54a1f5b23d6,M0079,2022-10-22,29,success,bank_transfer
fde1745f-ce50-409c-a43c-85d7d660d4be,M0079,2022-11-21,29,success,bank_transfer
22548b64-e810-4258-b0a5-43196268409e,M0079,2022-12-21,29,success,bank_transfer
555b6452-bb81-4c73-954f-2a5be1e2e6cb,M0079,2023-01-20,29,success,debit_card
ede9cb91-aae0-4173-9beb-7c8c59633827,M0079,2023-02-19,29,success,bank_transfer
33466780-7059-4fb3-a49f-786b74632540,M0079,2023-03-21,29,success,credit_card
ceb49aea-fe76-4c3c-a9ff-31ce40328db2,M0079,2023-04-20,29,success,debit_card
d5698eb6-28ba-4db4-abdb-fcaba36d6234,M0079,2023-05-20,29,success,bank_transfer
05cd14b1-7cd1-48d0-ba92-f8756a8f10f6,M0079,2023-06-19,29,success,debit_card
e51b7930-5103-48a0-9c0e-aeaafb23708e,M0079,2023-07-19,29,success,credit_card
c05d4644-6f8a-4922-bb99-25427070b4d9,M0079,2023-08-18,29,success,credit_card
cfb85024-095a-4fa2-bde1-e895cc43db11,M0079,2023-09-17,29,success,credit_card
5ffaa9ae-2e85-441e-b991-fe8dd91fc411,M0079,2023-10-17,29,success,debit_card
498d1821-0dfd-4f4f-909c-8aef2876211e,M0079,2023-11-16,29,success,bank_transfer
4c6e002a-e6f1-42e7-8770-4c3008456adc,M0079,2023-12-16,29,success,bank_transfer
6850348e-6c63-49f0-a965-a9c346f4342b,M0079,2024-01-15,29,success,credit_card
f2d5c159-f858-4bbe-849c-2c687a22117a,M0079,2024-02-14,29,success,debit_card
67604cc8-daf9-44dd-8159-772ab6e09292,M0079,2024-03-15,29,success,debit_card
064d4c46-db1e-4dbd-a3f1-24d191870445,M0079,2024-04-14,29,success,credit_card
1e038cc8-37ee-44f6-bb9a-59f09b31372e,M0079,2024-05-14,29,success,debit_card
316180c3-f805-4aa2-8f0c-a1ca90e30c7c,M0080,2022-10-13,59,success,bank_transfer
95542579-37ac-4aa1-b3c8-72cec43177d3,M0080,2022-11-12,59,success,bank_transfer
4b46bf2d-867b-4748-b314-185ca1539c2e,M0080,2022-12-12,59,success,credit_card
67995a2c-7eab-4711-adbf-fa3296867a3f,M0080,2023-01-11,59,success,credit_card
d261a689-9b78-4273-bbc7-21f89bae218b,M0080,2023-02-10,59,success,credit_card
d1c01cef-0ed9-4b6c-95c4-37d9578a5a20,M0080,2023-03-12,59,success,credit_card
403cdcc1-ca09-424f-b8b0-3fbe6fb6054c,M0080,2023-04-11,59,success,credit_card
2529a4f0-6370-49aa-a079-9ee95fd878c6,M0080,2023-05-11,59,success,debit_card
d290bde8-c674-4891-97b7-4a644a2daa53,M0080,2023-06-10,59,success,credit_card
7a99466c-2968-4b42-ab04-2fd787b9e4fb,M0080,2023-07-10,59,success,credit_card
a0e2dc9a-75d6-49bc-a308-f579d779c4c5,M0080,2023-08-09,59,success,bank_transfer
98d9344e-eef0-4aa5-8015-a7a1f851d023,M0080,2023-09-08,59,success,credit_card
2c884689-4524-42e2-b2cd-aeb80ce4d70a,M0080,2023-10-08,59,success,bank_transfer
8faed006-653b-4a42-9a61-dfdb8a92f92a,M0080,2023-11-07,59,success,debit_card
3498650a-5323-48eb-87aa-360f2cccbdcb,M0080,2023-12-07,59,success,debit_card
4ff2386d-91d2-4e27-8b04-70968c68a860,M0080,2024-01-06,59,success,bank_transfer
affeaf8a-9ce9-440f-85b3-e893bc2906d7,M0080,2024-02-05,59,success,debit_card
e4f86bd9-8b94-4f45-9536-14062d1639ec,M0080,2024-03-06,59,success,bank_transfer
3debeed7-c691-438f-b52b-be85c357f6fc,M0080,2024-04-05,59,success,credit_card
b6ee691a-4561-4f72-8374-2560fbe36b55,M0080,2024-05-05,59,success,credit_card
775dc7ca-d599-413e-a403-2c8f985e0b43,M0081,2022-12-06,29,success,debit_card
eaff71cd-6706-47da-b673-588cdec3b6eb,M0081,2023-01-05,29,success,bank_transfer
346b7bfe-781a-40ff-b4c3-ca865f0ed38d,M0081,2023-02-04,29,success,debit_card
ef79b854-b7ca-4f9f-9ce7-e1859a8bc5a0,M0081,2023-03-06,29,success,bank_transfer
5a10adc4-0a59-4399-ab5d-69cc41555678,M0081,2023-04-05,29,success,debit_card
8cec23f1-b21f-4871-ae80-3b9b58aa4b03,M0081,2023-05-05,29,success,bank_transfer
180f068a-e7af-49e4-8b48-e2da2e4aa30b,M0081,2023-06-04,29,success,debit_card
64b05d7a-fe56-4a75-9201-bef1d4ffa9cf,M0081,2023-07-04,29,success,credit_card
46d3c98b-cd10-4d9c-bdaa-1c3b10607c49,M0081,2023-08-03,29,success,debit_card
fdc299d4-ccc3-4655-b9ba-058446301c42,M0081,2023-09-02,29,success,debit_card
fa5db6b8-07bc-4219-a46e-0ed9b13acc2f,M0081,2023-10-02,29,success,debit_card
8b0fa576-bf95-4b8e-9c19-a0e791caf140,M0081,2023-11-01,29,success,debit_card
f1f99f77-2ecc-4ea4-bbbc-aa8f79eb122c,M0081,2023-12-01,29,success,debit_card
1c4e96cd-bb40-4f24-8c73-88801e38d71e,M0081,2023-12-31,29,success,debit_card
f1c73329-e6c1-4d70-8521-911b114d8da7,M0081,2024-01-30,29,success,debit_card
45938648-b528-4310-ad9a-7927805443f2,M0081,2024-02-29,29,success,debit_card
0593ab7e-f683-4b58-afa9-9be54c557841,M0081,2024-03-30,29,success,debit_card
7dbf74ef-8e30-4262-8ec0-88c97e91a071,M0081,2024-04-29,29,success,debit_card
2d34c013-5672-4a8b-8f9f-eaa54e34c29e,M0081,2024-05-29,29,success,credit_card
fbd87961-65f7-495d-810f-eb98f8e34c3c,M0082,2023-08-18,29,success,bank_transfer
d4ffe720-1149-4193-aef6-362a1de5c7a8,M0082,2023-09-17,29,success,credit_card
437efd76-9540-41fa-9e73-1a947221e9c9,M0082,2023-10-17,29,success,credit_card
38ddd48c-cf7e-4675-84a5-771a8f2ac067,M0082,2023-11-16,29,success,debit_card
7893d997-575f-42de-a67d-7e39c8f0cb6c,M0082,2023-12-16,29,success,bank_transfer
517418f1-c32d-44b5-843f-509b5f8415e8,M0082,2024-01-15,29,success,credit_card
3b6ce8c2-8957-47d4-bdaa-7ad44e7279eb,M0082,2024-02-14,29,success,debit_card
1b99b081-c08c-40be-9547-2863223efd09,M0082,2024-03-15,29,success,bank_transfer
5b87f6a9-1c0f-426a-bba0-6d9fbe9b5daa,M0082,2024-04-14,29,success,bank_transfer
972ae264-0169-4e2c-bf36-6a68e2657a53,M0082,2024-05-14,29,success,debit_card
72798e3e-e3fd-4703-8928-7dcf4b680b66,M0083,2023-03-21,59,success,bank_transfer
0a6c732a-7c98-49e0-a1fa-0fca46b5dc4d,M0083,2023-04-20,59,success,credit_card
e773b80f-42b2-4fce-acf9-f6e24913bb5f,M0083,2023-05-20,59,success,bank_transfer
2abacb7f-070e-4670-a3af-fa87724cd8ea,M0083,2023-06-19,59,success,credit_card
f4bee267-07a2-4b6d-b3e8-66ee67588c60,M0083,2023-07-19,59,success,debit_card
8cc3bf6e-7e5b-4d1b-863c-c055c49610ea,M0083,2023-08-18,59,success,credit_card
22e88b7a-4dcb-4278-9809-7f90d824c62c,M0083,2023-09-17,59,success,debit_card
9a7ca948-ce57-4d9b-a76e-d5a37c282b16,M0083,2023-10-17,59,success,debit_card
125abe06-f10c-4c69-bf34-8679ca897b6a,M0083,2023-11-16,59,success,debit_card
4886a07f-acfb-4e84-8cdf-88458e958c5d,M0083,2023-12-16,59,success,debit_card
6efa4d7a-5d16-4a47-88b2-f8aced0903b6,M0083,2024-01-15,59,success,bank_transfer
6497abfa-5fc7-4813-becf-eb6edf91aa2a,M0083,2024-02-14,59,success,credit_card
4e994444-2285-42e3-8bea-912ba54b900b,M0083,2024-03-15,59,success,bank_transfer
869d09a2-2750-4506-b226-3717892b4312,M0083,2024-04-14,59,success,credit_card
47ad43c2-cb78-42a4-a25a-81aa4c9294d3,M0083,2024-05-14,59,success,debit_card
4fecdd73-0383-4c16-ac08-068e3bb3be9c,M0084,2023-06-08,29,success,bank_transfer
ec2e1507-397f-484c-ab62-2a38dd0eea1e,M0084,2023-07-08,29,success,bank_transfer
068c0e87-4644-4814-9114-5a45288efce3,M0084,2023-08-07,29,success,credit_card
4aceb8e5-818a-4808-b5ae-b70b11fc8d32,M0084,2023-09-06,29,success,debit_card
90e7c657-7dfc-42fc-8518-7ee609010996,M0084,2023-10-06,29,success,credit_card
5e69824f-e26d-4054-8e5c-e7fdbb40a547,M0084,2023-11-05,29,success,bank_transfer
6eae279c-23fa-4db7-b477-91cebabd0d82,M0084,2023-12-05,29,success,debit_card
46267c45-cd25-4f5f-b5e6-2e6c90d23d3f,M0084,2024-01-04,29,success,bank_transfer
a0882849-df06-4326-9da6-41e21968dab3,M0084,2024-02-03,29,success,credit_card
cb3ba1ea-998c-42c5-b3d8-65ad2e35c1ca,M0084,2024-03-04,29,success,debit_card
185f2137-b427-4a81-894f-da35f87f05bd,M0084,2024-04-03,29,success,debit_card
9d898c11-39ba-4280-bac2-ed7a83747244,M0084,2024-05-03,29,success,bank_transfer
756354a4-8f62-46f6-8c21-9f1a02215eed,M0085,2023-03-23,59,success,bank_transfer
7e04abaf-e438-4a90-aace-2bdb51309579,M0085,2023-04-22,59,success,debit_card
ea068a84-6b9c-4dfd-923f-480452d28001,M0085,2023-05-22,59,success,debit_card
d8b0e3e2-8bd1-4ac1-8473-52bdfbc68acb,M0085,2023-06-21,59,success,bank_transfer
15f693f1-ed1a-497c-94b5-1aa2f7cd5e51,M0085,2023-07-21,59,success,debit_card
85886d03-3b77-4a9c-b1da-7e680eb4d75e,M0085,2023-08-20,59,success,credit_card
1aaebe5f-a7b8-429d-919f-2952a46b6856,M0085,2023-09-19,59,success,credit_card
6c3fd6c6-24fc-4dd9-aba8-64ff3f6f118a,M0085,2023-10-19,59,success,bank_transfer
3483ef00-d187-4ccc-a6d1-d13099dae481,M0085,2023-11-18,59,success,credit_card
5a13fa40-c276-4bab-a3aa-36e2ecaf5a8c,M0085,2023-12-18,59,success,debit_card
26d7f368-92a8-4d7a-9a5e-7b7e9c47cc04,M0085,2024-01-17,59,success,credit_card
ae0559d8-4537-43f9-b0e3-413942c62407,M0085,2024-02-16,59,success,debit_card
b744d821-d307-4bce-945f-28243dcfc967,M0086,2023-11-18,29,success,credit_card
8f4cf087-ddb6-40fc-bf8a-58aa800ca8ba,M0086,2023-12-18,29,success,bank_transfer
f4f6e3b8-9e46-4e1d-8d7c-6e1bfe58152f,M0086,2024-01-17,29,success,credit_card
efa16542-a5bd-41de-b0e5-8661d0e80f4f,M0086,2024-02-16,29,success,bank_transfer
a2786263-f04e-4a84-bd5e-dd634bfe65aa,M0086,2024-03-17,29,success,bank_transfer
3c011757-b656-4d6d-8b28-becfb3fefdab,M0086,2024-04-16,29,success,debit_card
c566dc4d-975c-446d-b67a-7b31bcc9ae0d,M0086,2024-05-16,29,success,credit_card
8b69079c-d5fc-4d1a-a7ad-d059992ebdd0,M0087,2023-10-01,99,success,debit_card
881a11a5-049b-4edd-ad57-eeef3737701b,M0087,2023-10-31,99,success,credit_card
b1b719a6-2cd3-4321-b78a-ba8572cf6865,M0087,2023-11-30,99,success,credit_card
e37b0ba0-37bd-4b4e-8bdf-99351d04d64e,M0087,2023-12-30,99,failed,bank_transfer
dfdbe8a3-966a-4ef2-aeaa-3c8eae5f07e0,M0087,2024-01-29,99,success,debit_card
f542b9ef-c8f2-419d-b099-784ca9da1c5a,M0087,2024-02-28,99,success,debit_card
1124ee2f-b8c7-4e4c-8599-140c8ffd3719,M0087,2024-03-29,99,success,bank_transfer
f1acc8f2-ed7d-41d2-b8d1-e590b0dd7b4b,M0087,2024-04-28,99,success,bank_transfer
c96aeaa8-d21b-4952-b0dd-6521eae74d9d,M0087,2024-05-28,99,success,bank_transfer
d4b8bea0-60a4-4b4a-bab7-9a2b81d7c750,M0088,2023-06-04,29,success,bank_transfer
0a830a0f-759a-498a-bcdc-5d8c5c34e2c0,M0088,2023-07-04,29,success,bank_transfer
366947cb-e146-4370-9544-01c47d9ebcbe,M0088,2023-08-03,29,success,bank_transfer
df017bea-d0d1-4468-91f6-2ccfdd80d38c,M0088,2023-09-02,29,success,bank_transfer
1c49fd72-978f-4eaa-b5c4-e964c9e11623,M0088,2023-10-02,29,success,debit_card
b344cb3b-d3d8-4417-86b6-0734dd9dc23f,M0088,2023-11-01,29,success,debit_card
bb5e43fc-838e-4244-bc47-96507413196b,M0088,2023-12-01,29,success,credit_card
ae11d00e-1d83-4f85-afa6-eeddb404051e,M0088,2023-12-31,29,success,debit_card
a8d9158b-0f5a-422d-9a64-a0059da135ea,M0088,2024-01-30,29,success,credit_card
feaed610-ed59-46bf-aa73-2647a3e89b6b,M0088,2024-02-29,29,success,credit_card
b37ccb2a-90d9-465b-a323-ced0dd34d823,M0088,2024-03-30,29,success,credit_card
72073880-d4fa-4921-9653-e620f02cfcfb,M0088,2024-04-29,29,success,debit_card
f4748057-7bdb-4fa7-a4e7-c5630270817e,M0088,2024-05-29,29,success,bank_transfer
856f16de-d339-44cc-b39b-3895e93e0e73,M0089,2022-10-30,29,success,debit_card
02c4bf8b-3748-4967-91a9-e6f4781f6be3,M0089,2022-11-29,29,success,debit_card
65715988-5c45-4f71-ba15-b6e777795306,M0089,2022-12-29,29,success,bank_transfer
c47741d3-d4ce-4ce3-bcdd-efc534e9abbd,M0089,2023-01-28,29,success,credit_card
6b23a25d-13ee-4287-8430-e7654af1b108,M0089,2023-02-27,29,success,credit_card
d45952bf-b296-4917-a3c8-115724de6849,M0089,2023-03-29,29,success,bank_transfer
78d0ceb5-b28a-4c5a-a2dc-5d73d5462b67,M0089,2023-04-28,29,success,credit_card
cb8a7a25-6cb7-4d96-aa36-c317ff1aa457,M0089,2023-05-28,29,success,bank_transfer
b7967d09-a6c6-43c7-a0f0-5c26f72cd2e7,M0089,2023-06-27,29,success,debit_card
4fdbe704-c8d5-4765-a60f-c63cf0b2d64f,M0089,2023-07-27,29,success,credit_card
e86b3912-09c5-43a0-a879-680c7060c6f3,M0089,2023-08-26,29,success,credit_card
cab71e79-625a-4a2e-ace6-418f6d09d3b2,M0089,2023-09-25,29,success,bank_transfer
14b03b8b-9cc5-4f12-b07b-083b60a39af2,M0089,2023-10-25,29,success,bank_transfer
2009aa4f-d3a0-4fa6-be28-3b3282a3538f,M0089,2023-11-24,29,success,bank_transfer
0cb7619d-58c9-4251-a174-6da7bfac3c1e,M0089,2023-12-24,29,success,debit_card
d88ba78d-1f72-4056-b788-89c280f404c0,M0089,2024-01-23,29,success,credit_card
9faa3e69-42a7-48f5-a13c-18b30cb47e4f,M0089,2024-02-22,29,success,debit_card
f06f6198-5858-4593-a0b5-51d4cf1030c5,M0089,2024-03-23,29,success,debit_card
9074d76e-6278-480a-bce5-f67c4fbaa226,M0089,2024-04-22,29,success,debit_card
0c138cfc-a74b-45cc-adb4-e9a970de6c6a,M0089,2024-05-22,29,success,debit_card
7e93e655-36da-4220-8d8d-55941fbd4a0c,M0090,2023-11-25,29,success,credit_card
c7441304-c339-445e-bfe7-afdf6b01460f,M0090,2023-12-25,29,success,bank_transfer
3d9e6e80-a60d-4dbc-ac34-e5f7ceb2f11d,M0090,2024-01-24,29,failed,credit_card
376d4700-f70c-45f6-8ff6-6a3e0182e6ce,M0090,2024-02-23,29,success,credit_card
3e694d62-b139-4acf-a725-acbfae0f32a1,M0090,2024-03-24,29,success,bank_transfer
d48a6280-193a-4fe9-be42-307fd7fbca6e,M0090,2024-04-23,29,failed,credit_card
fb1eba1b-10e7-4f5b-8dbe-98bbee1eb000,M0090,2024-05-23,29,success,debit_card
a71a8c38-019b-485e-857e-c919e1361a64,M0091,2023-02-20,29,success,debit_card
793fd3d4-9b1c-4e8c-a434-78721d4df3bd,M0091,2023-03-22,29,success,debit_card
af440061-2c2e-47b6-8a7c-21273975adc7,M0091,2023-04-21,29,success,debit_card
eb92ed3a-ced5-491c-9fd3-80cbfc0a25b9,M0091,2023-05-21,29,success,credit_card
5d80c03d-13f2-417e-bd27-58aea9357021,M0091,2023-06-20,29,success,credit_card
22ef7cc9-3663-478d-aeb6-ef22ea0a8fd2,M0091,2023-07-20,29,success,debit_card
30c6fa45-ebaa-4765-9fff-2b23ea242433,M0091,2023-08-19,29,success,debit_card
5dc1f792-c5a7-4af9-b6e5-95770894c1c7,M0091,2023-09-18,29,success,debit_card
54257fca-f99f-499e-8ae8-e80b4eb0ad79,M0091,2023-10-18,29,success,credit_card
7585f0a5-2529-4128-b19f-aa6db671fbd1,M0091,2023-11-17,29,success,bank_transfer
1673f1ab-4aa6-44c8-9605-49e086feccc7,M0091,2023-12-17,29,success,debit_card
b3ad85be-3a4f-4d00-a766-17f720cfedfa,M0091,2024-01-16,29,success,credit_card
c0b7b0ae-052d-4c93-ab30-333591839749,M0091,2024-02-15,29,success,bank_transfer
72271b9b-9376-4c3d-af5c-3353e16a6e2e,M0091,2024-03-16,29,success,bank_transfer
de712aaf-af8f-4f32-af1f-0d51043f0a69,M0091,2024-04-15,29,success,credit_card
0eb82f3a-d39f-4452-be51-78cdae34888e,M0091,2024-05-15,29,success,bank_transfer
41f0a038-706e-49a1-aa11-710f48334197,M0092,2023-03-17,59,success,debit_card
41da37e2-3637-478c-9b01-b807f465a8cb,M0092,2023-04-16,59,success,bank_transfer
3964d618-61de-473f-8397-552f8c67c0a2,M0092,2023-05-16,59,success,bank_transfer
2f800760-daa3-46a4-920c-57d09da2380f,M0092,2023-06-15,59,success,debit_card
c48f47fb-20fd-44fa-90d8-79ec63000abf,M0092,2023-07-15,59,success,debit_card
5d4d7e46-a967-4cdc-8288-b22e290b915c,M0092,2023-08-14,59,success,credit_card
fbc3350d-bffd-4ac4-9b2c-814727fbc033,M0092,2023-09-13,59,success,credit_card
711a7280-54a1-4876-81ca-8e1935cbcba8,M0092,2023-10-13,59,success,credit_card
3a2b104f-e2b0-487a-8359-f926acb82fdf,M0092,2023-11-12,59,success,debit_card
7192c889-4997-4d6e-8c76-9a60c6a9ee1e,M0092,2023-12-12,59,failed,debit_card
a16ede08-c66e-407f-9702-56f85b0778a8,M0092,2024-01-11,59,success,debit_card
a080fc37-bb23-48b5-b371-42110d732ce6,M0092,2024-02-10,59,success,credit_card
8c5bb3e0-7a4d-45e8-ae9b-e3630acaad70,M0092,2024-03-11,59,success,bank_transfer
4e35ece5-a2e6-4009-9633-220d10337d7a,M0092,2024-04-10,59,success,debit_card
cac0718b-5c9c-4c7d-83be-847158c7ba65,M0092,2024-05-10,59,success,credit_card
cfd13e86-369c-4dc4-89b2-514c28a17a61,M0093,2023-03-29,29,success,credit_card
64740bf7-a767-440a-b585-bb2d91fd4f1a,M0093,2023-04-28,29,success,debit_card
7b8fcef0-dbd6-4f02-bea3-9db513efd7c8,M0093,2023-05-28,29,success,bank_transfer
5363c4a7-a7bf-4308-97ca-7dfb4c9c4315,M0093,2023-06-27,29,success,bank_transfer
b3edb89b-44bd-47c3-b6c2-f8745f36e836,M0093,2023-07-27,29,success,debit_card
a5cdf436-0c6d-4b73-8af7-5b02db36b644,M0093,2023-08-26,29,success,bank_transfer
a8879501-c384-48c3-94da-493f2ab52aa3,M0093,2023-09-25,29,success,credit_card
6cc4d663-2d39-4ba6-b967-90a1d0fbf569,M0093,2023-10-25,29,success,credit_card
c3c1373a-63de-4bae-9e46-e03142391649,M0093,2023-11-24,29,success,bank_transfer
b662920f-b372-4b42-a94b-18efeaa7c01a,M0093,2023-12-24,29,success,debit_card
52010b63-7ec7-4937-b4aa-cc60eec90471,M0093,2024-01-23,29,success,debit_card
1025847e-c27a-46a7-94d1-6c2501b47729,M0093,2024-02-22,29,success,credit_card
5a9e96f9-1603-4957-b685-7153cc248c01,M0093,2024-03-23,29,success,debit_card
f37b8122-0b7b-41aa-b6d2-3e9c5f8a2028,M0093,2024-04-22,29,success,debit_card
109a15f7-b871-42dc-a4cf-db4383b1c94b,M0093,2024-05-22,29,success,debit_card
c6d48fce-d8c7-4c1e-a9e7-b04591470d0d,M0094,2022-06-23,29,success,bank_transfer
cb8f6381-7707-42d4-a025-ed68f6679049,M0094,2022-07-23,29,success,bank_transfer
44063ebf-a6c4-4e06-b032-5ead58d7e3fe,M0094,2022-08-22,29,success,bank_transfer
77548936-d866-4c21-bf85-d7c16875046c,M0094,2022-09-21,29,success,debit_card
a37e195b-6de9-47ed-90a3-1cbc02270716,M0094,2022-10-21,29,success,debit_card
65c3faa0-f042-4d87-86e5-90706421cd4a,M0094,2022-11-20,29,success,bank_transfer
f42d840c-510c-496b-aa0e-995531a0b199,M0094,2022-12-20,29,success,bank_transfer
000b21b6-ab48-4e9d-a0e4-b2d954458a56,M0094,2023-01-19,29,success,bank_transfer
d6b5e295-3359-4fb3-bc56-4bc180a4f7cf,M0094,2023-02-18,29,success,debit_card
fb53415e-881f-4abc-9e15-35e6f015c9b9,M0094,2023-03-20,29,success,bank_transfer
b95fd1cc-2a00-4443-a92c-1696b49ba671,M0094,2023-04-19,29,success,credit_card
db0c0c27-b280-4e12-8637-de7c6ad148e4,M0094,2023-05-19,29,success,bank_transfer
fba92576-4c1d-4926-a77f-449ab451be72,M0094,2023-06-18,29,success,credit_card
55589e08-d637-4e19-ac1e-38079d769dd7,M0094,2023-07-18,29,success,bank_transfer
1229ea71-3f59-4716-9326-fcdb81f1f4d1,M0094,2023-08-17,29,success,bank_transfer
a35a0376-e6a4-4fa4-af9c-41d26617d5a9,M0094,2023-09-16,29,success,bank_transfer
205ba6e1-6472-4cbf-b0f9-b18190f6ae68,M0094,2023-10-16,29,success,bank_transfer
3f96927b-972c-42df-8596-be926f1351bf,M0094,2023-11-15,29,success,credit_card
9d41bede-2008-4c48-b1e4-08f0d7834518,M0094,2023-12-15,29,success,debit_card
e4d3ae5e-ad57-4b7b-894a-e4e05e0bdd39,M0094,2024-01-14,29,success,credit_card
c9525b37-ab03-4cab-a512-9c69e05a6f38,M0094,2024-02-13,29,success,debit_card
55d6efb2-ed17-4e92-bb0c-e5eef5678971,M0094,2024-03-14,29,success,debit_card
1aed6176-56d4-4ecb-98bf-c33bbd6f5349,M0094,2024-04-13,29,success,bank_transfer
9736d845-3c93-43a6-bfe3-02b50cbd030c,M0094,2024-05-13,29,success,credit_card
a38c82ff-1689-4e1f-becf-f90e1bd59748,M0095,2023-09-27,99,success,credit_card
3fa7138d-f5a5-4a38-9d71-d8c542cc7365,M0095,2023-10-27,99,success,credit_card
56bf3b91-6c3e-4b34-a411-f389a5347473,M0095,2023-11-26,99,success,debit_card
016c7125-f64b-4bee-89c9-0f205dff8c15,M0095,2023-12-26,99,success,credit_card
56ebe83a-488f-40f5-826e-753abfe5e971,M0095,2024-01-25,99,success,debit_card
86d7faea-362d-41d7-bfa9-a156821564d1,M0095,2024-02-24,99,success,bank_transfer
f6203419-e5e3-47f5-98a5-05de763b291b,M0095,2024-03-25,99,success,bank_transfer
c25335a3-8784-4476-b58e-066fe1d155de,M0095,2024-04-24,99,success,debit_card
6aa133ca-4097-42eb-b476-361a26875164,M0095,2024-05-24,99,success,bank_transfer
8e34153c-0e4b-48c4-8765-451e1fce0806,M0096,2022-11-14,29,success,credit_card
d657316f-8107-4379-8e15-10daac6cf2a0,M0096,2022-12-14,29,success,credit_card
4979e075-4585-4547-88d5-8744d0986a2a,M0096,2023-01-13,29,success,bank_transfer
1f2bd0af-4a1a-45b0-a5f2-4c93708b47f6,M0096,2023-02-12,29,success,bank_transfer
9bdd7f79-a3d6-4940-9a24-59af186c39e9,M0096,2023-03-14,29,success,debit_card
05b37a4d-470b-4869-8541-849edf52729c,M0096,2023-04-13,29,success,bank_transfer
3c615676-0b6f-42bf-9d6d-92ba29ae778a,M0097,2023-05-02,59,success,bank_transfer
77de49e6-c50d-40f2-aeea-15877e67c5ab,M0097,2023-06-01,59,success,credit_card
f0bada15-e772-439e-96ba-5903c51f8cbc,M0097,2023-07-01,59,success,debit_card
e3c7ab07-7750-4c11-bc53-b129f05350f4,M0097,2023-07-31,59,success,credit_card
869c60c7-971f-44ba-9091-d0f10cf5108c,M0097,2023-08-30,59,success,credit_card
5104c7a7-3faa-43f2-9864-80e306d9f067,M0097,2023-09-29,59,success,credit_card
99b800c4-aaed-44ea-9fcf-79079fd45b25,M0097,2023-10-29,59,success,credit_card
d338c2fe-3b87-40c7-bfdc-ac86f964d0d3,M0097,2023-11-28,59,success,bank_transfer
ad862f80-7e03-4cb5-9456-bf1d675089ad,M0097,2023-12-28,59,success,bank_transfer
eb4d95a5-7547-430b-b706-1c9a3e8a9871,M0097,2024-01-27,59,success,bank_transfer
aa9e8592-8bd6-4c4a-be36-f4967db4b3df,M0097,2024-02-26,59,success,debit_card
f5013ee0-4738-4f14-ba11-c582cab2d507,M0097,2024-03-27,59,success,bank_transfer
34d27774-dee8-4f4f-b2b6-2328ca8bca52,M0097,2024-04-26,59,success,bank_transfer
2f2a4b55-d4fd-42f2-92b5-22c3203f87f1,M0097,2024-05-26,59,success,bank_transfer
ade1a733-69bc-423d-8fcb-6cd8b1b55ef5,M0098,2023-10-07,59,success,credit_card
b215861a-7630-4b2a-846b-a38adaeb6d58,M0098,2023-11-06,59,success,credit_card
32b3fc17-217f-4c40-922c-c07750877cad,M0098,2023-12-06,59,success,bank_transfer
f6b3a143-fc7a-40cd-a676-3dd2406ab5c8,M0098,2024-01-05,59,success,credit_card
f015df3f-f16e-45f5-aaa0-8dd600bb733e,M0098,2024-02-04,59,success,bank_transfer
50020928-c08c-497f-a84a-36c5e7a865d8,M0098,2024-03-05,59,success,debit_card
856c9275-9351-4281-b753-fe1ff09d11c4,M0098,2024-04-04,59,success,bank_transfer
43e1cb23-ff58-48bf-a3a4-168c85d61e8b,M0098,2024-05-04,59,success,debit_card
1f5518fc-ee1c-4c69-a3bb-b4424533a181,M0099,2023-02-14,59,success,debit_card
1b2a34d0-9f26-4508-aa66-a57aa88a15b6,M0099,2023-03-16,59,success,debit_card
163146c5-da16-45a7-b25d-85bc03ad5c07,M0099,2023-04-15,59,success,debit_card
3fc3a6a4-7ee4-4f7b-bb86-b9bed14efe9b,M0099,2023-05-15,59,success,bank_transfer
81ee1298-2860-4283-92d6-92642f8205a6,M0099,2023-06-14,59,success,debit_card
7c1427a1-fea8-4af6-bc59-5b743301b416,M0099,2023-07-14,59,success,bank_transfer
a43558aa-dd29-412b-a0de-838a44a0ffc0,M0099,2023-08-13,59,success,debit_card
1624b134-2dce-4f9b-8f15-6571dfcb9198,M0099,2023-09-12,59,success,debit_card
363c2dd7-b845-403d-9e87-466af146981f,M0099,2023-10-12,59,failed,credit_card
cdf2cc77-8d57-4c4c-b38a-2b4e540b3888,M0099,2023-11-11,59,success,bank_transfer
a854e395-7f1c-49e2-a692-af5b27ab212c,M0099,2023-12-11,59,failed,credit_card
43a00482-8fff-4c7e-9c22-e19c9c84bf57,M0099,2024-01-10,59,success,debit_card
d8bfdab9-e71e-4cec-b598-b8a28e6353b7,M0099,2024-02-09,59,failed,credit_card
0f79dd8a-3280-440e-af61-59289c51efa9,M0099,2024-03-10,59,success,debit_card
1544a154-b6a3-4f53-bd5b-1e65e8132981,M0100,2022-08-13,29,failed,bank_transfer
350f6ba2-ea21-46fe-b159-c4eb9b4489ca,M0100,2022-09-12,29,success,bank_transfer
1358cc76-3018-4820-98c6-18212974a8ea,M0100,2022-10-12,29,success,bank_transfer
fc088bd1-2d95-433c-b5c9-49d19223a1eb,M0100,2022-11-11,29,success,credit_card
ebcbc1af-b0fb-46a7-9a62-2b52cb606561,M0100,2022-12-11,29,success,debit_card
d6582d1a-c702-47bb-afc6-f70593c6c6b0,M0100,2023-01-10,29,success,credit_card
eda460ce-e988-4777-92b4-b99663635abf,M0100,2023-02-09,29,success,bank_transfer
592e5c6b-f6f7-4ffc-aecc-e00a04f43c09,M0100,2023-03-11,29,success,debit_card
7cc692e0-073e-403a-97d2-354ee19f895a,M0100,2023-04-10,29,success,credit_card
62e89817-3b68-4cb9-8d65-3f7672cf1067,M0100,2023-05-10,29,success,bank_transfer
6cbf58b1-fe76-4777-b8af-10cde5997d3f,M0100,2023-06-09,29,success,bank_transfer
3b56869a-f605-4f39-9e53-4e69148b6f67,M0101,2022-05-05,99,success,debit_card
2bf4df21-e4a9-4cf8-862e-0c71dd02828a,M0101,2022-06-04,99,success,credit_card
dae36ce6-efd8-401c-9384-62664f495d4c,M0101,2022-07-04,99,success,bank_transfer
ed52e860-ba4e-4ab8-bcd9-64cd5c3957eb,M0101,2022-08-03,99,success,credit_card
d4560771-9a9d-40fc-aef4-c776b5b049e6,M0101,2022-09-02,99,success,debit_card
7b230d35-bfaa-4f2f-8083-03a38faee370,M0101,2022-10-02,99,success,bank_transfer
14e92b5b-be50-4b46-a254-1752289ad801,M0101,2022-11-01,99,success,credit_card
61eefff1-2609-4a2a-855b-ff814f0d06ec,M0101,2022-12-01,99,success,debit_card
ce48567e-ec39-41ea-9347-a038e22fba3f,M0101,2022-12-31,99,success,debit_card
2ea97351-ec17-43fe-a784-21d26bed0c67,M0101,2023-01-30,99,success,credit_card
189c88af-15c3-4931-a47b-881447da5f02,M0101,2023-03-01,99,success,credit_card
7bd77979-02be-4caf-bd31-440cac34734d,M0101,2023-03-31,99,success,bank_transfer
bcc4f0a9-ef36-4ce1-9103-fd478d5615e8,M0101,2023-04-30,99,success,bank_transfer
35faaa46-6367-4267-af13-4e66ec6f4d11,M0101,2023-05-30,99,success,debit_card
aa0326fc-ca51-4df5-b795-c9537f6ad6fa,M0101,2023-06-29,99,success,bank_transfer
a53658f3-3a5a-4809-94bb-747c96aacbfb,M0101,2023-07-29,99,success,bank_transfer
2057cde7-a327-459f-a98f-b7bd1083f7ff,M0101,2023-08-28,99,success,debit_card
623ce218-3170-4f9d-bfaa-26ceb86f1bd1,M0101,2023-09-27,99,success,credit_card
194ffc98-3796-4867-b514-cd71aed3ad66,M0101,2023-10-27,99,success,bank_transfer
48233124-907b-425b-9ca3-ebe4e45263b2,M0101,2023-11-26,99,success,debit_card
05e0f78b-285e-448f-ac7f-c4fa27378ef7,M0101,2023-12-26,99,success,bank_transfer
e0678e68-3511-4398-979c-603d22ee7486,M0101,2024-01-25,99,success,credit_card
1f6c596f-86e0-4de0-8931-92e32b7c7b6d,M0101,2024-02-24,99,success,debit_card
f121a2cd-b0af-4e93-a664-6365eefd153b,M0101,2024-03-25,99,success,credit_card
860cb996-332e-4ab6-9140-c157618f1aea,M0101,2024-04-24,99,success,credit_card
6661c459-15c3-48ab-a0fc-aa7c70ab268c,M0101,2024-05-24,99,success,bank_transfer
541e6401-73b0-40c6-8840-a058b92e876b,M0102,2023-07-27,99,success,debit_card
77a50f86-5428-42c3-882a-d0cdf26a8e8a,M0102,2023-08-26,99,success,debit_card
34095f98-1d6f-4fc6-9a67-457695c2403d,M0102,2023-09-25,99,success,bank_transfer
d2f93a80-7a3e-4057-b6bd-21f015c84222,M0102,2023-10-25,99,success,credit_card
104bf7d4-e02d-4856-b4e0-31234b84b70d,M0102,2023-11-24,99,success,credit_card
0df32cd2-7f41-4cfa-ab35-4c6cc91a048d,M0102,2023-12-24,99,success,bank_transfer
7893fbd6-cfa2-4c29-b66f-fdc99fd9ea42,M0102,2024-01-23,99,success,bank_transfer
e3644e89-45eb-4482-ba4f-a5aa564171f6,M0102,2024-02-22,99,success,bank_transfer
092ebf6e-57ed-4169-9e72-da87ef551c8e,M0102,2024-03-23,99,success,credit_card
306466c2-0222-4836-a2a0-202adff6be35,M0102,2024-04-22,99,success,debit_card
31b657c8-747d-4f7d-95c8-47050ff700d9,M0102,2024-05-22,99,success,bank_transfer
90e3c3aa-e6c3-461d-9526-312c1553893d,M0103,2023-06-01,99,success,bank_transfer
9f3e65ad-02cc-4604-914a-dc1bf23bccb1,M0103,2023-07-01,99,success,debit_card
74ab5469-c847-45e6-8d94-82977131b514,M0103,2023-07-31,99,success,debit_card
876db238-3e72-43af-ac8e-d352576a6c5d,M0103,2023-08-30,99,success,bank_transfer
23d34866-01aa-49ab-90f6-766413d638b3,M0103,2023-09-29,99,failed,debit_card
7f86f1e4-0053-40bd-a661-c0191526a49a,M0103,2023-10-29,99,success,debit_card
0e219211-415a-427c-bd1f-99c090f76a89,M0103,2023-11-28,99,success,debit_card
10ac91d0-46c3-4703-b96b-3c535b053421,M0103,2023-12-28,99,success,debit_card
4575b77e-334f-4604-811d-1fa22fa3dc17,M0103,2024-01-27,99,success,credit_card
d8654eef-800a-4cb9-9521-01ee5a43f82c,M0103,2024-02-26,99,success,debit_card
a50495ce-8e69-4398-98a1-0c3897d157f5,M0103,2024-03-27,99,success,bank_transfer
547012a5-a979-4995-b5b2-09e816fb5e1f,M0103,2024-04-26,99,success,credit_card
7561c595-4d58-44b3-aa8c-ddbfb2d29ca0,M0103,2024-05-26,99,success,credit_card
0716cd90-bc98-4b92-be7d-ecf4a27f40c9,M0104,2023-05-02,59,success,credit_card
3b4bbe9d-28ea-4834-a7b1-3ca0624d6241,M0104,2023-06-01,59,success,debit_card
81ad292d-a75c-478b-8377-e9fc3cfd826f,M0104,2023-07-01,59,failed,bank_transfer
1b5b74c1-f599-45bb-8bbd-d5bf1d7d1f66,M0104,2023-07-31,59,success,debit_card
cf08623b-b8ea-4eb6-a8b9-b7bf744fbf2f,M0104,2023-08-30,59,success,credit_card
b7fb701c-3c4e-4587-83f1-bf27712c71f4,M0104,2023-09-29,59,success,bank_transfer
3c90e038-56fd-47d4-913b-868d4a4cce53,M0104,2023-10-29,59,success,credit_card
aa10bbd7-afea-4a35-b729-56493e207f72,M0104,2023-11-28,59,success,debit_card
3d93b78e-cda0-434b-9b02-72e8d5d6e982,M0104,2023-12-28,59,success,bank_transfer
212208a9-22a2-458f-bb18-3a13dc64727c,M0104,2024-01-27,59,success,credit_card
e8a3cf25-2d08-42dd-a572-31434255ba71,M0104,2024-02-26,59,success,bank_transfer
cf36663d-5228-4437-9992-01e7f2843b67,M0104,2024-03-27,59,failed,bank_transfer
d7ef757f-e737-4819-9ca9-d2d2c3311d7a,M0104,2024-04-26,59,success,bank_transfer
ca17037a-1871-4b18-a313-09fad6f731aa,M0104,2024-05-26,59,success,credit_card
b029619f-1718-4847-9a4d-ab7422c49731,M0105,2023-06-18,29,success,credit_card
5c266b37-64bd-4ebb-80bb-50091ce2bbf4,M0105,2023-07-18,29,success,bank_transfer
34758924-5151-441d-9abe-9108787513af,M0105,2023-08-17,29,success,debit_card
c896d449-f93e-4568-b3ba-064dbd5f1ca4,M0105,2023-09-16,29,success,credit_card
594a48b5-9862-4723-9521-68bbed4ff4ce,M0105,2023-10-16,29,success,bank_transfer
d7438274-0a25-41b9-888b-7627164fd4e5,M0105,2023-11-15,29,success,bank_transfer
5c58a997-bb71-4f50-b670-3ebc644f9caf,M0105,2023-12-15,29,success,credit_card
368e9c9e-b41c-414a-8175-15f6ae388081,M0105,2024-01-14,29,failed,bank_transfer
403085e2-7aca-4553-acfa-2ef3ea1272c6,M0105,2024-02-13,29,success,debit_card
8f91d021-a82a-4800-8c8a-bf689ce88bbd,M0105,2024-03-14,29,success,bank_transfer
42bb6cdd-9e32-44d9-80eb-1870ee448bff,M0105,2024-04-13,29,success,debit_card
b113a113-9d2a-4869-95ed-38bb8cf186e5,M0105,2024-05-13,29,success,bank_transfer
c9f1de6c-da4e-48fc-af48-364a00e615d7,M0106,2024-01-01,29,success,credit_card
b16a975d-c5cf-4f13-bcb3-2a5364805efc,M0106,2024-01-31,29,success,debit_card
c3ec03de-b901-4fad-9884-200f561a4736,M0106,2024-03-01,29,success,bank_transfer
dd47a9be-66b8-4d16-b1a6-f5e535fce968,M0106,2024-03-31,29,failed,credit_card
266c6373-d650-401c-9842-1e409f4a9349,M0106,2024-04-30,29,success,debit_card
687565c1-bdb1-430b-9ab5-e0402852b1e2,M0106,2024-05-30,29,success,debit_card
86d02018-2d8a-4e6d-ade7-13f2455789bd,M0107,2022-03-24,29,success,credit_card
1d1c8308-86d5-409c-ba2c-e26b99c7c5b9,M0107,2022-04-23,29,success,debit_card
0be55deb-c678-4d05-ba29-386aebd055f3,M0107,2022-05-23,29,success,debit_card
f993dc17-b281-46a3-9ab3-c13e1bae5d5e,M0107,2022-06-22,29,success,bank_transfer
20cb3423-4113-44c1-8240-a9108e8ebce3,M0107,2022-07-22,29,success,credit_card
1fe86004-3a5f-461e-849e-1ff05073e775,M0107,2022-08-21,29,success,debit_card
0c95f245-1f97-4045-b23d-4500497883b2,M0108,2022-08-08,29,success,credit_card
3f2adcf2-8d85-40ef-b577-6e428206a70a,M0108,2022-09-07,29,success,debit_card
33d12cf2-de90-48cc-ab25-c98d37e8405c,M0108,2022-10-07,29,success,debit_card
8b9f11a6-7516-4cc3-8ab3-1115bad7cf78,M0108,2022-11-06,29,success,bank_transfer
f26e4227-35b4-4059-9a2f-1e0a3942b958,M0108,2022-12-06,29,success,bank_transfer
c02becb4-95af-400a-b3ce-48506a355255,M0108,2023-01-05,29,success,bank_transfer
e2308cd8-3295-4e70-b527-cf3382433fa2,M0108,2023-02-04,29,success,bank_transfer
ae633496-32f9-4ca7-a995-7e73c9ec49be,M0108,2023-03-06,29,success,debit_card
8677cd2f-aaa4-4c3c-9a2b-28e98510a1f9,M0108,2023-04-05,29,success,credit_card
5c24e80b-9919-45d3-aa65-85dd112c3e13,M0109,2022-03-05,29,success,debit_card
cb312435-0fbb-48f5-80af-804898e6d3b9,M0109,2022-04-04,29,success,debit_card
b147fdef-6f95-48c6-acf5-4df3a3a21b37,M0109,2022-05-04,29,success,credit_card
2b102338-7c88-4b7a-b128-d066a2287a36,M0109,2022-06-03,29,success,credit_card
0cccbca7-0158-4af6-b844-97a958b08dea,M0109,2022-07-03,29,success,bank_transfer
3f0bbbc4-6df0-4427-af5a-ecaf936a8235,M0109,2022-08-02,29,success,credit_card
b0b97e32-c053-4ffa-aef8-972eb97d7c13,M0109,2022-09-01,29,success,bank_transfer
903384e2-02db-42c4-bc76-9a83e76902ec,M0109,2022-10-01,29,success,credit_card
a53841b0-7fa4-4985-9ae2-16e062ec8ac7,M0109,2022-10-31,29,success,credit_card
b4a0f34e-bac2-41c6-92a0-ed56311b7524,M0109,2022-11-30,29,success,bank_transfer
1eebda85-850c-4518-bc69-4b7d7da35f59,M0110,2022-01-21,59,success,debit_card
f00702a8-8010-459b-8f1a-a094224096bb,M0110,2022-02-20,59,success,bank_transfer
60b0e18c-73ce-4082-87f5-dbdab256ba4d,M0110,2022-03-22,59,success,credit_card
dd99c22e-e738-4591-ba03-b2c5f6c80df5,M0110,2022-04-21,59,success,credit_card
a0381e88-1226-4fe4-8ea1-968517c06a3e,M0110,2022-05-21,59,success,debit_card
d585f970-69cd-43ea-9558-fb2935f895b2,M0110,2022-06-20,59,success,debit_card
71c7156a-c2ce-471f-9d60-7d841d667ab0,M0110,2022-07-20,59,success,debit_card
708d1ff5-d54c-413a-9436-4b87bb4f0aad,M0110,2022-08-19,59,success,bank_transfer
c70bf62b-12a0-42de-bc57-611718d50d2e,M0110,2022-09-18,59,success,debit_card
aec9f52a-5482-42d9-9d0d-49beb9c23f5d,M0110,2022-10-18,59,success,credit_card
130d1c2c-e5c8-464f-9c33-d7001efb4aa5,M0110,2022-11-17,59,success,credit_card
21b55f02-08f7-4df6-a17d-834f14529bb3,M0110,2022-12-17,59,failed,bank_transfer
587e291d-a817-405b-ab1b-418d3e54d320,M0110,2023-01-16,59,success,bank_transfer
46074e79-7830-436a-b9a3-98817dff5f0b,M0110,2023-02-15,59,success,credit_card
f32a3a79-29da-4ac3-a95b-c6eda72a0fe6,M0110,2023-03-17,59,success,credit_card
921c6130-ce4e-4a22-804d-286865a0fbf8,M0110,2023-04-16,59,success,debit_card
5557269e-4460-468d-8566-dcf0d3815452,M0110,2023-05-16,59,success,debit_card
88af78f0-7444-4ebb-aee8-5f071f1bc02d,M0110,2023-06-15,59,success,bank_transfer
12aef3b4-0fcf-4989-8e10-9d704ea5ec6d,M0110,2023-07-15,59,success,bank_transfer
9a865e95-0a46-47cb-87e6-f9e0e3615f3a,M0110,2023-08-14,59,success,debit_card
32255056-1c26-4495-92aa-a5384a4d1f8c,M0110,2023-09-13,59,success,credit_card
9ca97410-c092-42c4-9bd2-7e5e56bf3baf,M0110,2023-10-13,59,success,credit_card
c3632b69-4670-412c-ab57-cf5ed41c64a6,M0110,2023-11-12,59,success,credit_card
db5c4f9f-1637-4f65-a2be-5151d14bbe6a,M0110,2023-12-12,59,success,debit_card
6703c6d3-8694-4f4b-a7da-059d0fadfcf7,M0110,2024-01-11,59,success,bank_transfer
8e13a11c-b342-4c0a-8131-164f66141b74,M0110,2024-02-10,59,success,credit_card
2932cdbd-8176-48e0-8e95-dcdbb18348e4,M0110,2024-03-11,59,success,debit_card
b68fbcf9-5d24-4de4-bdcd-f9f2111af21f,M0110,2024-04-10,59,success,debit_card
792b13b6-ba64-4944-ad77-723d26fcb5f0,M0110,2024-05-10,59,success,debit_card
7b10e52b-7b7e-4562-a8d1-4922934d9aa7,M0111,2022-01-07,29,success,debit_card
6cc8be38-dd07-4cba-9e5b-4c274daa0ba4,M0111,2022-02-06,29,success,credit_card
57821be6-f962-469a-b7f6-8bee2a8db75d,M0111,2022-03-08,29,success,debit_card
c93827c3-1dc2-42f0-a48b-ea3b0a54fa3b,M0111,2022-04-07,29,success,debit_card
2bfec01b-ab90-44a7-815f-07fb20c77b4e,M0111,2022-05-07,29,success,bank_transfer
2114d702-915a-4acd-8858-b99638a57676,M0111,2022-06-06,29,success,bank_transfer
007e0e88-9503-4586-8bcc-1f7068b04ebd,M0111,2022-07-06,29,success,bank_transfer
8e4439e6-8053-4fce-bee3-1c213402622b,M0111,2022-08-05,29,success,bank_transfer
0bd85b98-976b-480e-ab7c-c781810abbed,M0111,2022-09-04,29,success,debit_card
4e45721e-1f0e-45e1-9f0a-85df18448bc7,M0111,2022-10-04,29,success,credit_card
5480d154-241d-410f-8945-d72dd9cca472,M0111,2022-11-03,29,success,credit_card
e3a1b61d-11e8-4d65-9ced-abc051c8d43e,M0111,2022-12-03,29,success,debit_card
95512089-23df-451f-a0c2-79da9cb8734f,M0111,2023-01-02,29,success,credit_card
627e1127-dbb3-45f7-ad4f-a76b4573baf1,M0111,2023-02-01,29,success,bank_transfer
793b998f-15a3-41d9-856d-9e8ec43df39f,M0111,2023-03-03,29,success,credit_card
f191143b-ca0e-478d-b37e-6dc0570be5e5,M0111,2023-04-02,29,success,debit_card
67f5f9d7-ecf9-4c69-9212-adfd8ded6ef1,M0111,2023-05-02,29,success,debit_card
de6b6be1-d292-4abe-9e96-5c8af4361fb3,M0111,2023-06-01,29,success,debit_card
cdb985cb-92ce-47ee-80e5-2a5d431bcd1c,M0111,2023-07-01,29,success,debit_card
fa6c8926-631c-4f38-99fd-e4d824031790,M0111,2023-07-31,29,success,credit_card
01e6ade9-8b88-43f2-ac24-f83fdb6389a8,M0111,2023-08-30,29,success,credit_card
51e4d839-86ef-47a9-8c37-24754dc99523,M0111,2023-09-29,29,success,bank_transfer
354f128e-a96a-4d61-a851-d88870f79706,M0111,2023-10-29,29,success,bank_transfer
9052b1d4-d588-40b7-a22f-f505e9480c16,M0111,2023-11-28,29,success,credit_card
e46266a3-3584-4a06-ade6-7e3360d0e201,M0111,2023-12-28,29,success,bank_transfer
ded73053-560f-41d3-9397-47b5eed7772a,M0111,2024-01-27,29,success,debit_card
0a534de8-c0c9-42f5-a4f8-e1bb25a37713,M0111,2024-02-26,29,success,debit_card
25b6704f-ba97-4386-b251-ef7fcfd230a1,M0111,2024-03-27,29,failed,debit_card
d5830505-8ce6-45f0-b41b-0d2fa3d55bef,M0111,2024-04-26,29,success,bank_transfer
348354cb-9dba-4c33-9b4a-56b9188eada8,M0111,2024-05-26,29,success,debit_card
4457c83b-bfec-411f-8632-8ed4f6bf9ac4,M0112,2023-07-06,59,success,debit_card
2151a4cd-d8db-41b8-9872-910a011ea4eb,M0112,2023-08-05,59,success,bank_transfer
b580db60-b5c3-4573-9f2c-a630f9c3061e,M0112,2023-09-04,59,success,bank_transfer
436941a3-4e43-4554-a31e-9cc8bcaee64c,M0112,2023-10-04,59,success,credit_card
25bc6e79-92de-43db-aa43-f78517707d92,M0112,2023-11-03,59,success,debit_card
7149bb66-f664-4e59-a12b-e7e54abf880c,M0112,2023-12-03,59,success,credit_card
c105cb09-eeec-422b-9543-2d44d74fe0be,M0112,2024-01-02,59,success,debit_card
c3468a23-6b1f-499d-9aad-95bbddc4d157,M0112,2024-02-01,59,success,bank_transfer
cd0f7c7e-ce70-46d6-a75c-09e2fd8c8a75,M0112,2024-03-02,59,success,credit_card
c92b61e2-2e25-4470-8a6b-2f33ebaf769d,M0112,2024-04-01,59,success,debit_card
9f90a187-3245-4163-8511-851f2fb7d614,M0112,2024-05-01,59,success,credit_card
0bf07089-2188-40e2-baaf-f9a3e49e2cea,M0112,2024-05-31,59,success,bank_transfer
227a8905-d62c-442b-a894-18bcda82238c,M0113,2023-05-15,29,success,credit_card
75eefccd-0310-4e38-a602-682438c7cb7d,M0113,2023-06-14,29,success,credit_card
78b56d15-5466-4f98-b7ed-5959ada7d583,M0113,2023-07-14,29,success,bank_transfer
400f261e-808d-4458-827b-5919c7e62ca5,M0113,2023-08-13,29,success,debit_card
3a67e13a-4570-4f40-9cd2-7e92a58f23fa,M0113,2023-09-12,29,success,debit_card
e12576b0-579a-486c-8962-fca60b229272,M0113,2023-10-12,29,success,credit_card
0ad88e57-95d2-412f-9b3e-845d7dff8b93,M0113,2023-11-11,29,success,credit_card
b950814a-6392-4141-b82b-0f862fd3f8b1,M0113,2023-12-11,29,success,credit_card
e42eb896-ff87-4c33-84ec-21ac97ee3ff4,M0113,2024-01-10,29,success,debit_card
4dd9b2f9-8dc9-4124-a240-4624b41cefe9,M0113,2024-02-09,29,failed,debit_card
75fa6175-c111-4467-ba60-d29f6f86066a,M0114,2023-11-16,29,success,bank_transfer
b07daff6-002a-48f3-b42b-1b2c3b375c5b,M0114,2023-12-16,29,success,bank_transfer
a9e43d8d-8716-41e6-a9d4-3c0197d5058f,M0114,2024-01-15,29,success,credit_card
6811bb90-b9cb-4e85-8cca-3040dfefedbb,M0114,2024-02-14,29,success,bank_transfer
3dc99a3b-bbd4-42d2-b9b5-dd4865d64cee,M0114,2024-03-15,29,success,debit_card
57cd0dab-4da5-4fcf-b484-000afb4cb3fe,M0114,2024-04-14,29,success,bank_transfer
8eaccbb0-7e87-431a-b583-4d49e0cbdaae,M0114,2024-05-14,29,success,credit_card
9c12a2a9-d21d-4ee0-8a1b-513658f7411e,M0115,2022-05-11,59,success,debit_card
3fef7327-9f51-4621-a79a-bbf6806a9b7b,M0115,2022-06-10,59,success,bank_transfer
c5f24d0a-6cfb-4513-aa58-a53ce3a02a28,M0115,2022-07-10,59,success,credit_card
4ef3183e-067c-489a-bc5c-ccd12e72249c,M0115,2022-08-09,59,success,credit_card
702f0f19-b66a-4f81-94f1-1126c482f620,M0115,2022-09-08,59,success,debit_card
fd0612d1-7e5e-43dd-9369-d9d091c696ac,M0115,2022-10-08,59,success,credit_card
d375b61c-b61a-4f39-9013-717bef4ef576,M0115,2022-11-07,59,success,bank_transfer
5c241c48-4e87-469c-ad62-5eaeb574c1da,M0115,2022-12-07,59,success,credit_card
6d073e9d-a7d6-474f-97e6-18397884af1c,M0115,2023-01-06,59,success,debit_card
a3ebf4d8-9622-41a8-9083-d953c6124374,M0115,2023-02-05,59,success,credit_card
d09b3e20-35f2-4587-83fd-a2ece1b96f0a,M0115,2023-03-07,59,success,bank_transfer
9deab94a-7f5a-4504-a775-88d53419104b,M0115,2023-04-06,59,success,bank_transfer
b55b4fd9-f16f-427d-aca0-9a5731b4681e,M0115,2023-05-06,59,success,bank_transfer
28d232ab-e593-4151-888f-5503eef80338,M0115,2023-06-05,59,success,debit_card
2a232161-a49d-45c6-be85-94910af00c6d,M0115,2023-07-05,59,success,debit_card
aa655915-10d3-4cf3-996e-8907655b05b8,M0115,2023-08-04,59,success,credit_card
e7b0ac55-9339-4153-a0d9-b668475bb89f,M0115,2023-09-03,59,success,debit_card
bd8841a6-208c-4859-8e2a-a58029a0016e,M0115,2023-10-03,59,success,debit_card
bdfdda95-4605-4531-8f23-9eb60e5dc0e9,M0115,2023-11-02,59,success,debit_card
35ccddba-9fff-4f4a-9cf0-ccb6902e2167,M0115,2023-12-02,59,success,credit_card
74e61246-bb7e-4932-8df8-6316c5f0f4ca,M0115,2024-01-01,59,success,credit_card
1a7c5b80-a13d-4300-8fdc-ba6438de273f,M0115,2024-01-31,59,success,debit_card
7638aa4a-d2ca-48b8-95a5-b7103fcf31b8,M0115,2024-03-01,59,success,debit_card
1905dff1-6681-4f04-a8be-4edce85802f3,M0115,2024-03-31,59,success,bank_transfer
063df853-d9b5-4c2e-abca-87b79cb402b7,M0115,2024-04-30,59,success,credit_card
95a0ec5d-e202-4761-a29e-3e4d1f344b15,M0115,2024-05-30,59,success,bank_transfer
3a5d9a0c-ded0-4107-ad0a-9e08d41861b5,M0116,2023-08-01,29,success,bank_transfer
b36b9bc1-fe85-4816-ba1a-fdbfe1d44a0d,M0116,2023-08-31,29,success,debit_card
c62e37a9-b2ad-4fb3-b198-b6d11a9a6926,M0116,2023-09-30,29,success,bank_transfer
e58e617f-9207-4eab-a33e-5b1ceb0baaa4,M0116,2023-10-30,29,success,bank_transfer
6c147dbc-f2b8-487c-95f5-70e67177e3ad,M0116,2023-11-29,29,success,bank_transfer
6a17568c-e047-4668-b0ca-e33036b90d78,M0116,2023-12-29,29,success,debit_card
98f35d77-64d9-4eb7-9df3-3f761a06e4c8,M0116,2024-01-28,29,success,bank_transfer
9678a770-969f-44ad-a6a3-e7d84868635a,M0116,2024-02-27,29,success,credit_card
441063dc-e4d4-4adf-a929-725f297389a4,M0116,2024-03-28,29,success,debit_card
e66fdf68-37d5-45fe-b024-9ef0601a3fb3,M0116,2024-04-27,29,success,bank_transfer
03253fc8-3a79-42c8-bb27-8cd2dd0724dd,M0116,2024-05-27,29,success,credit_card
8c4d7d4d-22e5-4919-a266-14de636ea2f7,M0117,2023-04-18,29,success,credit_card
71a8d9b6-0049-4f7b-9a18-6c442a0aacef,M0117,2023-05-18,29,success,credit_card
c91170a3-151f-47e0-8029-593c1aa4e336,M0117,2023-06-17,29,failed,credit_card
46315f04-c11a-476a-9ec3-050571c41b2e,M0117,2023-07-17,29,success,credit_card
20c603e9-4d65-4ad2-8100-3c7833a54565,M0117,2023-08-16,29,success,credit_card
964819f3-c73f-4d50-8bcd-af811eae913f,M0117,2023-09-15,29,success,debit_card
5dec9c06-205e-47dc-8106-6a34b56af058,M0117,2023-10-15,29,success,debit_card
691609f5-c00f-490e-ac1a-6dceefc63427,M0118,2022-12-01,99,success,bank_transfer
6e003abf-c481-44d0-b8c0-11377cd9a7f1,M0118,2022-12-31,99,success,bank_transfer
3ea13604-5c6a-434b-97f8-dc644e3cd31d,M0118,2023-01-30,99,success,debit_card
5e778c66-0c3c-4310-8782-0b47048ef926,M0118,2023-03-01,99,success,credit_card
7bb9edf6-58bf-49cd-b732-421a62d3e7c1,M0118,2023-03-31,99,success,bank_transfer
9e45391f-3aa3-4f97-9d3d-7380eaba4454,M0118,2023-04-30,99,success,credit_card
2f3fc343-1fdb-4e61-811d-c16aa8160a4d,M0118,2023-05-30,99,success,debit_card
c0b864bb-0b43-45f3-a7cf-bbf7d888b0a6,M0118,2023-06-29,99,success,bank_transfer
46710511-7324-4794-a4c3-3519b121f7a0,M0118,2023-07-29,99,success,credit_card
9fe2e20f-b21e-4a04-ab91-1cc049e05043,M0118,2023-08-28,99,success,credit_card
0dab4d5e-d91b-40d0-b214-bf1b0f3d2f32,M0118,2023-09-27,99,success,debit_card
7406933f-a2f0-4fce-93da-cc7ab2e3cc2e,M0118,2023-10-27,99,success,debit_card
8f7a39e3-ab5e-4ccb-b6ef-054cde1ce025,M0118,2023-11-26,99,success,credit_card
316d6b5f-fd70-4561-9062-c8754ed4cff4,M0118,2023-12-26,99,success,debit_card
90532c14-1510-43d0-aff8-9e8182830412,M0118,2024-01-25,99,success,debit_card
8a4641be-bf4e-4499-8ff8-bc9e95689748,M0118,2024-02-24,99,success,bank_transfer
6e240d9e-6095-46f8-a059-fd0bf2475db0,M0118,2024-03-25,99,success,debit_card
06cd8f0d-5198-4e8a-8522-857f2cc99d77,M0118,2024-04-24,99,success,debit_card
19ad5730-2fe8-49e9-9b47-fa8238ca0ead,M0118,2024-05-24,99,success,credit_card
9b44a739-8419-4844-8e0b-6f19ac125187,M0119,2022-09-16,29,success,debit_card
32776dbb-d365-4396-a2da-36b56197ca92,M0119,2022-10-16,29,success,bank_transfer
15d6f6f2-8858-4b74-82e0-06f2cf00094f,M0119,2022-11-15,29,success,bank_transfer
b0794a02-7718-481b-b1c9-6a6450e9382c,M0119,2022-12-15,29,failed,bank_transfer
60db5c6a-2d27-42b5-937c-fe1f8ce2b054,M0119,2023-01-14,29,success,debit_card
8a71f473-0ce7-4b1f-9d27-c63f1f080539,M0119,2023-02-13,29,success,credit_card
7b4f5939-2e65-4b4b-9a1a-2fafc7c195a6,M0119,2023-03-15,29,success,credit_card
21cd2f41-3580-412f-a245-87959b896858,M0119,2023-04-14,29,success,debit_card
604797d1-b5d7-4c38-8146-775fca377edf,M0119,2023-05-14,29,success,credit_card
6f2b1aac-1c97-4b23-a463-0529af90fa27,M0119,2023-06-13,29,success,debit_card
56a1781a-1b5c-4126-9ec1-32a1d8850fc9,M0119,2023-07-13,29,success,credit_card
fba0a760-8c22-48c8-a372-6a70ea2a61a7,M0119,2023-08-12,29,success,debit_card
558d240b-8651-455c-a6ab-7f6eeed2990f,M0119,2023-09-11,29,success,debit_card
a8888e42-ffd1-4489-8cf2-0d324e096f89,M0119,2023-10-11,29,success,debit_card
6dfa2572-cb1b-43bc-b28b-5cf31cde3028,M0119,2023-11-10,29,success,debit_card
f02544d1-b606-4060-8769-1502f47c458a,M0119,2023-12-10,29,success,debit_card
656d42a4-a03c-48f5-ad63-5877353d3ebe,M0119,2024-01-09,29,success,debit_card
1349493b-49f8-44cf-9dc2-dc322df982e8,M0119,2024-02-08,29,success,debit_card
41284684-8a98-4886-b071-0c25aa9b44d7,M0119,2024-03-09,29,success,debit_card
1253d026-7ed9-491a-96c5-b20342e5d4ce,M0119,2024-04-08,29,success,credit_card
fee70451-9426-4e89-8d41-857baeeddb45,M0119,2024-05-08,29,success,debit_card
f8c7ea84-85bf-4a18-8c27-677dc533d4e1,M0120,2022-02-23,29,success,debit_card
2a5a1412-b310-4602-b2cf-86fee7464931,M0120,2022-03-25,29,success,credit_card
72a72828-2cab-4830-820e-6314bf291e63,M0120,2022-04-24,29,success,debit_card
585720c5-415f-42bd-bde8-b0cc833fc051,M0120,2022-05-24,29,success,bank_transfer
014ca053-00ed-42d4-a276-a763d9dc3075,M0120,2022-06-23,29,success,debit_card
05561085-a3f3-46aa-a4b7-6295586fc78d,M0120,2022-07-23,29,success,credit_card
97706f38-d467-466f-a383-4db2934f95ef,M0120,2022-08-22,29,success,bank_transfer
626450eb-8cac-4d57-a06d-f685ff990e8c,M0120,2022-09-21,29,success,credit_card
7721136c-6000-45ba-bbfc-18036f8c7aa6,M0120,2022-10-21,29,success,credit_card
4999ee41-ed27-444d-ae04-8b3acb78fe4d,M0120,2022-11-20,29,success,bank_transfer
8fbc1fa7-b048-4df4-bfc1-d74e8acc7182,M0120,2022-12-20,29,success,credit_card
263656bc-400b-49f3-8d67-ad6f23715c57,M0120,2023-01-19,29,failed,credit_card
a845ef74-4f3b-4ad7-80af-e16b7e088204,M0120,2023-02-18,29,success,bank_transfer
4d83670b-a57d-46a9-932a-5b78786935ed,M0120,2023-03-20,29,success,debit_card
feb70a46-1755-4941-a6bf-6450759bc8c6,M0120,2023-04-19,29,success,credit_card
57944879-06d5-4e1e-80eb-bd0dcbcaf849,M0120,2023-05-19,29,success,bank_transfer
dd60fcf1-4c59-43ed-8a07-2f8af6783f6e,M0120,2023-06-18,29,success,credit_card
b1c41d59-5af5-4c36-8c85-7dcd0c0cbf1d,M0120,2023-07-18,29,success,debit_card
be58c10c-40e1-4f64-8cea-d5478169dfd4,M0120,2023-08-17,29,success,credit_card
644dbe43-fe79-44b9-aab5-a25614749a86,M0120,2023-09-16,29,success,credit_card
ea0214ab-bd9d-412e-8444-a72a43c83290,M0120,2023-10-16,29,success,bank_transfer
3650954c-140e-432c-8202-91c10ff34f05,M0120,2023-11-15,29,success,debit_card
91c86d7a-7b81-4420-b4cc-459de992cfac,M0120,2023-12-15,29,success,debit_card
c1c2129b-594a-41e4-ae50-1b4e7b1d851d,M0120,2024-01-14,29,success,debit_card
9fea3b2b-d6f0-4e5a-875f-3af204ff5186,M0120,2024-02-13,29,success,bank_transfer
01dadedb-9d63-4132-abf6-321d814a4c0e,M0120,2024-03-14,29,success,credit_card
d2b00850-37fc-459d-8e84-45264c98d71e,M0120,2024-04-13,29,success,debit_card
b918ca4a-0fbe-4e7b-8f66-fb5730ad3d1f,M0120,2024-05-13,29,success,debit_card
d117f0eb-ca99-4d77-a536-2d38a6a0b46b,M0121,2023-10-30,99,success,bank_transfer
96a5107e-8c6f-44fa-b947-8e26b958365d,M0121,2023-11-29,99,success,bank_transfer
09c8bcad-6c09-4bb2-b250-186dcce2a302,M0121,2023-12-29,99,success,credit_card
96df3ced-ec8e-4131-b8f2-ec46f981372d,M0122,2023-09-29,29,success,debit_card
6858f88f-a5ea-4982-b0a5-a95c0ac0980a,M0122,2023-10-29,29,success,credit_card
d61154a9-bade-4f21-9f4d-c5868d3ef249,M0122,2023-11-28,29,success,debit_card
4bd06e7f-a205-401f-b3bc-3cc367b54266,M0122,2023-12-28,29,success,credit_card
3220a960-eca5-40dc-8881-bf6e7c6a1707,M0122,2024-01-27,29,success,credit_card
20475ff5-fdf5-4475-82e0-0e50bedffc6b,M0123,2022-08-12,29,success,debit_card
ef94a2e5-76b0-4f97-9c49-4f678a66bbf6,M0123,2022-09-11,29,success,bank_transfer
50febbd4-5144-4da5-b4cb-ba785ebffc4d,M0123,2022-10-11,29,success,bank_transfer
1596e2e3-d9c7-4ad3-a582-91579ea63cbd,M0123,2022-11-10,29,success,bank_transfer
18292cb5-7445-4815-868e-060e0b938458,M0123,2022-12-10,29,success,debit_card
cad356ae-5abe-447b-ba8b-78e95e2db3e0,M0123,2023-01-09,29,success,credit_card
bab91e28-3763-4b4e-983f-6633d47f2cc3,M0123,2023-02-08,29,success,bank_transfer
e8b6d860-621d-4aa2-9efa-88cab96d47ba,M0123,2023-03-10,29,success,credit_card
c3b26498-fee9-4276-b64b-6e982d0dbf0f,M0123,2023-04-09,29,success,debit_card
ba310a17-ebdb-4090-b503-80ce1db93762,M0123,2023-05-09,29,success,credit_card
e3c94e78-9a11-4fca-b0c4-e9a27128a7d5,M0123,2023-06-08,29,success,bank_transfer
23d8ba95-d42b-4a89-9343-f0efc76305f7,M0123,2023-07-08,29,success,debit_card
0f07ec3c-ed93-41df-907b-f136e4720486,M0123,2023-08-07,29,success,bank_transfer
c3d2a831-41af-4ce6-8416-c7f977d48af1,M0123,2023-09-06,29,success,debit_card
e5df5ee9-b410-47b8-8840-ce4710f9f9e7,M0123,2023-10-06,29,success,credit_card
a4a2742b-652d-4b4d-8cd1-e1b969da3bf4,M0123,2023-11-05,29,success,bank_transfer
6b23f4ab-5cc7-4853-b0b7-e2224cf4be86,M0123,2023-12-05,29,success,debit_card
60752dca-ac66-4848-8613-d805eea1e34e,M0123,2024-01-04,29,success,bank_transfer
0a258568-02dd-4203-8346-66b1959e9eda,M0123,2024-02-03,29,success,debit_card
e4a8af3b-9c3d-42f9-8c58-002330abae94,M0123,2024-03-04,29,success,debit_card
d62a17d2-bbdd-4844-9b89-ff1ce4761bad,M0123,2024-04-03,29,success,credit_card
fd321402-ba81-4f89-b936-983a48b9f48b,M0123,2024-05-03,29,success,credit_card
86d74459-3e57-4a16-9fa5-469b460956cc,M0124,2023-09-13,59,success,debit_card
2be55bf3-d14e-4fc3-9c34-c6194713d249,M0124,2023-10-13,59,success,debit_card
29b2ff18-5b64-4e7c-9e68-cb35ff012fc0,M0124,2023-11-12,59,success,bank_transfer
a927733d-4d2a-4d7a-91d0-0076a6a22ed6,M0124,2023-12-12,59,success,bank_transfer
f3f4744f-6799-4a39-893e-4cc2b5846256,M0124,2024-01-11,59,success,bank_transfer
d7418904-d5e2-4a12-ace7-206f340f8093,M0124,2024-02-10,59,success,debit_card
5132ee45-1156-4869-ba82-593efcf526b0,M0124,2024-03-11,59,success,credit_card
ed99ae77-ff89-4aca-bc67-4d3b933088ba,M0124,2024-04-10,59,success,bank_transfer
ebfd303a-8330-4016-971b-cfb7bad83c9e,M0124,2024-05-10,59,success,bank_transfer
403cb9a4-f073-46ae-94b4-f153acb138e1,M0125,2022-11-15,99,success,bank_transfer
82800662-52bc-4b1d-a6b4-60ae09512c12,M0125,2022-12-15,99,success,credit_card
0a63d3f0-0b99-4d67-b435-168e57c3b12b,M0125,2023-01-14,99,success,debit_card
187b07f0-f96b-421d-89cc-125688320beb,M0126,2023-01-20,59,success,credit_card
c2713976-6487-4c07-8147-db11196936b8,M0126,2023-02-19,59,success,bank_transfer
ff60cd91-ea14-4c8f-b1b8-273671d589d3,M0126,2023-03-21,59,success,debit_card
5d73476b-6faf-4e65-875b-c1de3166645a,M0126,2023-04-20,59,success,debit_card
2fdaa3f8-14e2-47ab-969c-d4330764a529,M0126,2023-05-20,59,success,credit_card
4685adba-4644-4f03-8f7b-fc094785ffff,M0126,2023-06-19,59,success,bank_transfer
f5318649-ff9e-45be-b0b0-62c6c31ef3f8,M0126,2023-07-19,59,success,bank_transfer
6cc739da-ae3f-476c-9970-7eb0c78a11dc,M0126,2023-08-18,59,success,debit_card
ef7bb995-287d-46ae-94c6-ef81a1519323,M0126,2023-09-17,59,success,bank_transfer
57f56eb0-d7c8-491a-88c0-2a67f2983b73,M0126,2023-10-17,59,success,bank_transfer
dbc5b679-fb6b-4e96-a1d0-6156b58eb610,M0126,2023-11-16,59,success,debit_card
cb8fac0d-49ed-483b-9d69-5eac78f0b760,M0126,2023-12-16,59,success,debit_card
7a8f257d-90cb-4b55-9144-72869d74f274,M0126,2024-01-15,59,success,credit_card
47a4fb6d-8deb-4c9e-a928-8e88138917a8,M0126,2024-02-14,59,success,bank_transfer
66306cc5-06db-4074-bbd2-5df3c4d4098d,M0126,2024-03-15,59,success,debit_card
b30e27e0-8999-4f47-b5cf-abf8b0e9d3df,M0126,2024-04-14,59,success,bank_transfer
8a23d00c-0f81-4eca-a284-7c39f6bcd909,M0126,2024-05-14,59,success,credit_card
52096c62-22db-4eaf-a58b-bc7169403407,M0127,2023-12-09,29,success,credit_card
45cc1a83-9203-4b46-9a17-5319faf12669,M0127,2024-01-08,29,success,bank_transfer
1efabfce-75b7-4996-adf0-af39b450dbe4,M0127,2024-02-07,29,success,credit_card
832320f5-7ea7-4cf1-a26f-b21c00a4a40a,M0127,2024-03-08,29,success,debit_card
2ad70df3-f7b1-4c0a-a355-6951b311cce4,M0127,2024-04-07,29,success,debit_card
593a9116-0b13-481a-a724-0dc3f9f27e4f,M0127,2024-05-07,29,success,debit_card
fec4dc72-30a9-45c8-9000-236f63403e31,M0128,2023-12-02,29,success,bank_transfer
edb8d5be-9a06-402a-9b2f-4a75aa3852ce,M0128,2024-01-01,29,success,debit_card
d01f8c17-7e72-40af-8a82-344f2b688329,M0128,2024-01-31,29,success,bank_transfer
0b279619-7587-4309-bd6f-46189b43444c,M0128,2024-03-01,29,success,debit_card
b055aee7-e7de-4a92-9069-4be799a6ff78,M0128,2024-03-31,29,success,debit_card
5c1efeae-6f26-4417-9d15-374181e67c17,M0128,2024-04-30,29,success,bank_transfer
5b8228c1-5cf8-48f5-b364-dc54ce019329,M0128,2024-05-30,29,failed,bank_transfer
96694065-0e61-4a44-956f-3af26de601df,M0129,2022-12-22,59,success,credit_card
ad1b4dfb-1c75-4f2e-8897-4f352e200dab,M0129,2023-01-21,59,success,credit_card
889ef91a-4007-4b86-a07c-b1d95b12a80e,M0129,2023-02-20,59,success,bank_transfer
245fa915-0740-411e-8933-d537035bd244,M0129,2023-03-22,59,success,credit_card
1ec987c1-33fc-46b0-b8d0-8f7eed784be4,M0129,2023-04-21,59,success,debit_card
caf11844-496a-4550-9004-bebf420bd3db,M0129,2023-05-21,59,success,debit_card
de5994d5-1a69-467a-8bad-8f130f856c57,M0129,2023-06-20,59,success,credit_card
c97b2a5b-ffa3-4286-8e3f-d0bf8e568afe,M0129,2023-07-20,59,success,bank_transfer
a6e0d015-cb22-400b-bf66-6674a121ea41,M0129,2023-08-19,59,success,debit_card
048266f9-625a-4c5a-a2ad-cf19abc02655,M0129,2023-09-18,59,success,debit_card
36998114-8f33-44bc-b2d7-c5592a75eefd,M0129,2023-10-18,59,success,bank_transfer
721cc856-a0dc-4765-9db3-dd4ba29a5294,M0129,2023-11-17,59,success,credit_card
988fc155-c39a-41b3-8f29-64aa3d034526,M0129,2023-12-17,59,success,credit_card
aee4761f-9368-4227-b20d-d635499034cf,M0129,2024-01-16,59,success,debit_card
3d4e661c-5f9b-4f91-aa7e-4d706cb61f63,M0129,2024-02-15,59,success,credit_card
e4905d8b-ed89-4339-9382-1e4683a149e0,M0129,2024-03-16,59,success,bank_transfer
442ecca8-5245-450a-86c2-7fe6dd0e287a,M0129,2024-04-15,59,success,credit_card
ba67b867-c970-4f3e-b3af-3fff6dcc44d6,M0129,2024-05-15,59,success,credit_card
af6839af-8e44-4f33-b9ab-8e3212f5cdbb,M0130,2023-10-26,99,success,debit_card
d856ec36-f309-454d-8f75-8084cd8b9c35,M0130,2023-11-25,99,success,credit_card
0d461921-51a1-4530-957f-e54432996d9b,M0130,2023-12-25,99,success,bank_transfer
07b3adbe-27fc-4878-934d-30f99a65e2a0,M0130,2024-01-24,99,success,debit_card
7e12baa7-3985-4e36-8393-2cc77e570128,M0130,2024-02-23,99,success,bank_transfer
d823b031-c994-47aa-a071-23978dc2cc4a,M0130,2024-03-24,99,success,debit_card
28e529a2-1aba-414a-aef6-11e1c6d8bed5,M0130,2024-04-23,99,success,debit_card
7dede5d7-0b3b-4e7e-8443-3d23557dd64e,M0130,2024-05-23,99,success,bank_transfer
0f86ffcd-21be-4654-9b66-22daaffdd97a,M0131,2023-03-20,59,success,debit_card
abb8cc14-5d00-4978-bcd8-5101a83d9a25,M0131,2023-04-19,59,success,credit_card
e602270f-efcc-470e-933a-82affedf654c,M0131,2023-05-19,59,success,credit_card
16440602-7258-4914-be0c-c49e2bbdb388,M0131,2023-06-18,59,success,bank_transfer
a92b067a-c4d8-4501-8fad-0d664bdacd81,M0131,2023-07-18,59,success,bank_transfer
15263387-8430-4155-a8bf-3d990042ce34,M0131,2023-08-17,59,success,bank_transfer
89431b0d-4a5d-450e-9796-ec10d2726c85,M0131,2023-09-16,59,success,credit_card
6095e8dd-8f97-4776-9179-6a71ea43d6e8,M0131,2023-10-16,59,success,bank_transfer
c63d6230-e4c2-42ff-b9af-174140a27f64,M0131,2023-11-15,59,success,debit_card
898ed10d-4cc9-498d-a9bc-8fb68fa2869c,M0131,2023-12-15,59,success,debit_card
32fa5e03-1f80-40f7-8a0b-9c0dd8e8cce5,M0131,2024-01-14,59,success,credit_card
09cb38a5-5068-49d8-8005-647cc37f9f11,M0131,2024-02-13,59,success,bank_transfer
583306da-6439-44a7-9974-f3b3b34716e5,M0131,2024-03-14,59,success,debit_card
c7613f2f-79e8-47c3-b3c7-1a685467f3e7,M0131,2024-04-13,59,success,credit_card
cbce18a9-2552-442e-8963-a02fb84e2fea,M0131,2024-05-13,59,success,bank_transfer
fb4b4aea-e37f-46e3-969d-108cf04d3bc0,M0132,2022-06-06,59,success,debit_card
b7e6aebf-a63b-48fd-9302-de063ec607b8,M0132,2022-07-06,59,success,bank_transfer
90d03242-6c05-4b2c-a9d3-86b8f261d74e,M0132,2022-08-05,59,success,credit_card
a389d4c3-cd55-4286-90e4-68eaf2bbfeac,M0132,2022-09-04,59,success,bank_transfer
73ceaed5-07fa-4057-9c0e-aa340763a28c,M0132,2022-10-04,59,success,debit_card
c09e1cd0-d530-41f8-9c0c-8e1841e0946b,M0132,2022-11-03,59,success,debit_card
c8574cf0-cfed-4372-a287-219d870cc46f,M0132,2022-12-03,59,success,credit_card
0d403d2c-fabb-43d8-92c1-c8e1d7ef5af8,M0132,2023-01-02,59,success,bank_transfer
c3412f3b-f74c-448d-8752-df37f07a6935,M0132,2023-02-01,59,success,bank_transfer
c1828d98-87f8-4a51-a99f-507c58808f23,M0132,2023-03-03,59,success,debit_card
265cf466-6671-4773-a4db-ce29865f957e,M0132,2023-04-02,59,success,debit_card
5980ff84-a589-4fc6-a21d-bde5e391232a,M0132,2023-05-02,59,success,credit_card
31b90a84-d84d-4d6d-875e-b7e6f44bf80d,M0132,2023-06-01,59,success,bank_transfer
c6d5a824-2bb0-4ec7-89bb-eb5d5657e531,M0132,2023-07-01,59,success,bank_transfer
07091afd-bc48-4606-8bb7-50f322c5eb60,M0132,2023-07-31,59,success,debit_card
4fe5092f-4ee3-4fca-bcd0-388402ea570d,M0132,2023-08-30,59,success,debit_card
8e9cf510-7868-40ee-928a-f99de12416cf,M0132,2023-09-29,59,success,bank_transfer
68dfa47b-0be8-4e47-adcc-1e4dce6d1280,M0132,2023-10-29,59,success,debit_card
026204c2-e101-4c15-ac78-c96ca1406684,M0132,2023-11-28,59,success,bank_transfer
f28ac153-8146-451a-bdc8-b242a140081d,M0132,2023-12-28,59,failed,debit_card
4d9e90e9-b5d6-41ee-bfea-7f1e652579df,M0132,2024-01-27,59,success,bank_transfer
d3099b41-64f5-4afe-b01b-927e3b116253,M0132,2024-02-26,59,success,debit_card
740e20c3-2735-4237-aba7-bd7ed043ae6e,M0132,2024-03-27,59,success,bank_transfer
95cb85f2-25d8-4f21-a3cd-1fc075fcd031,M0132,2024-04-26,59,success,debit_card
4faa5a97-d94f-482d-a3a5-89e17c200a38,M0132,2024-05-26,59,failed,credit_card
962abe26-fcc1-4384-8a1f-3f385195f741,M0133,2023-09-23,59,success,bank_transfer
28c55f40-9304-4bab-b81f-ec862c832857,M0133,2023-10-23,59,success,bank_transfer
a658abcb-491f-4d64-a9f7-bde388545092,M0133,2023-11-22,59,success,credit_card
ab4a5be0-5511-458e-8bec-649cc15a1c6f,M0133,2023-12-22,59,success,bank_transfer
1b8d6b30-2557-46c6-b452-adea5a3ada4e,M0133,2024-01-21,59,success,credit_card
36a959da-b7a3-4f69-a3ab-6f88216b39a7,M0133,2024-02-20,59,success,credit_card
6ef08a43-bc32-4637-ae6e-ba349d5bd3b5,M0133,2024-03-21,59,success,credit_card
efac2f40-9e53-4fea-bc7d-0301c9abea4a,M0133,2024-04-20,59,success,bank_transfer
bd81ed6b-079a-419c-9d07-b08d967f48f5,M0133,2024-05-20,59,success,credit_card
86b05203-92f5-4429-b0b4-81954b289f66,M0134,2023-03-23,59,success,debit_card
a9d6f174-6785-4c17-bccd-59d8fb23ca4c,M0134,2023-04-22,59,success,credit_card
77bb067a-24e7-4e6c-a5c8-b7b46e593e24,M0134,2023-05-22,59,success,bank_transfer
bc8788f1-694d-4285-8906-0ea622dfe403,M0134,2023-06-21,59,success,credit_card
a59eb708-278c-403c-bdf5-5971d5c735bf,M0134,2023-07-21,59,success,debit_card
02eaacf7-1c70-4b0d-a118-bcb345da0366,M0134,2023-08-20,59,success,debit_card
e405940c-fa93-4b29-b354-9dcd0120db2d,M0134,2023-09-19,59,success,credit_card
5aa631b6-8682-4872-9297-cca442703e2c,M0134,2023-10-19,59,success,debit_card
3eb874ec-4833-4d26-80ee-a5ca5381a06d,M0134,2023-11-18,59,success,debit_card
48beb158-fb65-46bd-b3fd-b4267b49b2d6,M0134,2023-12-18,59,success,bank_transfer
20b7209e-1835-47a9-b4cc-e737de6c7c01,M0134,2024-01-17,59,success,bank_transfer
db011c51-50ef-4d07-a4f7-95ae78972e4d,M0134,2024-02-16,59,success,debit_card
3de375c8-9982-427d-9efe-5f48c6bfbfd6,M0134,2024-03-17,59,success,bank_transfer
a114595f-8681-472b-9551-9971cd4f7656,M0134,2024-04-16,59,success,credit_card
847cf52b-63d5-4d37-acff-71edbf153a5a,M0134,2024-05-16,59,success,debit_card
d49fae6c-1f07-49bc-93d2-69a842a66f90,M0135,2022-03-30,29,success,debit_card
6e40220a-16a2-49aa-9000-523c83136b80,M0135,2022-04-29,29,success,bank_transfer
9ab73c4c-640c-489f-8919-257d54695afe,M0135,2022-05-29,29,success,credit_card
8ce20187-1d8d-4c17-9b13-b94771b7ced1,M0135,2022-06-28,29,success,bank_transfer
e2049f76-047e-44fd-ae62-dae9551f0f56,M0135,2022-07-28,29,success,debit_card
fea4e240-05a6-46b5-b697-e394c84a9627,M0135,2022-08-27,29,success,bank_transfer
6db72528-ef85-48c0-9464-0a6b88215e07,M0135,2022-09-26,29,success,debit_card
0b5a29a2-9bec-4f65-a30f-649a9579f185,M0135,2022-10-26,29,success,credit_card
164ae12b-00f9-488c-a223-007fa217b8b0,M0135,2022-11-25,29,success,bank_transfer
a0c608c1-298b-4c0b-ac93-274ce3d8d88a,M0135,2022-12-25,29,success,bank_transfer
3166575d-eb94-4ba9-95c5-9ff385b991ee,M0135,2023-01-24,29,success,bank_transfer
7f2771db-e5fd-43d3-bf63-0ab8dcbee4bb,M0135,2023-02-23,29,success,credit_card
3b803924-5f4a-4e31-9206-ad4645af4f1c,M0135,2023-03-25,29,success,bank_transfer
635c527f-470a-4cc4-aa68-ec66de485956,M0135,2023-04-24,29,success,credit_card
e1b388a4-14dc-4425-8d45-970cd9956084,M0135,2023-05-24,29,success,credit_card
0e10fc03-a72a-4a94-a568-4e630cd85c50,M0135,2023-06-23,29,success,credit_card
c695d8e7-4d4b-4af6-bd5b-ee5698826661,M0135,2023-07-23,29,failed,credit_card
0d6badae-e011-4bbd-b80f-bd2f4c717c48,M0135,2023-08-22,29,success,bank_transfer
9d8ae95f-802f-420b-a2c8-e96c876b2802,M0135,2023-09-21,29,success,credit_card
39940ead-b248-4f14-9016-5749d619e12d,M0135,2023-10-21,29,success,debit_card
ef48e2e0-0fa3-4eb2-880e-fd2751f25434,M0135,2023-11-20,29,success,credit_card
994af8db-cc2a-409a-a044-46089b82ab09,M0135,2023-12-20,29,success,credit_card
2aafa70e-2998-4475-9455-86d1c03cdb6e,M0135,2024-01-19,29,success,bank_transfer
7971c2fd-ab28-4172-822c-3164772191ca,M0135,2024-02-18,29,success,credit_card
087d8382-fb5e-4396-a624-b835ca043b87,M0135,2024-03-19,29,success,bank_transfer
58c8d0e6-61ea-4b7a-b946-066d32e3040c,M0135,2024-04-18,29,success,credit_card
dbdc4885-a40e-4ae3-9880-67677b1f8322,M0135,2024-05-18,29,success,bank_transfer
0fa82927-2619-4084-84fa-82243dff7d87,M0136,2023-09-17,29,success,bank_transfer
5180da3f-1e95-49bb-bb77-06694a51813f,M0136,2023-10-17,29,success,bank_transfer
091255bc-c721-4068-a0d6-84c3d4a74b7a,M0136,2023-11-16,29,success,credit_card
479c425b-863d-410b-be11-bf60659415f4,M0136,2023-12-16,29,success,bank_transfer
4cd3d259-ffa4-44e8-af2c-170826b97a45,M0136,2024-01-15,29,success,debit_card
f8e405bb-347f-4040-b314-ab1f998e5613,M0136,2024-02-14,29,success,credit_card
7960bb8c-75e9-4f8a-ab81-cac4b0305e0c,M0136,2024-03-15,29,success,debit_card
9ae647da-8362-4301-8624-8dba5f0f8103,M0136,2024-04-14,29,success,bank_transfer
0837b64e-7446-4ab1-9f76-52373b109112,M0136,2024-05-14,29,success,debit_card
54fe790e-8a86-4ae4-94d8-a756f21363b1,M0137,2022-07-06,29,success,credit_card
78d88c98-6e58-4f79-acc5-5fb11e432ace,M0137,2022-08-05,29,success,credit_card
b7bd1884-8e39-4e9a-90f9-2d3a83e6db7e,M0137,2022-09-04,29,success,debit_card
cb0d849b-068c-4587-85a3-365dd8ecb2d9,M0137,2022-10-04,29,success,debit_card
d45d7fbb-66a2-4884-ae59-ab2808a1feb5,M0137,2022-11-03,29,success,debit_card
62d54c0f-97bd-4d29-8e61-bd62c36d153c,M0137,2022-12-03,29,success,credit_card
1323edd3-531b-4bab-bcb4-6ed5c086aa6c,M0137,2023-01-02,29,success,credit_card
37195d46-e7ca-4e0f-84f7-973378c990e6,M0137,2023-02-01,29,success,credit_card
e3b682f3-5bf6-4c8c-b4df-587a27ba2339,M0137,2023-03-03,29,success,credit_card
63f6294a-0ae1-4cc7-ba04-156a8eaee3ee,M0137,2023-04-02,29,success,debit_card
8b8d315d-086c-4c30-bd2f-2afbc64f2b8e,M0137,2023-05-02,29,success,bank_transfer
abbaf35f-3cf6-4587-b8bc-7f1e2c5cabd0,M0137,2023-06-01,29,success,debit_card
a6fcde2a-6eb5-4ecf-b192-02d350145eff,M0137,2023-07-01,29,success,credit_card
c0426188-7577-4e00-894b-e83b8cc47498,M0137,2023-07-31,29,success,credit_card
14260fbf-c03f-44e0-a586-262ad5cec0c1,M0137,2023-08-30,29,success,debit_card
96ece0bb-31e3-425e-888b-6c9673458ac4,M0137,2023-09-29,29,success,credit_card
e1ffffb5-15b0-40d4-8b20-e830fd35064c,M0137,2023-10-29,29,success,credit_card
f2e02beb-752f-43aa-880e-ec734059cf85,M0137,2023-11-28,29,success,credit_card
416b1227-8bac-44ea-ab70-20a22fc77181,M0137,2023-12-28,29,success,bank_transfer
8aa098af-fbc7-4fd3-b886-56173d90e823,M0137,2024-01-27,29,success,credit_card
c516b66c-feef-4398-aa32-9ae257039b91,M0137,2024-02-26,29,success,debit_card
3f264854-46a2-4d89-b201-b6c7fb51b24a,M0137,2024-03-27,29,success,bank_transfer
d97ea7c2-2b79-44e8-89dc-3e9a83d2444d,M0137,2024-04-26,29,success,debit_card
0f2e281e-ae12-450d-9512-b8a9d8d7ae30,M0137,2024-05-26,29,success,debit_card
afed29d3-7b30-4f1b-9e76-877c596b2206,M0138,2022-10-14,59,success,credit_card
5a4e26e8-fa3a-4438-bc06-94f33ecacc74,M0138,2022-11-13,59,success,credit_card
745469d2-d83c-40c7-9668-883bb47df206,M0138,2022-12-13,59,success,bank_transfer
5c51f478-78c9-4d8e-a9f3-21afe267fd55,M0138,2023-01-12,59,success,debit_card
1e174fa4-7250-4e3d-8d90-2095ae84defa,M0138,2023-02-11,59,success,bank_transfer
6b470b37-f611-4e6d-84c7-3ea61b17927d,M0138,2023-03-13,59,success,debit_card
2a6e4483-a610-4302-a62b-7b44058efa9f,M0138,2023-04-12,59,success,debit_card
67e5a588-ac5e-4e0d-834f-1c0fd9879b22,M0138,2023-05-12,59,success,bank_transfer
16c6960f-4ecf-4d7f-8d82-70863191f12e,M0138,2023-06-11,59,success,bank_transfer
f598477f-0cd0-4138-8fa3-73ec17ecce08,M0138,2023-07-11,59,success,bank_transfer
3fa319ac-f24c-4ac2-b318-c06e9ff70c6d,M0138,2023-08-10,59,success,debit_card
a37dade2-be62-4365-bf1e-f0991210c006,M0138,2023-09-09,59,success,debit_card
12ccbdce-9344-4a37-b236-e7a39fa8ea2f,M0138,2023-10-09,59,success,debit_card
b75e568e-0d2c-4202-b4d6-d6ef25f845e6,M0138,2023-11-08,59,success,credit_card
11a002a2-2200-43e2-9548-874ab20ffa39,M0138,2023-12-08,59,success,debit_card
7e84f473-bc77-468c-acab-124cc04593df,M0138,2024-01-07,59,success,debit_card
e3f69c65-358e-4772-8765-45e726691a69,M0138,2024-02-06,59,success,credit_card
204fec00-dd52-404e-a98b-ec1193343f3a,M0138,2024-03-07,59,success,debit_card
3f94ff11-66f8-490c-bded-b44893c8a15b,M0138,2024-04-06,59,success,bank_transfer
c9bbadcb-7729-4275-91be-810b011c4358,M0138,2024-05-06,59,success,credit_card
8d590b9d-be82-432f-9d0a-5d01917daace,M0139,2022-01-11,29,success,credit_card
39f26514-7144-465b-81e4-cdd5dc1eaa68,M0139,2022-02-10,29,failed,bank_transfer
3bcaf585-e29a-4d2a-880b-f04611f03eeb,M0139,2022-03-12,29,success,debit_card
10fed3c4-8c32-4b81-a9ec-4faa48da97fb,M0139,2022-04-11,29,success,bank_transfer
8d6b129a-4001-4eb7-91f6-56e7d5836256,M0139,2022-05-11,29,success,debit_card
087974da-03d6-4e32-bddd-192760f18d64,M0139,2022-06-10,29,success,debit_card
688ad8ef-953f-438f-84f5-6431888d7218,M0139,2022-07-10,29,success,credit_card
1a3df77a-7d34-4b11-8815-a6cb1768d2e2,M0139,2022-08-09,29,success,credit_card
f799768b-63b5-4698-84b4-b28ee5379b5f,M0139,2022-09-08,29,success,bank_transfer
50b98c16-2bde-4b60-a4d4-974da946608e,M0139,2022-10-08,29,success,credit_card
109d172f-bde1-4ae8-a4a2-ac630f75e3d7,M0139,2022-11-07,29,success,bank_transfer
8f689147-c184-401d-8179-69df0f44c072,M0139,2022-12-07,29,success,debit_card
ec6db4bb-acd8-4d2a-af6f-87a60f1554ee,M0139,2023-01-06,29,success,bank_transfer
38d292d7-bcf1-49b9-9cb7-293dd364492b,M0139,2023-02-05,29,success,bank_transfer
f44b63e6-e3a5-4189-88a9-15fb9f77fd64,M0139,2023-03-07,29,success,credit_card
6a79594e-e564-4c72-835d-2782f6d0247e,M0139,2023-04-06,29,success,credit_card
8b3bb041-6e81-42a9-a48d-4adc23c17c8a,M0139,2023-05-06,29,success,credit_card
1445fdf3-f6a8-48a8-8f09-fbcbfd649cf5,M0139,2023-06-05,29,success,bank_transfer
71196c37-ec74-4300-bc30-050fb5aa4763,M0139,2023-07-05,29,success,bank_transfer
5694289e-9ffa-4fd0-8714-282142dc1ad1,M0139,2023-08-04,29,success,credit_card
04c6245c-7072-4883-b148-ef880175970f,M0139,2023-09-03,29,success,credit_card
7085b4cb-9188-4e4b-b5d5-179b320d7762,M0139,2023-10-03,29,success,credit_card
3eb4669e-51a9-448a-8ffb-3683555d3572,M0139,2023-11-02,29,success,credit_card
af781b03-c88f-4936-a9ad-e768dbb7496a,M0139,2023-12-02,29,success,credit_card
eae2bebd-61c1-4963-9e67-2efe2e4f61d5,M0139,2024-01-01,29,success,credit_card
84d8ff6a-082b-4f24-a677-2c63b84242e2,M0139,2024-01-31,29,success,bank_transfer
fe13c856-f46b-4d2f-8b28-5baaf30f0251,M0139,2024-03-01,29,success,credit_card
872b46d2-1a88-4f41-ae2f-157a980f3654,M0139,2024-03-31,29,success,credit_card
0dd56f56-8a69-42f0-b2bd-dbb982c112e7,M0139,2024-04-30,29,success,bank_transfer
6ffc25ed-0d4d-476b-9914-17e2cbcdc224,M0139,2024-05-30,29,success,debit_card
604c3380-fc0e-4e00-8a56-cd147002e8d9,M0140,2023-02-21,59,success,bank_transfer
8b1ca349-19f2-41db-8156-33896d802245,M0140,2023-03-23,59,success,credit_card
461b5148-8297-4450-b9dd-9d46fdfe7f04,M0140,2023-04-22,59,success,credit_card
84fbafa8-7586-4c7a-b59e-b4094a698623,M0140,2023-05-22,59,success,bank_transfer
d82710e5-2b81-4f43-beb7-9dfe0ed08ed2,M0140,2023-06-21,59,success,credit_card
d7e581bd-d0b4-4285-abb8-2df713af6fb7,M0140,2023-07-21,59,success,credit_card
225b2bb7-1d79-4e77-9195-b6fbf01b0026,M0140,2023-08-20,59,success,credit_card
717923ff-ccd5-43a5-8063-d7784bf62c53,M0140,2023-09-19,59,success,bank_transfer
6fbd43b9-958d-48ea-9248-f13f0a601b5b,M0140,2023-10-19,59,success,credit_card
54c501af-4b67-48a2-9d45-11a62e73d965,M0140,2023-11-18,59,success,credit_card
b26da921-db35-4d29-84c6-2d1192c0973a,M0140,2023-12-18,59,success,bank_transfer
d40812e8-79c4-460f-8f43-d8f37296abdb,M0140,2024-01-17,59,success,credit_card
2d67c666-fa55-42d1-88ae-5b7b169375eb,M0140,2024-02-16,59,failed,debit_card
42e549b7-ac7d-439c-a9a4-a7dcf18165f1,M0140,2024-03-17,59,success,credit_card
c4810b49-8221-42df-b1bd-8a6bb17baad4,M0140,2024-04-16,59,success,credit_card
d655df00-76ac-4df1-90d5-00dae355f3c3,M0140,2024-05-16,59,success,bank_transfer
9c974c37-d3dc-491f-bcab-4f438e695906,M0141,2023-10-24,29,success,debit_card
3e78adde-9122-4702-b179-e0823a44f34b,M0141,2023-11-23,29,success,debit_card
ed662623-0f24-44bc-83d7-b8605922df63,M0141,2023-12-23,29,success,credit_card
707d67a0-5871-4181-bb80-f17b7028612f,M0141,2024-01-22,29,success,debit_card
2a1b9aa4-332b-47d3-8dbd-eccdb66c2918,M0141,2024-02-21,29,success,debit_card
53be0fb3-8cfa-4c0a-9d60-36850aba2832,M0141,2024-03-22,29,success,credit_card
aa620059-870a-4ec6-b797-826762d42785,M0141,2024-04-21,29,success,credit_card
b2f0da81-5890-4444-b9e1-3e15bafa9380,M0141,2024-05-21,29,success,bank_transfer
136c6e67-2e5e-4bea-8d1f-4b0c7bad6ed7,M0142,2022-10-29,29,success,credit_card
e7832c9f-fc72-4eb8-a5b7-64733d528e94,M0142,2022-11-28,29,success,debit_card
1af298da-5a94-4e60-814c-a4e52442e98b,M0142,2022-12-28,29,success,credit_card
3ef4a52a-8a19-4c75-b9f3-e3f3f8078f73,M0142,2023-01-27,29,success,credit_card
58081dcc-db50-4dca-9b9b-c4b1e48d18d1,M0142,2023-02-26,29,success,bank_transfer
a2374375-1a7c-4f7d-a76c-9de80b727317,M0142,2023-03-28,29,success,bank_transfer
440469e1-a1c9-4b05-823b-bcbe276133a6,M0142,2023-04-27,29,success,bank_transfer
a97eb10c-e34a-4905-9e56-9c683cba5768,M0143,2023-04-30,29,success,debit_card
d5d59b17-04af-4f66-afc6-0f0487546179,M0143,2023-05-30,29,success,bank_transfer
e61fe0ac-a4e8-433d-b2f9-e49429ddf4d1,M0143,2023-06-29,29,success,credit_card
832d333e-cd7d-400b-ab4a-5a2c60e2760c,M0143,2023-07-29,29,success,credit_card
a7b8bb70-6ead-4631-a993-a8774cc0e7dc,M0143,2023-08-28,29,success,debit_card
b6ced94b-bde0-456f-8a47-ac07465dc0d5,M0143,2023-09-27,29,success,credit_card
9dd50ac7-4fac-4725-a119-7e50bfbb6360,M0143,2023-10-27,29,success,credit_card
bddca35a-7279-4d05-af0b-53d71098b9e7,M0143,2023-11-26,29,success,debit_card
75ebb78a-fcfc-48f7-90b4-586df6037a0c,M0143,2023-12-26,29,success,debit_card
bbb86053-c1ef-45aa-8170-33eb6c4fd52f,M0143,2024-01-25,29,success,bank_transfer
0e139a7a-c669-42be-b429-20f158f445ee,M0143,2024-02-24,29,success,debit_card
cf28bccc-2648-4e03-aa84-76149de0eaa4,M0143,2024-03-25,29,success,bank_transfer
3c4a6f7c-b4f3-4ba2-8172-6352d9054c05,M0143,2024-04-24,29,success,bank_transfer
5a45b397-789b-4ac9-a6a8-472d6e05f193,M0143,2024-05-24,29,success,credit_card
dc016eba-8885-4003-bee6-adc50e3e452c,M0144,2022-12-05,29,success,credit_card
07f8b747-d121-4416-89d6-1025866a53d0,M0144,2023-01-04,29,success,credit_card
9f8557bb-2107-4028-8c5e-2440805dddd3,M0144,2023-02-03,29,success,bank_transfer
d19c0555-9be3-4e6b-a524-13e7e09228de,M0144,2023-03-05,29,success,debit_card
33aeda24-cbbf-420a-8fdf-9ee421276f7c,M0144,2023-04-04,29,success,bank_transfer
d4d72029-6b37-442b-ad48-d2363630fc77,M0144,2023-05-04,29,success,credit_card
a619dab3-023d-4777-b500-77f4d582c75f,M0144,2023-06-03,29,success,debit_card
9c70326a-7490-4d1a-b67e-7c28fe035947,M0144,2023-07-03,29,success,credit_card
b0260c4d-0839-4d66-b66d-d9a8e921f944,M0144,2023-08-02,29,success,credit_card
0a878881-ad05-470c-a51d-3534b6464792,M0144,2023-09-01,29,success,credit_card
6b96c73b-980a-4659-afab-6dbd3ae1bad3,M0144,2023-10-01,29,success,bank_transfer
834f0d89-11d4-46e5-988e-53bdef3312e3,M0144,2023-10-31,29,success,debit_card
97988e38-3f9e-42b4-ad4c-a34fd1f8c406,M0144,2023-11-30,29,success,bank_transfer
ff66ac89-de7a-49bb-97b5-de7b4e01f036,M0144,2023-12-30,29,success,debit_card
ab930d6d-5808-4ed1-a85e-cca89dece234,M0144,2024-01-29,29,success,debit_card
27eff2ae-992d-45f0-b03b-9c55c1014e40,M0144,2024-02-28,29,success,bank_transfer
79f9b00b-ceeb-4e1c-89c9-13fe2507ecce,M0144,2024-03-29,29,success,debit_card
b134f2c7-fa42-4bbc-b90d-107047324b1c,M0144,2024-04-28,29,success,credit_card
9a6a3d91-5de6-4b6b-8665-ad2ca7332bc4,M0144,2024-05-28,29,success,bank_transfer
2234f3db-ed13-4ebb-8142-a9c0a442db1f,M0145,2022-08-25,29,success,credit_card
35853af5-d5d0-480f-b4e0-18f206da84bd,M0145,2022-09-24,29,success,debit_card
db1c4eb0-821f-4400-9ecf-42ac1166f175,M0145,2022-10-24,29,success,credit_card
66a2a326-ea52-402a-bf03-e4a5e575e378,M0145,2022-11-23,29,success,credit_card
d6fe5638-474b-4ce3-aa56-a9220a70515d,M0145,2022-12-23,29,success,bank_transfer
0a57cb4e-80c5-4b1e-99d7-53ed59d91611,M0145,2023-01-22,29,success,bank_transfer
9722df51-1c41-4ed9-97d7-a6dfbe3472af,M0146,2023-12-08,59,success,credit_card
5ece9e5e-b4e8-4139-bee3-89263899913c,M0146,2024-01-07,59,success,bank_transfer
0032ffec-bfe5-46d5-ab8c-e600b84396d5,M0146,2024-02-06,59,success,credit_card
40b3b9aa-37ff-4782-8b3d-c66f31a58c44,M0146,2024-03-07,59,success,bank_transfer
67b75b2f-4cdf-4398-b1a8-a0e69ae28677,M0146,2024-04-06,59,success,credit_card
6e53b1f0-78dc-41f8-a23b-ba6243fc0ed8,M0146,2024-05-06,59,success,debit_card
0640e426-c901-4868-aed1-b822860eea23,M0147,2023-08-27,59,success,bank_transfer
d3e13a5c-23d3-4120-bedb-b96fb8d61a7f,M0147,2023-09-26,59,success,credit_card
60d41e05-ff29-4c9e-83b5-21ff2229f373,M0147,2023-10-26,59,success,debit_card
b27abf89-f0c7-411a-a5d2-63087c6e698b,M0147,2023-11-25,59,success,bank_transfer
db7a7c89-984b-485e-8032-9289d0854695,M0147,2023-12-25,59,success,bank_transfer
77d45eef-aa18-4f92-affd-9052544c372d,M0147,2024-01-24,59,success,debit_card
19ac25df-7de5-4517-b182-28a60564d03e,M0147,2024-02-23,59,success,credit_card
47279cb8-e5c7-47c0-8a56-44aeea0e1c75,M0147,2024-03-24,59,success,bank_transfer
05ab5a69-fde5-42d2-9095-b415428c08ae,M0147,2024-04-23,59,success,credit_card
b9aa71e6-7baa-4a08-9f17-afc98940f394,M0147,2024-05-23,59,success,debit_card
1d29234e-a3ad-4a0c-9ab4-a6d9331d652b,M0148,2022-07-18,29,success,bank_transfer
534230f0-2702-47fd-be64-410d13c2b674,M0148,2022-08-17,29,success,debit_card
4cb074a3-9a01-4d9e-b664-e2b8d6b727e5,M0148,2022-09-16,29,success,credit_card
55783e1a-b4e6-4e52-a250-5d2e67c30acb,M0148,2022-10-16,29,success,credit_card
4283fabf-e0bc-4cc2-b722-abfec81f11cb,M0148,2022-11-15,29,success,debit_card
02e78952-a3ac-4b4c-a4ed-8dd979bdceed,M0148,2022-12-15,29,success,credit_card
6dad5ec3-689c-49af-9b46-e9d7142fb489,M0148,2023-01-14,29,success,credit_card
dad763c6-7c1a-4e2f-8aea-cc39d18a0b65,M0148,2023-02-13,29,success,credit_card
18550d09-8b21-44b9-87a6-4f16daa8bf6e,M0148,2023-03-15,29,failed,bank_transfer
e520689d-6851-4af5-a84f-c7669d93574c,M0148,2023-04-14,29,success,bank_transfer
c0d01042-6f07-49ea-9c32-cb7301ad234e,M0148,2023-05-14,29,success,bank_transfer
4c74bc0e-2d69-422e-9ae5-8dfb689a9bcb,M0148,2023-06-13,29,success,credit_card
0a926471-042c-4b90-8f1a-8b771fbf4b68,M0148,2023-07-13,29,success,debit_card
8878f962-ce0c-43ec-b2ca-215a28aae0ee,M0148,2023-08-12,29,success,bank_transfer
fe3302b4-036a-4cca-9a9a-5e31488d7992,M0148,2023-09-11,29,success,debit_card
aa019f4b-5066-4ddc-822f-a13c5aa38cfd,M0148,2023-10-11,29,success,bank_transfer
8702650c-62a5-4f8e-9197-cddf261eda4c,M0148,2023-11-10,29,success,bank_transfer
e6972f34-7ed6-4f82-b3ca-fafcb9a5f8da,M0148,2023-12-10,29,success,bank_transfer
60dd30c6-6f28-4357-affc-390d07932185,M0148,2024-01-09,29,success,credit_card
20883570-dc3b-43df-bae7-6467e1b9d03f,M0148,2024-02-08,29,success,debit_card
979cc47f-0ecf-4921-945a-f0d89bfb3e94,M0148,2024-03-09,29,success,bank_transfer
920d8839-e924-4ba8-89f5-74404995da78,M0148,2024-04-08,29,success,credit_card
f3b9c9cf-75d5-40aa-94b4-fcf8533e70eb,M0148,2024-05-08,29,success,credit_card
7098040e-ebf6-4274-bbf9-d21ec16980c4,M0149,2023-12-27,29,success,debit_card
97c67ce7-ada7-477d-9896-05100c819aab,M0149,2024-01-26,29,success,credit_card
1da9b3ff-96dd-4ee4-bb1d-733e2599d71e,M0149,2024-02-25,29,success,bank_transfer
a30aa78c-bb3f-401d-9871-5a842dc02889,M0149,2024-03-26,29,success,credit_card
c5ddba63-1814-4c6e-9190-85b0ce09103b,M0149,2024-04-25,29,success,debit_card
bfa9f565-3e26-4008-b5c5-330d71f3015a,M0149,2024-05-25,29,success,credit_card
463ef041-dbac-4cf7-bd8c-dc09a8fd50ab,M0150,2022-10-27,29,success,credit_card
72d6f53d-facb-4319-b212-eb3f1bd0861f,M0150,2022-11-26,29,success,bank_transfer
7b5f19b3-846c-4590-9a8b-fe276edc448a,M0150,2022-12-26,29,success,bank_transfer
7b7f930a-bf3f-450d-a1b5-3671f3befc3d,M0150,2023-01-25,29,success,credit_card
84673185-338a-4ecd-aa73-321d0e3fc998,M0150,2023-02-24,29,success,credit_card
64394b66-b155-41f2-9f13-cbae8d7217ac,M0150,2023-03-26,29,success,bank_transfer
431595be-ff38-45f1-9dae-e21cec4b9af8,M0150,2023-04-25,29,success,bank_transfer
9c04575f-cee2-4260-97b9-e9ddeb986dfa,M0150,2023-05-25,29,success,bank_transfer
37060839-82d7-4e0b-adc5-fdb2cc7164b3,M0150,2023-06-24,29,success,bank_transfer
4024d2ce-80f2-4a81-8542-ef370914b530,M0150,2023-07-24,29,success,debit_card
9161e737-fb37-4e91-ba2f-64ec6d288b4f,M0150,2023-08-23,29,success,debit_card
7fc875a7-0e91-4eda-a1e0-d1998a986adf,M0150,2023-09-22,29,success,debit_card
f90eb9d2-2949-4d7f-bb81-4aac16b94c1b,M0150,2023-10-22,29,success,credit_card
c9384c64-5c5b-4bc9-8683-d32c8c5765a9,M0150,2023-11-21,29,success,debit_card
edb15d5a-8e06-4e15-97e8-5c995ed150b6,M0150,2023-12-21,29,success,bank_transfer
a921c162-e2b6-49cb-ba07-c32e5b2affa7,M0150,2024-01-20,29,success,debit_card
a96165eb-37aa-454a-97c7-dbfda4d5e7d8,M0150,2024-02-19,29,success,bank_transfer
12113df1-1187-4e23-8774-f83bbacfaa90,M0150,2024-03-20,29,success,debit_card
45a9f0a9-6e43-4b9c-ad8e-e6652615a4bd,M0150,2024-04-19,29,success,debit_card
6d7dd009-9026-465b-9616-962b8dc9a4ba,M0150,2024-05-19,29,success,bank_transfer
09335110-b239-4feb-b5b4-1e7b0ef94190,M0151,2022-01-13,29,success,credit_card
9ee0a954-9e3c-4d1c-8023-bbeb20e4b569,M0151,2022-02-12,29,success,debit_card
dd190364-6d5c-4847-a89c-9955bbb478e8,M0151,2022-03-14,29,success,debit_card
a0276e5e-1b67-4f5a-95ee-9b28bf628242,M0151,2022-04-13,29,success,debit_card
f223fb62-0c0f-4606-8713-c4e1a1c852f5,M0151,2022-05-13,29,success,credit_card
6d01aa61-1e32-4dce-9490-f26c9e2ea618,M0151,2022-06-12,29,success,debit_card
216baa6a-c8b3-4cc7-b527-aab74a2e6c51,M0151,2022-07-12,29,success,credit_card
a3b679d7-29fe-4d74-b6c0-6596c52c6d78,M0151,2022-08-11,29,success,credit_card
d7959225-fdd6-4ac9-b091-14c2091a5e76,M0151,2022-09-10,29,success,bank_transfer
eb9a341d-c155-4544-a0a8-3210a526621c,M0151,2022-10-10,29,failed,debit_card
6482407b-48a4-47fb-9f0f-694acfd59126,M0151,2022-11-09,29,success,bank_transfer
c9b42158-e182-48d2-bf8d-564e83b0503b,M0151,2022-12-09,29,success,debit_card
ce0a5a52-6d9b-4d8c-ae4a-1a2b522cd303,M0151,2023-01-08,29,success,debit_card
ad98b1ae-a1f3-49ce-b9ef-90e5f085673d,M0151,2023-02-07,29,success,credit_card
407e8bbb-c7ab-4c25-aa64-01dbb5fa4439,M0151,2023-03-09,29,success,credit_card
69f84c0a-fb1f-48f6-b08e-a143eb9df45e,M0151,2023-04-08,29,failed,credit_card
3eeac45b-500e-4531-8d78-df713468bc9a,M0151,2023-05-08,29,success,bank_transfer
b8e865bd-c472-4ae9-92e9-51014e5e671b,M0151,2023-06-07,29,success,debit_card
7daf326d-3ed1-484e-b9ae-3538611c9249,M0151,2023-07-07,29,success,bank_transfer
97935181-7a43-4a1b-8b8a-f66adac60bf8,M0151,2023-08-06,29,success,debit_card
153f81a7-2722-4494-aa19-5b4876f1e41e,M0151,2023-09-05,29,success,bank_transfer
975e3bb4-9438-4f7b-b974-1b3a2d7b2936,M0151,2023-10-05,29,success,bank_transfer
aa98ac0e-3373-45ea-97c5-16bb588c3a5a,M0151,2023-11-04,29,success,debit_card
f8b9feb0-b872-4f79-9098-62d989f50e12,M0151,2023-12-04,29,success,debit_card
41aed9eb-be37-4cc3-8c2d-05281e242e4d,M0151,2024-01-03,29,success,debit_card
414c05d5-e6a2-4006-8d66-397f97f2fb52,M0151,2024-02-02,29,success,debit_card
6ca1b020-6691-4f3e-bfc5-79710ba3ba9f,M0151,2024-03-03,29,success,credit_card
0964f9ad-4935-46cf-9c0a-9a4edcef4463,M0151,2024-04-02,29,success,debit_card
a3cfbccf-4402-4708-a399-263c4e44a0a6,M0151,2024-05-02,29,success,credit_card
a5046d10-4113-401c-a45f-133b855781b7,M0152,2022-07-08,29,success,credit_card
6351910f-99ae-4c85-b127-5522cdec815c,M0152,2022-08-07,29,success,debit_card
172f9a7f-4bf2-4489-a44f-8d688d18d9b6,M0152,2022-09-06,29,success,credit_card
07868337-f62d-4aa1-8022-f5a3ee4a70bf,M0152,2022-10-06,29,success,bank_transfer
8ea93d92-5462-4f9b-a9ec-de0a194bde4a,M0152,2022-11-05,29,success,credit_card
916ce427-e12b-4a03-a76b-53896833b047,M0152,2022-12-05,29,success,credit_card
622ea5a6-a78f-4783-b7de-6e3eec6740cf,M0152,2023-01-04,29,success,debit_card
0b71354f-ce9c-4922-9b2c-85e767515156,M0152,2023-02-03,29,success,debit_card
c92b6d85-4c3c-4681-a1c7-69d0a2ce9ee4,M0152,2023-03-05,29,success,credit_card
b0a77f41-055d-4cb6-83a2-8c66cc3ec293,M0152,2023-04-04,29,success,bank_transfer
b4a1ba28-322a-49d3-8444-ae2913ef1574,M0152,2023-05-04,29,success,debit_card
a8fe37e0-fe3e-4245-988d-27264cb4fb75,M0152,2023-06-03,29,success,credit_card
14980198-d78a-45ef-8ea1-e04be2e78769,M0152,2023-07-03,29,success,bank_transfer
e727cbbb-18f6-49b2-96b7-8a9046114509,M0152,2023-08-02,29,success,bank_transfer
8a0a6681-178e-45b8-b591-0490b2bf6e99,M0152,2023-09-01,29,success,credit_card
edbad9df-4a51-4494-b2ba-5c46b0507951,M0152,2023-10-01,29,success,debit_card
fb25b95c-db00-4e2f-894d-d993bc885d04,M0152,2023-10-31,29,success,debit_card
5a422751-a2a7-4858-8a6a-59f55ed1df95,M0152,2023-11-30,29,success,credit_card
1177c81d-c1fb-45a2-bce9-af0d53dc094b,M0152,2023-12-30,29,failed,bank_transfer
ad145bc0-2ef5-4163-a84c-719dafca5d14,M0152,2024-01-29,29,success,bank_transfer
4481eaf0-6f79-4828-be8e-88817a365363,M0152,2024-02-28,29,success,bank_transfer
1b2ec176-bd8d-48b5-9db0-9a8b6649b5c7,M0152,2024-03-29,29,success,debit_card
a233290b-8f91-41a2-b087-8dce29cc4441,M0152,2024-04-28,29,success,bank_transfer
b556eaee-f9ff-4975-9179-d55a1ea3fab9,M0152,2024-05-28,29,success,bank_transfer
0efd8406-55e1-457a-b24e-0255f31638ba,M0153,2022-03-08,29,success,debit_card
dbfba1dc-16fc-489f-a63f-3247567a30ed,M0153,2022-04-07,29,success,credit_card
fea0fb16-791a-4b3f-8f4f-023c07cec10a,M0153,2022-05-07,29,success,credit_card
3e3820c8-d76b-470a-9c0e-0f1c9cbcbc01,M0153,2022-06-06,29,success,bank_transfer
79d224e3-86d8-4496-8901-c4a722d70421,M0153,2022-07-06,29,success,credit_card
b86da3f7-86eb-4046-912c-c87620fa1556,M0153,2022-08-05,29,success,credit_card
5b55acc0-6853-4429-8993-d830e09e321f,M0153,2022-09-04,29,success,credit_card
5058848f-a3db-4290-8521-732f5f397af4,M0153,2022-10-04,29,success,bank_transfer
71bf359c-975f-4d6a-a3d3-6e109f5943a1,M0153,2022-11-03,29,success,bank_transfer
c04e886e-90d7-446b-b590-f2fde87dea23,M0153,2022-12-03,29,success,debit_card
c12a1512-1f03-46ba-812c-1c613ecd561e,M0153,2023-01-02,29,success,credit_card
1af17e4c-02d5-4d71-a64a-6056473fe4a7,M0153,2023-02-01,29,success,debit_card
27c96936-b941-4fda-9c5a-f91db021ef24,M0153,2023-03-03,29,success,credit_card
37a753d6-e7f4-475b-966f-b91b5de9a437,M0153,2023-04-02,29,success,debit_card
090a283e-94e5-4e37-ab51-eaa952f7ba55,M0153,2023-05-02,29,success,debit_card
470e37ff-562a-4a12-beb3-a36a6a7f0d59,M0153,2023-06-01,29,success,bank_transfer
e704694e-cb88-4f2b-bbb4-f88e21a30d06,M0153,2023-07-01,29,success,bank_transfer
09be4f15-f896-4e4a-91a5-1ce95061fd86,M0153,2023-07-31,29,success,credit_card
242e4624-200f-4960-a6cb-028e9ff3090c,M0153,2023-08-30,29,success,debit_card
4f9800c5-f84e-49f4-a6b2-2528a5218472,M0153,2023-09-29,29,success,debit_card
8ff7f7f7-b408-4491-b113-78e9d1257834,M0153,2023-10-29,29,failed,debit_card
cc62799e-a57a-43fb-9cdb-7e3e6ebb90cc,M0153,2023-11-28,29,success,debit_card
d2ceeb0f-c4d1-446b-b578-0dc2a776a077,M0153,2023-12-28,29,success,credit_card
efb33f19-8f97-4cef-951d-3068f2059bab,M0153,2024-01-27,29,success,debit_card
fe2cac96-e556-4f90-beec-7faf1c24c4c1,M0153,2024-02-26,29,success,debit_card
e95e5f3c-accd-453f-b739-c5d27afd7ad6,M0153,2024-03-27,29,success,debit_card
a96a1552-5218-4acf-bd42-157d5a509595,M0153,2024-04-26,29,success,bank_transfer
5f215445-10d0-472e-b5af-71ee4ef5d694,M0153,2024-05-26,29,success,debit_card
29a067c1-4a69-46b9-8ae5-c4ea2d5334d3,M0154,2022-02-24,99,success,debit_card
2594a87a-d418-4fb3-8a83-2114c2bbfb4e,M0154,2022-03-26,99,success,bank_transfer
cef6c1e1-b779-4913-8296-f8e0a715fc9c,M0154,2022-04-25,99,success,credit_card
1384ef11-ce1c-407f-b700-d3cbb53f6319,M0154,2022-05-25,99,success,debit_card
31c28ed7-3835-4753-917e-f5681431d657,M0154,2022-06-24,99,success,bank_transfer
93797026-386c-41c9-a71a-2eaa7f57479c,M0154,2022-07-24,99,success,credit_card
c516daae-5e98-4f86-8540-e03dfc859905,M0154,2022-08-23,99,success,bank_transfer
efd5dc31-baad-4dd8-9c83-3cc300653890,M0154,2022-09-22,99,success,credit_card
edfe5a94-2d9f-4cfb-8099-d89d4a532e6d,M0154,2022-10-22,99,failed,bank_transfer
b9e4376a-f054-4200-91c4-c7ec15a31fd5,M0154,2022-11-21,99,success,debit_card
ecda1ea4-28fc-4606-8729-872724f73f32,M0154,2022-12-21,99,success,debit_card
38fb8b9e-a4c2-49ab-8826-cfe1e77a8cd8,M0154,2023-01-20,99,success,credit_card
86b2abe4-2ee2-4bdb-b255-bb86302f04df,M0155,2022-05-02,29,success,debit_card
fe115af6-d0a9-4ea6-bceb-ff83f5c65bc9,M0155,2022-06-01,29,success,debit_card
5eddf5a2-7003-4bc0-837c-69e02b65f911,M0155,2022-07-01,29,success,debit_card
6f39fe46-5423-4e3a-a707-42bfb85f8410,M0155,2022-07-31,29,success,debit_card
56db758a-139b-4662-ba13-4b132bb887a0,M0155,2022-08-30,29,success,bank_transfer
09842219-00c4-4f94-9343-c07e06dfe031,M0155,2022-09-29,29,success,credit_card
d32c69b5-fcde-4714-854f-5276922177bc,M0155,2022-10-29,29,success,credit_card
a9a83e3c-65ca-413a-a6a8-82ed0de73ab3,M0155,2022-11-28,29,success,bank_transfer
b27c976f-f757-4ac6-92d7-cc93ca2a0260,M0155,2022-12-28,29,success,debit_card
f102e512-9c0c-40d2-bc19-b8635bb041ba,M0155,2023-01-27,29,success,bank_transfer
cbb9d4e0-1336-4c9f-952e-110db8cdb3f6,M0155,2023-02-26,29,success,debit_card
cf9f6847-9e52-412c-a98e-4ca7bd0680ab,M0155,2023-03-28,29,success,bank_transfer
c09f642b-1a0b-4b46-b14d-8098c12ab7dc,M0155,2023-04-27,29,success,credit_card
5aec7718-fcff-4a29-a0fb-7470423197e1,M0155,2023-05-27,29,success,debit_card
eebc0ddf-1fb3-4353-bf3a-08ab3bc7d62c,M0155,2023-06-26,29,success,credit_card
7f787beb-eb8d-443d-86b7-01b54f05552d,M0155,2023-07-26,29,success,debit_card
b723ccea-ba77-4b21-a82f-084730fe3fa2,M0155,2023-08-25,29,success,bank_transfer
be5b3f4a-d74a-46c9-ab7a-aba9ba025e1b,M0155,2023-09-24,29,success,debit_card
84c7fc40-2055-4ff8-a893-8432574b7881,M0155,2023-10-24,29,success,debit_card
91e4d25f-9011-4c8f-9f8d-2289fa61dd86,M0155,2023-11-23,29,success,credit_card
a7c15b27-5651-454f-a3a2-9eb59b5630c9,M0155,2023-12-23,29,success,bank_transfer
72b53427-fb7d-4231-a3d2-804935ae840d,M0155,2024-01-22,29,success,debit_card
77c7a7dd-4348-4db0-a1c8-a3bf439f1b2c,M0155,2024-02-21,29,success,credit_card
086942bb-81f0-47c3-bcfc-8c7b2b8c9604,M0155,2024-03-22,29,success,debit_card
96955864-1aea-4ed1-ac3f-4df535df0cef,M0155,2024-04-21,29,success,credit_card
1fcea505-536c-4b28-b0cc-a53456c3c675,M0155,2024-05-21,29,success,credit_card
6913078b-87ba-4fb9-bd30-dbd6750c478b,M0156,2022-08-20,29,success,debit_card
b7d8f44f-6d29-4eac-90fb-d1fa2c64b48e,M0156,2022-09-19,29,success,debit_card
10cf3f75-31f9-435b-80d6-e7f9b467801f,M0156,2022-10-19,29,success,debit_card
663693e5-4181-4a81-abe1-f6d0aa8849b2,M0156,2022-11-18,29,success,credit_card
89716b2d-8718-49d6-8340-916c736a1807,M0156,2022-12-18,29,success,bank_transfer
d5b15f93-ebe5-4f8d-ac6b-95cf67da7e45,M0156,2023-01-17,29,success,credit_card
0051c512-3546-4355-832e-0b14a439a031,M0156,2023-02-16,29,success,credit_card
035e7dfc-ee91-444b-b519-c6a743b7a328,M0156,2023-03-18,29,success,debit_card
6c16f4bb-10e3-48c7-81b0-d48384412af7,M0156,2023-04-17,29,success,bank_transfer
952fb363-7276-496f-a5bd-d8bcc63484ef,M0156,2023-05-17,29,success,debit_card
7ec4ae03-b6fb-4904-a9c3-feb83260dcff,M0156,2023-06-16,29,success,bank_transfer
e026ea27-0b26-479e-9849-4b85417a47ca,M0156,2023-07-16,29,success,bank_transfer
93138b1b-235e-4b5a-8791-7d020b92e27f,M0156,2023-08-15,29,success,credit_card
7b56210a-c617-4133-976e-1ca4f7570abc,M0156,2023-09-14,29,failed,bank_transfer
840c3f57-6a42-4d0b-94ce-b1d05d9c754d,M0156,2023-10-14,29,success,debit_card
f3cf9f89-6ce5-48ae-a40e-5a3318ae8e9c,M0156,2023-11-13,29,success,credit_card
2e9ec5a5-4c46-4fb4-b9c3-c2b536d44797,M0156,2023-12-13,29,success,credit_card
36c24565-d62b-4eac-8476-ea13d1f43f65,M0156,2024-01-12,29,success,credit_card
05a5a979-e157-4a55-8777-b4d2e7727244,M0156,2024-02-11,29,success,bank_transfer
4c37594d-d719-4794-a2b0-63439aa4f0b1,M0156,2024-03-12,29,success,bank_transfer
70ed09a9-34a4-4f9c-8365-878d87c94501,M0156,2024-04-11,29,success,bank_transfer
b1324462-8c70-4c0e-85ea-0829be0573c4,M0156,2024-05-11,29,success,credit_card
c3c44bdf-7e88-4566-aee5-cf523aece34c,M0157,2023-08-26,29,success,credit_card
f98e08a4-82ab-4939-9fce-2e7296d32eb1,M0157,2023-09-25,29,success,credit_card
515b852c-0d26-4a1e-a4b9-321033a8e15f,M0157,2023-10-25,29,success,debit_card
d94dfd69-d8be-4671-acbb-8c98ba65d11c,M0157,2023-11-24,29,success,bank_transfer
0261806a-4696-46c2-b67b-d6f30156a80c,M0157,2023-12-24,29,success,debit_card
cee9317b-4a2f-4b17-9481-9f9209456619,M0157,2024-01-23,29,success,bank_transfer
f203365c-7d90-4354-b1d4-ac167c26e824,M0157,2024-02-22,29,success,debit_card
31fc3727-e1d9-4a6c-8f61-cd3725f004b7,M0157,2024-03-23,29,success,debit_card
c5880ffe-3caa-4856-9410-0e30d079ccf9,M0157,2024-04-22,29,failed,credit_card
2cf86070-ac37-4fde-9956-4dfcac7c2d34,M0157,2024-05-22,29,success,bank_transfer
661c1479-2e64-46b7-9a2b-8535f4aca7cc,M0158,2023-09-17,29,success,credit_card
74c05de6-bf1b-46ca-aa5c-5107ad249470,M0158,2023-10-17,29,success,credit_card
af03e95b-012e-4439-bc8d-7cf9a669a2de,M0158,2023-11-16,29,success,credit_card
eb2b68a8-525f-448a-9fb4-712646b8be73,M0158,2023-12-16,29,success,credit_card
2a93244e-9345-4482-952b-2746b80637b1,M0158,2024-01-15,29,success,debit_card
e9b3090e-aa28-4b5a-b544-10c9d0d0331a,M0158,2024-02-14,29,success,credit_card
fe6ed07a-d254-4bfc-923d-8007e9ecd144,M0158,2024-03-15,29,success,credit_card
5048a440-56b0-4ccd-9a52-c146aff5d6e2,M0158,2024-04-14,29,success,bank_transfer
755abc10-8443-4be0-bb55-c505f08f3de6,M0158,2024-05-14,29,success,debit_card
83d58b16-a7f7-41cf-922f-8252b0917ef9,M0159,2022-08-05,29,success,debit_card
67d3958f-6bb0-44d5-b62e-cbdb18f65b5d,M0159,2022-09-04,29,success,debit_card
f4e1b88c-f011-4059-9a0f-81bbe59cfe9a,M0159,2022-10-04,29,success,credit_card
90430b9c-3de3-4ac6-9cf8-a96d1ec85e6f,M0159,2022-11-03,29,success,bank_transfer
63190ec0-4af9-4267-8bed-119a14019f96,M0159,2022-12-03,29,success,credit_card
2acf29ce-6ecc-4172-a22b-089c643aedc2,M0159,2023-01-02,29,success,debit_card
fba763d9-39ac-4724-99c6-28ed70856420,M0159,2023-02-01,29,failed,credit_card
a6c2926e-870b-408d-99f0-3cf76118b9ee,M0159,2023-03-03,29,success,debit_card
cda3edb1-826c-4d02-b5ff-042ea88525e2,M0159,2023-04-02,29,success,debit_card
18ff8009-9b32-4d8e-b224-d05b7a321460,M0159,2023-05-02,29,success,bank_transfer
fde98849-1ffa-44b2-b3d0-56418adae1ca,M0159,2023-06-01,29,success,bank_transfer
35bb3e65-f4cb-46cb-b5f9-a38147a06aac,M0159,2023-07-01,29,success,bank_transfer
140a82a3-1128-43d6-9693-1cdff1801d33,M0159,2023-07-31,29,success,bank_transfer
38a59e7f-a366-4c7b-8a66-ad9c18639e08,M0159,2023-08-30,29,success,bank_transfer
36ad65c3-bc1e-408c-bece-d0a5d2361b1e,M0159,2023-09-29,29,success,credit_card
0da918ba-ba11-4a49-8902-fa7f0216368f,M0159,2023-10-29,29,success,credit_card
55cef699-818b-4290-9e2b-373afbc2e644,M0159,2023-11-28,29,success,bank_transfer
1f3f80b5-983a-4d0f-a802-479cdf10b973,M0159,2023-12-28,29,failed,bank_transfer
07be1841-ee04-4eda-89bf-f451a9ebe9da,M0159,2024-01-27,29,success,credit_card
0c43622f-25b8-4380-bd19-f45586d0db23,M0159,2024-02-26,29,success,bank_transfer
827fd4b2-4f2c-4e7a-aed2-6b83ba99f182,M0159,2024-03-27,29,success,bank_transfer
66177141-906e-45a7-b257-e4b6721b96c0,M0159,2024-04-26,29,success,debit_card
71cb9752-a0bc-4de4-a5ed-fdfb83ec8064,M0159,2024-05-26,29,success,credit_card
d81609b9-4b7c-4a47-b5dc-e510ad281a44,M0160,2023-07-20,29,success,debit_card
474f4c40-d3cb-491b-bd62-88a3660a6680,M0160,2023-08-19,29,success,debit_card
8bef824f-a636-4c84-894b-738c2c115ec1,M0160,2023-09-18,29,success,credit_card
46f00750-e122-49d7-b1c7-6c3c269a011b,M0161,2023-04-27,29,success,debit_card
22ab71ae-9b2e-463f-bc6a-7c37dc92a44e,M0161,2023-05-27,29,success,credit_card
3d4cd036-b19a-421b-a430-9194cc5045e7,M0161,2023-06-26,29,success,debit_card
e97fbd90-c29b-492c-b1f4-794a0ebc7ca8,M0161,2023-07-26,29,success,bank_transfer
e0e5adac-bc18-4925-b7c8-9e449822d64b,M0161,2023-08-25,29,success,bank_transfer
2a891108-a96b-4ef6-8137-59a33fced82e,M0161,2023-09-24,29,success,debit_card
9766402a-fddd-4b35-8bbc-bf01ba7cd2cc,M0161,2023-10-24,29,success,debit_card
117f8740-403b-43b5-ace3-2610d1b2c2bb,M0161,2023-11-23,29,success,bank_transfer
8d25e91f-e166-41fd-91cb-70c2b475c7d5,M0161,2023-12-23,29,success,bank_transfer
0832d39a-f447-4cd1-8f17-ca32b7b4459e,M0161,2024-01-22,29,success,debit_card
d57717b9-cb7d-4c62-aa51-5644daada574,M0161,2024-02-21,29,success,debit_card
9edd6146-5694-471d-8883-f13d24e2995a,M0161,2024-03-22,29,success,debit_card
1859a188-e7ab-477d-8528-4589a2097eb7,M0161,2024-04-21,29,success,credit_card
0181b637-90dc-4578-bb07-46f6f831fe77,M0161,2024-05-21,29,success,debit_card
3e70c08a-e91a-4624-8e91-1cbae6dbdfb5,M0162,2023-12-21,29,success,debit_card
578ba4a2-57da-4846-85fa-f9de6e88f4bd,M0162,2024-01-20,29,success,bank_transfer
3f03dd1f-b37f-41c4-9651-7ecb8d1a4115,M0162,2024-02-19,29,success,credit_card
3d2afa94-cee0-4759-854f-67211488524b,M0162,2024-03-20,29,success,bank_transfer
73004e7c-2fb0-4832-9502-94d68806336c,M0162,2024-04-19,29,success,credit_card
ccf5fdf9-72b2-4e1c-a228-8eebb5c6e88f,M0162,2024-05-19,29,success,debit_card
3ecc2201-aa82-4aa2-abae-36b5bb1cff89,M0163,2023-10-03,99,success,bank_transfer
025300bb-8908-480f-bba6-ba993bdccc69,M0163,2023-11-02,99,success,bank_transfer
66ed4c34-f2fc-4b15-9ac4-3dd36639eefa,M0163,2023-12-02,99,success,credit_card
3f80eadd-eb2d-40c8-bb1c-1203cf179bff,M0163,2024-01-01,99,success,credit_card
e1543efd-8e81-4763-b072-0efe1e2899b4,M0163,2024-01-31,99,success,bank_transfer
eba4f207-afa9-431e-b5d9-5ede0a65782c,M0163,2024-03-01,99,success,debit_card
79936f49-2c5b-4696-aa5c-37acd2f3077f,M0163,2024-03-31,99,success,debit_card
c31b8d4d-98bd-4dc6-a1d3-3e7d559dfa4c,M0163,2024-04-30,99,success,debit_card
a6ab08e0-75d4-482b-b2b4-0e3a0584ceb7,M0163,2024-05-30,99,success,bank_transfer
5fda3967-db4a-4b83-8cb1-155ab9bbd4df,M0164,2022-04-28,59,success,bank_transfer
7970c37a-a0e5-403a-967d-3bdc9f1b89ac,M0164,2022-05-28,59,success,debit_card
566a78ad-f373-4a4f-a5ff-20531d670bf2,M0164,2022-06-27,59,success,bank_transfer
c9c1101b-a8d4-4279-8381-5e3f7267340c,M0164,2022-07-27,59,success,debit_card
8befd992-b5f8-4e66-884c-8a73a7444d35,M0164,2022-08-26,59,success,credit_card
bf281dca-b08a-469f-a60d-6e96e8e92cc2,M0164,2022-09-25,59,success,credit_card
ffff63d5-62d4-4fd1-ab19-da5a11bda582,M0164,2022-10-25,59,success,debit_card
20f34a00-62d3-4916-b1ea-2d2153113fdb,M0164,2022-11-24,59,success,bank_transfer
3dd654be-073a-4189-90ad-2163c543f2b2,M0164,2022-12-24,59,success,credit_card
5795c111-8bc8-4732-9288-8e21f17ac936,M0164,2023-01-23,59,success,credit_card
12d24a5e-f858-4948-a915-1c3143daaf1f,M0164,2023-02-22,59,success,debit_card
ba0293cd-9969-4f18-8b0f-053f68c46aa3,M0164,2023-03-24,59,success,credit_card
07c935e2-5e35-4ee9-9892-f8503c3aa525,M0164,2023-04-23,59,success,bank_transfer
84159b28-4ab0-45bf-999a-6ae5fb138779,M0164,2023-05-23,59,success,debit_card
b843fe78-6b9e-428a-94cd-17ef6da38905,M0164,2023-06-22,59,success,credit_card
1cc0d1bf-b5e8-4ca6-a468-31aa64996aa7,M0164,2023-07-22,59,success,bank_transfer
5174b942-90d2-4bcb-ab23-aa2ce14fc20b,M0164,2023-08-21,59,success,debit_card
634704c8-26d5-4d5f-ba97-e824b142ea71,M0164,2023-09-20,59,success,credit_card
e6663d5a-f67a-47f3-9406-f098f4d7f5c6,M0164,2023-10-20,59,success,debit_card
74f3ff5c-0b50-4fdb-935f-81d07f3e4e14,M0164,2023-11-19,59,success,debit_card
c38240a3-6f89-4dc8-9d0a-b57d17123ae5,M0164,2023-12-19,59,success,bank_transfer
43d311d3-06ea-4003-a60b-3b2815ea8422,M0164,2024-01-18,59,success,credit_card
7acc0905-8602-4e70-bc68-b07a68ccaded,M0164,2024-02-17,59,success,credit_card
12ddef8d-643f-41cd-9fd2-fb1b573ccc7f,M0164,2024-03-18,59,success,debit_card
91f77291-289a-4861-9286-87051c0596e3,M0164,2024-04-17,59,success,debit_card
ebe10dde-75da-4b32-bcc1-2f1dde3ea82d,M0164,2024-05-17,59,success,credit_card
a2a73441-a7f8-49b7-8219-f909503886ae,M0165,2022-03-15,59,success,bank_transfer
13f9d651-9f77-4115-b0f1-ff1599472539,M0165,2022-04-14,59,success,debit_card
93822b8e-3d36-41dd-b1d3-84b2184e5fa8,M0165,2022-05-14,59,success,credit_card
6bdfee38-a448-42f4-8f83-1b2439567d00,M0165,2022-06-13,59,success,credit_card
ec5d1147-01dc-426e-a577-04a7b4b59861,M0165,2022-07-13,59,success,debit_card
50805ea4-7f44-451e-9e19-d90f35948995,M0165,2022-08-12,59,success,credit_card
ca0d2b14-fe74-4c41-9df7-5e4bc75d6057,M0165,2022-09-11,59,success,debit_card
fed4728c-5264-45e3-8e51-26fc62ae5fb1,M0165,2022-10-11,59,success,bank_transfer
b3f5c576-220a-4d1c-be74-cb2e81e21adf,M0166,2023-03-26,59,success,debit_card
57c776dd-5a2b-4bac-a264-9f64519d081a,M0166,2023-04-25,59,success,credit_card
4ff75a04-ab66-44c5-9d40-705deba5ca4f,M0166,2023-05-25,59,success,debit_card
9b857750-ee39-4d95-9717-d055dfd4f374,M0166,2023-06-24,59,success,bank_transfer
9c442630-8f10-4977-ae96-1013f3a5af32,M0166,2023-07-24,59,success,bank_transfer
990494ee-9a1b-4c4b-aec5-ef9bfceb2ff0,M0166,2023-08-23,59,success,debit_card
a3afd1bc-7607-4c69-bf81-48efa4069d10,M0166,2023-09-22,59,success,credit_card
6ea90815-1b18-4f3a-a4ab-dc4169287e1e,M0166,2023-10-22,59,success,credit_card
ff0daef7-39cf-45d4-ad65-10724901d0cd,M0167,2023-07-07,29,success,debit_card
b97fd3ae-2c63-4738-aef8-29a6a158bf4d,M0167,2023-08-06,29,success,bank_transfer
79d9666a-c5ae-4133-889d-92dcd50755bd,M0167,2023-09-05,29,failed,bank_transfer
a6d1cbdb-3c47-4f1f-9e65-e424e8beab76,M0167,2023-10-05,29,success,credit_card
81708a1d-c7d6-484f-932e-98f72cee7408,M0167,2023-11-04,29,success,debit_card
7f6837ba-a26c-4b07-8dbf-fb9d328e0565,M0167,2023-12-04,29,success,credit_card
2ce8869b-0c9e-49ad-a6a6-9e344835b9e8,M0167,2024-01-03,29,success,credit_card
ae74552e-f7ea-428f-b589-75c0d4793d62,M0167,2024-02-02,29,success,debit_card
dbeaa24d-0384-4d7f-815a-6022a25aabd2,M0167,2024-03-03,29,success,bank_transfer
2edc82a9-eb18-4295-a16c-2715905405aa,M0167,2024-04-02,29,success,debit_card
e6b7225e-3306-4dd8-9a05-bdbd1d430270,M0167,2024-05-02,29,success,credit_card
3542e5d4-10b8-4b1a-9b44-b7e9fc578e88,M0168,2022-11-27,29,failed,debit_card
dd3e101e-8499-49e9-bc80-eb4408a7b435,M0168,2022-12-27,29,success,bank_transfer
e536f6f7-2733-4082-8edf-12e0f8bd5138,M0168,2023-01-26,29,success,bank_transfer
88a15a63-00e3-4564-b922-f527c4532725,M0168,2023-02-25,29,success,debit_card
254043f6-f541-4e98-9478-73195b79d543,M0168,2023-03-27,29,success,bank_transfer
32006dc0-aa9f-4c68-9fc5-f64ef01148f3,M0168,2023-04-26,29,success,credit_card
41c32581-de50-4658-a09b-a58c1f7dd6f9,M0168,2023-05-26,29,success,debit_card
993958a1-bd34-4748-a0fe-7a98e6c2dceb,M0168,2023-06-25,29,success,debit_card
0a318377-601d-43f2-8782-e4c212b83f2c,M0168,2023-07-25,29,success,debit_card
bce5fb5c-c784-4fc2-b9ea-775cdee7524a,M0168,2023-08-24,29,success,bank_transfer
999ecf1f-79d9-4a21-bb99-81fb7ed3293c,M0168,2023-09-23,29,success,debit_card
f6c55403-b3d2-4379-98e6-2ada3d5703d0,M0168,2023-10-23,29,success,bank_transfer
45114d73-29ee-4c46-b972-d4e84917dd27,M0168,2023-11-22,29,success,bank_transfer
9580122b-c95b-40e8-8dc8-e0b07e67187c,M0168,2023-12-22,29,success,debit_card
85878dc0-4220-4d7e-9fd4-abd58e1c550a,M0168,2024-01-21,29,success,bank_transfer
7a48b688-61c6-4f63-99d7-e488468675ea,M0168,2024-02-20,29,success,credit_card
ae42c3de-0bfe-45fb-84da-ee2b47104b99,M0168,2024-03-21,29,success,bank_transfer
ffbbe349-5023-4a7c-8021-21c6b0f3b2db,M0168,2024-04-20,29,success,debit_card
6a8c1daf-d8a9-46d5-bb4f-249cc79ef830,M0168,2024-05-20,29,success,bank_transfer
2a741331-9911-47ad-b079-f80d08c39573,M0169,2023-08-13,29,success,credit_card
83d4df41-4d30-447c-98bb-e143cdd41fa7,M0169,2023-09-12,29,success,credit_card
54d84117-91d9-470c-9abf-70012fa74290,M0169,2023-10-12,29,success,bank_transfer
a20654cb-17fa-4949-9ffa-24d13f95afe4,M0169,2023-11-11,29,success,debit_card
08e67c94-0fd9-435e-bdc8-d56f1e2545ac,M0169,2023-12-11,29,success,bank_transfer
ea622f45-075c-40be-83f8-3f8ed8ca880a,M0169,2024-01-10,29,success,debit_card
75aac5b8-b1b0-480a-9976-83adb1498dbf,M0169,2024-02-09,29,success,debit_card
bc338d4c-7eda-4869-bdd2-e52db5dc3b69,M0169,2024-03-10,29,success,bank_transfer
990428c1-cdd7-4606-a548-b58ab1dabb7a,M0169,2024-04-09,29,success,bank_transfer
711fa8de-6922-447a-8bfc-6bb1fd3a31ca,M0169,2024-05-09,29,success,debit_card
505db73c-e758-4ae7-83bd-3ac9e5742e8c,M0170,2023-08-14,29,success,debit_card
9513c8ff-4f89-45a9-b5ec-a872815cb558,M0170,2023-09-13,29,success,debit_card
bb6fc9e2-7827-4dd2-a92b-45e9f47dfb60,M0170,2023-10-13,29,success,bank_transfer
54d4d345-9c5a-4165-89bc-c950e3cceb27,M0170,2023-11-12,29,success,bank_transfer
ca90f085-e6bb-4198-9465-19c5c88a4b59,M0170,2023-12-12,29,success,credit_card
09b94101-bf9e-41de-8f44-d806d661e1bb,M0171,2022-10-12,29,success,bank_transfer
3dc708d4-f336-4627-ae25-8e171d8bb11a,M0171,2022-11-11,29,success,bank_transfer
99c184d9-e1fd-4844-a943-b948001c8786,M0171,2022-12-11,29,success,bank_transfer
038c1191-8227-47fe-bfa4-e02df9c1becb,M0171,2023-01-10,29,success,bank_transfer
0f179e42-43da-4d5a-a5fd-6248236589fe,M0171,2023-02-09,29,success,debit_card
1209c7f8-9bbe-4ebc-be52-1da53ebc3c4d,M0171,2023-03-11,29,success,bank_transfer
f3cb6cd1-aff2-47ee-a8ff-34ec04dfeabb,M0171,2023-04-10,29,success,debit_card
da6972a6-cbd8-46ca-a16a-b0f815aae8de,M0171,2023-05-10,29,success,bank_transfer
12567487-b701-4d50-a292-9759a33438de,M0171,2023-06-09,29,success,bank_transfer
05b82a21-1ab7-4bf7-8ec5-a59567d17dd8,M0171,2023-07-09,29,success,debit_card
482ebb49-33be-4489-ad98-eb2fd882f6aa,M0171,2023-08-08,29,success,credit_card
0d0b8fc9-e10c-444c-bd97-7424e73ac3a8,M0171,2023-09-07,29,success,debit_card
e2be7e16-3bd2-4620-b58d-7a34b8882a60,M0172,2023-04-27,29,success,debit_card
4072ccce-4ba4-4b72-9f43-7fc1bfcb794b,M0172,2023-05-27,29,success,credit_card
cc5fd4fe-9e79-42b3-8eb3-cb6dff067016,M0172,2023-06-26,29,success,debit_card
743d5c82-b351-410f-8781-02b2facea226,M0172,2023-07-26,29,success,debit_card
47dd619f-9f15-425e-a3d1-4a20d2853f01,M0172,2023-08-25,29,success,debit_card
d36277f6-656d-42b4-9968-9a99022a56d8,M0172,2023-09-24,29,success,credit_card
997ab00d-992d-4169-8a49-497d324052fd,M0172,2023-10-24,29,success,credit_card
c41a2e02-0986-402c-8286-5af4c251c5bd,M0172,2023-11-23,29,success,credit_card
675fd5f5-ee38-48e8-ba21-fe7192999bd5,M0172,2023-12-23,29,success,debit_card
0bfc05b7-27fd-4dc7-b5f3-0101aff63936,M0172,2024-01-22,29,success,bank_transfer
1ffd8a14-3667-480f-953e-4eda4afb9c23,M0172,2024-02-21,29,success,debit_card
5ce848d1-104f-4745-8a54-9dc94e18f857,M0172,2024-03-22,29,success,credit_card
12e9d246-1fb6-47e5-8e52-feb43a57daeb,M0172,2024-04-21,29,success,debit_card
2058af07-e8a4-499f-a7c8-99009a64cd71,M0172,2024-05-21,29,success,debit_card
86ee2a2e-f22c-4f50-87f5-272650bd0f3d,M0173,2022-06-14,59,success,debit_card
997bd4e9-b47f-4a12-af02-72d9bd6fb2d7,M0173,2022-07-14,59,success,credit_card
d0b6fe8e-42db-488b-a3fd-447c6255c321,M0173,2022-08-13,59,success,credit_card
f63b4cc6-7c21-4311-8041-fafa9cfdf34a,M0173,2022-09-12,59,success,debit_card
12e8a0ea-4716-465f-9392-7c516fc03046,M0173,2022-10-12,59,success,credit_card
3a9ae285-af42-4516-859a-8753bd2499a5,M0173,2022-11-11,59,success,credit_card
24e4473a-48c9-4300-a06d-151cadc8b4cb,M0173,2022-12-11,59,success,debit_card
6db76433-b272-48bb-b556-8df5bc7b114a,M0173,2023-01-10,59,success,debit_card
456edfd3-fd5b-45b2-88ed-e267e1421168,M0173,2023-02-09,59,success,bank_transfer
c94bb571-f6b1-44f9-8364-4b3ab224f7a5,M0173,2023-03-11,59,success,credit_card
35c922f8-1ccf-4de8-a345-b84aec3e0a8d,M0173,2023-04-10,59,success,bank_transfer
32cec2b0-523b-4af1-9017-7cf6d5ce29e9,M0173,2023-05-10,59,success,credit_card
7f21be37-af11-49d7-bab1-3f0ab23d1c06,M0173,2023-06-09,59,success,bank_transfer
8f866151-6020-4d1c-90fa-6cb79d922d16,M0173,2023-07-09,59,success,credit_card
403fc8ed-51f2-4aad-9f57-dcaed44ba5ba,M0173,2023-08-08,59,success,bank_transfer
02086531-78dd-41f0-aa0c-5a4fa8f368a5,M0173,2023-09-07,59,success,bank_transfer
36c97f23-a466-430e-8b43-b947f27790c2,M0173,2023-10-07,59,success,credit_card
4fc9c723-e735-4117-829f-33d2af0cbbf5,M0173,2023-11-06,59,success,credit_card
a07863f8-ff30-412e-bb32-5b2e21065ab4,M0173,2023-12-06,59,success,debit_card
fbeae37f-0538-4851-80d6-8fd4d082ea78,M0173,2024-01-05,59,success,bank_transfer
30cedca0-083e-47d2-84d0-66740745dcbb,M0173,2024-02-04,59,success,bank_transfer
44eea0fb-d228-4518-8cb5-8f594d0beaa6,M0173,2024-03-05,59,success,debit_card
7e400177-53d0-49c4-8f3f-97326f3f1067,M0173,2024-04-04,59,success,credit_card
e6c93291-2270-42de-bd79-d86164199f2d,M0173,2024-05-04,59,success,debit_card
8934a931-b00e-4af1-bb56-a1b81fd9c40f,M0174,2023-02-15,59,success,debit_card
9aea6278-9fd2-491c-aaeb-149d228f006a,M0174,2023-03-17,59,success,credit_card
5abf8a14-3124-492d-b9dd-4284e15138d3,M0174,2023-04-16,59,success,debit_card
0df816c0-2b39-4cd7-a58e-2e4ffca813f8,M0174,2023-05-16,59,success,credit_card
6ce7daa2-4328-45f8-a3cf-00d0f8bb4ecb,M0174,2023-06-15,59,success,debit_card
e45490ce-1bb1-483c-be86-0643085c5031,M0174,2023-07-15,59,success,credit_card
ddb265f2-18cc-48bd-b64d-1aa1859d209d,M0174,2023-08-14,59,success,credit_card
8b8e3024-0a76-4bd4-b261-d5d87ca08e0f,M0174,2023-09-13,59,success,bank_transfer
e232a072-bdf5-49cf-af0c-480fa6e64425,M0174,2023-10-13,59,success,debit_card
d8368f91-192f-47c9-b8af-fe0182f83d9f,M0174,2023-11-12,59,failed,bank_transfer
2ac6cf59-cc03-4d62-95a6-5a9f5b2b07e8,M0174,2023-12-12,59,success,bank_transfer
b99dbb3f-dde7-4329-816d-c991f78a00ed,M0174,2024-01-11,59,success,credit_card
902dc253-2f99-46d2-9c88-2c240b7a75de,M0174,2024-02-10,59,success,bank_transfer
604e6271-afb1-4158-9a36-e75e6d422ae1,M0174,2024-03-11,59,success,bank_transfer
b8398e07-68fb-4556-96d8-4b2b55a3ac3b,M0174,2024-04-10,59,success,bank_transfer
96df5df3-2ccf-46d6-afd2-521e435e4efe,M0174,2024-05-10,59,success,debit_card
0b2e5d14-ba6f-414b-9f9f-413494222438,M0175,2022-11-19,29,success,bank_transfer
cbb7dae0-2bf6-48f3-b055-0c8e62e153b5,M0175,2022-12-19,29,success,credit_card
d75c15c4-799e-42c9-9f14-f9acd1a063a2,M0175,2023-01-18,29,success,debit_card
ca3b7ecb-04fd-448e-9356-e3a0bd90ee88,M0175,2023-02-17,29,failed,debit_card
b25fedd5-59b9-4daf-bf1b-7fd5feb83d17,M0175,2023-03-19,29,success,debit_card
0d5a0ec9-723a-4575-9593-da89c7cf1ca4,M0175,2023-04-18,29,success,credit_card
52061453-0785-4999-b038-dcf378a9629e,M0175,2023-05-18,29,success,credit_card
bb6acff4-9b17-4610-9a4a-f3ccd1dd1293,M0175,2023-06-17,29,success,bank_transfer
8e97f47e-40f6-4a13-8b08-dc7a2ff48cbd,M0175,2023-07-17,29,success,bank_transfer
81862507-6157-4893-aff9-eb27e2576b7d,M0175,2023-08-16,29,success,credit_card
4af034be-6f61-4d8b-9637-3f9189af1453,M0175,2023-09-15,29,success,credit_card
0e64e6af-8246-4196-9dcb-20be7e7f05c2,M0175,2023-10-15,29,success,debit_card
8d9caa4e-15ac-4010-8409-47dab362986d,M0175,2023-11-14,29,success,debit_card
6316efdd-32e9-4bed-93a9-fa1a28b9df81,M0175,2023-12-14,29,success,debit_card
ecb89285-2352-48d9-afb1-3c9b69f99695,M0175,2024-01-13,29,success,credit_card
a3fd87c0-b596-40d8-be08-df718d3b511d,M0175,2024-02-12,29,success,bank_transfer
d1420a7d-ab61-499f-911f-05f1166046a2,M0175,2024-03-13,29,success,credit_card
a3134cc8-e9e8-4492-8450-07b90ba6a85c,M0175,2024-04-12,29,success,bank_transfer
954417c9-3ed5-42cc-97ae-d708a09fbc2f,M0175,2024-05-12,29,success,bank_transfer
82fcbf9a-3de4-43dc-a875-301f746a75a2,M0176,2022-01-02,59,success,debit_card
c97de150-a899-446b-a513-3fa8be9a2e4c,M0176,2022-02-01,59,success,credit_card
a84fe0d2-56ac-4613-9c2f-91aefd0d497a,M0176,2022-03-03,59,success,credit_card
4bdbfa9f-3cc4-4f6b-b016-e0cdf3c42987,M0176,2022-04-02,59,success,bank_transfer
b5b5d2dc-a97a-49f5-aa5d-0030958a89f3,M0176,2022-05-02,59,success,debit_card
f7793a89-fe87-49ac-ac1c-f6f52d34d771,M0176,2022-06-01,59,success,debit_card
39b4d599-9975-4e8e-91fc-ed63c7fbce12,M0176,2022-07-01,59,success,credit_card
65f34dc6-2f5b-45e8-9e7c-2a2b765629c1,M0176,2022-07-31,59,success,credit_card
480b29c9-a59b-449a-b2c4-7bc00d005640,M0176,2022-08-30,59,success,bank_transfer
32a68839-01e8-4923-86c8-00a6d566e4fc,M0176,2022-09-29,59,success,bank_transfer
d12632c6-b7c8-4a79-b3c5-0e8607797036,M0176,2022-10-29,59,success,debit_card
6992ead1-6bb4-4d83-ad23-85380fa2e2b5,M0176,2022-11-28,59,success,bank_transfer
d1dd3a04-d9aa-45f6-85e7-bce0daf2d56d,M0176,2022-12-28,59,success,credit_card
8e0c047a-dda1-4c35-a325-e634187ec3b1,M0176,2023-01-27,59,success,debit_card
96451e96-54e1-4681-ac84-e47ac699b505,M0176,2023-02-26,59,success,credit_card
f780a7d5-a2a2-483b-9ff4-8380d51e347f,M0176,2023-03-28,59,success,debit_card
1509bc17-498e-45c7-b207-268d9b16a23c,M0176,2023-04-27,59,success,debit_card
4a5fdb6e-1b19-44d6-a4f1-51576469a106,M0176,2023-05-27,59,success,bank_transfer
68d250ae-d466-418f-8a69-2541f821e298,M0176,2023-06-26,59,success,credit_card
ad3b247c-3f03-43df-bc71-94d4c51d5ec4,M0176,2023-07-26,59,success,bank_transfer
e07c097d-640d-4f58-97e4-f2c72e9ec59c,M0176,2023-08-25,59,success,credit_card
9a477845-4c3f-4cb4-ac87-6be7e1e994c4,M0176,2023-09-24,59,success,debit_card
950a956e-f006-4fad-886f-683992e2fb8e,M0176,2023-10-24,59,success,bank_transfer
0479aa98-4e29-47df-a6fb-86398d6602a2,M0176,2023-11-23,59,success,credit_card
9c292cf2-bd8f-4ab3-8e08-0b5b47cb420f,M0176,2023-12-23,59,success,debit_card
592286ab-4bc1-4351-90aa-fbcd54ac4d3b,M0176,2024-01-22,59,success,credit_card
af8c5688-724c-4892-b124-0d683ab01693,M0176,2024-02-21,59,success,debit_card
112c5d86-8c75-487e-8812-fac4c261d93f,M0176,2024-03-22,59,success,bank_transfer
58d46eb7-6b41-4140-ba97-0407ae47c81e,M0176,2024-04-21,59,success,bank_transfer
62c8f33e-9b87-4cd1-b00b-e985bbd19e63,M0176,2024-05-21,59,success,debit_card
65447113-4d27-4b9e-9f47-1477d9a3e3f3,M0177,2022-07-12,59,success,debit_card
37ad4532-3288-490e-b034-e941feb60f7e,M0177,2022-08-11,59,success,bank_transfer
07b9a5df-99b0-4d14-91b6-9fcafa705fe4,M0177,2022-09-10,59,success,debit_card
5e61a573-f4d1-4bf5-a11a-9ba590cb5929,M0177,2022-10-10,59,success,debit_card
3792b403-478a-4568-8514-cf3e6c27f87c,M0177,2022-11-09,59,success,debit_card
9315824f-424f-4bfe-817b-820353c3bb04,M0177,2022-12-09,59,success,bank_transfer
eb6f2c35-0b13-46bd-b963-c0b54a6239d2,M0177,2023-01-08,59,success,debit_card
1cd4d80b-6f6a-4395-a113-aa72a6c3818f,M0177,2023-02-07,59,success,credit_card
26f090fa-beb2-42d2-9cd7-580bd3ee291a,M0177,2023-03-09,59,success,debit_card
a51dd9d5-dcea-446a-ae3b-e9ee44e7dcc9,M0177,2023-04-08,59,success,credit_card
1faeb7c0-c54e-4da5-a2cd-2efa376ef7c5,M0177,2023-05-08,59,success,debit_card
c0cd9531-b567-4886-857d-9d0a3323f97e,M0177,2023-06-07,59,success,debit_card
559f4c6a-5f4f-4631-8e2f-0aed30332c49,M0177,2023-07-07,59,success,debit_card
ac2c51d2-b188-420c-b02b-1417b10c7dfb,M0177,2023-08-06,59,success,bank_transfer
21fb53db-a676-4ab1-950c-f879ab2117ef,M0177,2023-09-05,59,success,credit_card
4becaecb-0336-4dde-bd91-6a42e37bf791,M0177,2023-10-05,59,success,debit_card
5686fd0d-9dc4-43d8-bf5e-0228b826b5a2,M0177,2023-11-04,59,success,debit_card
13afb5d1-8460-498b-97de-fada1a0a7495,M0177,2023-12-04,59,success,bank_transfer
da914681-3763-46ca-863b-015b7aa63204,M0177,2024-01-03,59,success,debit_card
596fad15-7fa3-4905-882c-8d52686288c7,M0177,2024-02-02,59,success,debit_card
e78ed64a-de9b-40a3-bedc-e61352a54b10,M0177,2024-03-03,59,success,bank_transfer
20ed537c-85c0-4d31-bab6-7281ac69a3fa,M0177,2024-04-02,59,success,debit_card
b2bc4692-0dfa-4a58-96ca-97ffeb503cd4,M0177,2024-05-02,59,success,debit_card
83dab57f-302f-4693-a747-6ba7c45d0e63,M0178,2023-03-29,29,success,bank_transfer
3a21405f-53d3-4803-b448-612616e93022,M0178,2023-04-28,29,success,bank_transfer
da0619e8-705c-4a9d-94f9-ee695eb368af,M0178,2023-05-28,29,success,credit_card
6a618580-1bda-44f1-8955-c798ebfe3ed5,M0178,2023-06-27,29,failed,bank_transfer
d0c7ed27-c38e-4855-a348-2befa3167d78,M0178,2023-07-27,29,success,debit_card
d568666a-6511-481b-b396-62dcdc3a467c,M0178,2023-08-26,29,success,bank_transfer
51485c3f-9009-452f-88a6-420aa20bd670,M0178,2023-09-25,29,success,bank_transfer
e541c6dd-d61b-4bf9-ac08-6b0cbc4266df,M0178,2023-10-25,29,success,credit_card
6a069a42-17b6-40bb-82dc-cbe838a75f36,M0178,2023-11-24,29,success,bank_transfer
31c7285b-0262-4f26-ac16-b6bb6f33c0c6,M0178,2023-12-24,29,success,debit_card
2585e2fa-a30d-4217-ab72-196955246070,M0178,2024-01-23,29,success,credit_card
e02e4b49-fd4b-4ca8-b464-dd5e3c518d85,M0178,2024-02-22,29,success,bank_transfer
f06f675f-6a08-4f45-a073-3330be6915cc,M0178,2024-03-23,29,success,credit_card
33ae5644-22f8-457b-9048-a093d1c27cbe,M0178,2024-04-22,29,success,debit_card
7bf9215c-0dee-4aa0-a7cb-60d5930b0471,M0178,2024-05-22,29,success,credit_card
9419da3d-da89-49cb-af63-d19b4cd38f1c,M0179,2022-10-22,59,success,debit_card
ccfdb6ec-c814-4607-817b-1c3b905699d3,M0179,2022-11-21,59,success,debit_card
a9c96c00-c3f3-4b1c-97ac-3264deb7a777,M0179,2022-12-21,59,success,debit_card
9e77e199-914f-426a-94a0-ddcd9b79c1ae,M0179,2023-01-20,59,success,debit_card
68189d7f-f45d-48f9-9ef3-b2dac424f772,M0179,2023-02-19,59,success,debit_card
e752981c-ec7e-4e17-b93c-dd36c7957b2c,M0179,2023-03-21,59,success,debit_card
dee2427b-a6dd-4477-9758-74f4b5287bc3,M0179,2023-04-20,59,success,debit_card
97a4fe52-a705-4911-ab87-94e8cc4739d8,M0179,2023-05-20,59,success,credit_card
a9eda5cf-1f43-45df-b80a-baf45fc4b161,M0179,2023-06-19,59,success,bank_transfer
40bba74a-db51-4767-b62a-f1586b7d7e48,M0179,2023-07-19,59,success,debit_card
b8b3089a-cef1-473f-8a69-7f76a777d083,M0179,2023-08-18,59,success,credit_card
cf007c64-2b6a-4336-8d0d-e9ee3f3e9a1a,M0179,2023-09-17,59,success,credit_card
50d5d244-a0f6-47dc-902b-1f3ba2279055,M0179,2023-10-17,59,success,debit_card
4e5dfa7d-a443-4380-9c0c-e2291373a128,M0179,2023-11-16,59,success,debit_card
ecb431b3-b3f2-4fd3-b21c-e2e1b4e30f3f,M0179,2023-12-16,59,success,debit_card
b6a7b65b-5867-446e-9a85-b683ae30318f,M0179,2024-01-15,59,success,debit_card
05a44584-9644-43fc-ac5e-a530b0aa89eb,M0179,2024-02-14,59,success,bank_transfer
8039db93-b0fc-4a40-8b54-4a9320c30bfb,M0179,2024-03-15,59,success,debit_card
02db38fd-feef-45b1-b879-4603598f16cd,M0179,2024-04-14,59,success,bank_transfer
65771627-3a2d-43b4-b0c9-f2e81c8290ec,M0179,2024-05-14,59,success,credit_card
d5cc9734-4352-4553-a955-43ced3ca971f,M0180,2023-10-08,29,success,credit_card
dccbd8fd-11f0-4fa4-b46e-0d722ce97caa,M0180,2023-11-07,29,success,credit_card
041d410b-2378-41fe-803c-1be1bcd6a4bc,M0180,2023-12-07,29,success,bank_transfer
f4475e09-80cf-4745-90f7-688431181e01,M0180,2024-01-06,29,success,debit_card
2f98e2a2-527c-44f8-a732-31f43582f10a,M0180,2024-02-05,29,success,bank_transfer
da4e6a4d-cddb-4bad-bdd5-44472ddc4059,M0180,2024-03-06,29,success,bank_transfer
3ea730be-88da-4a3d-be2f-aea677169d5d,M0180,2024-04-05,29,success,credit_card
4440045d-f689-429a-b3c9-8988184447bf,M0180,2024-05-05,29,success,bank_transfer
c7e9d7a4-4d0d-4419-bf6a-0598b983a8f9,M0181,2023-07-19,29,success,credit_card
3698829f-bc7e-4fbe-9e24-d652d5c441dc,M0181,2023-08-18,29,success,debit_card
8d8156b6-2a32-4e5c-9be1-29e10c7adf87,M0181,2023-09-17,29,success,debit_card
b257aa57-4581-40b5-902a-c1ff49abad8d,M0181,2023-10-17,29,failed,bank_transfer
0f2993ff-a6a9-4bd7-99b6-ca4ffcde3f96,M0181,2023-11-16,29,success,credit_card
17677da9-823c-484b-978e-cccba1ed0112,M0181,2023-12-16,29,success,bank_transfer
4ac48a86-8b4b-4033-a1f3-bec5cb7edcea,M0181,2024-01-15,29,success,credit_card
97b8ddd3-7a21-44ac-bf53-4a2de5a40e9c,M0181,2024-02-14,29,success,credit_card
b6895993-6a3c-44d3-8180-fb2082edb7c6,M0181,2024-03-15,29,failed,debit_card
fad45db5-113b-4666-b0c2-36195aef2e09,M0182,2022-05-01,29,success,bank_transfer
67ddeb46-493a-4251-b9d4-f172f3e4ce91,M0182,2022-05-31,29,success,bank_transfer
3bef799f-a987-47c4-973a-fb6659a5e609,M0182,2022-06-30,29,success,bank_transfer
2a66949d-45ff-48b0-b03a-12b0ecdc1aeb,M0182,2022-07-30,29,success,debit_card
fdcdccf7-fc69-4818-b2a9-b50c277c8788,M0182,2022-08-29,29,success,bank_transfer
ff54ea19-3b22-4350-a03a-9d1cf1887a10,M0182,2022-09-28,29,success,debit_card
67e916bc-90f4-4e1b-acbc-74f02e9a13a6,M0182,2022-10-28,29,success,bank_transfer
7fad2d67-b176-4d2d-aa51-ea3ddd410828,M0182,2022-11-27,29,success,bank_transfer
b5fd3d59-55ae-4232-b391-3361a133658a,M0182,2022-12-27,29,success,credit_card
c30c758b-17a8-479d-a542-b90bbd050dcf,M0182,2023-01-26,29,success,debit_card
2c6b5b8d-c6a0-4ba2-85fb-efd07078e51f,M0182,2023-02-25,29,success,credit_card
d292cb5e-5d2e-40a4-b4ea-05584c475482,M0182,2023-03-27,29,success,bank_transfer
3da1db85-946d-4356-be99-e67796e7cb5e,M0182,2023-04-26,29,success,debit_card
69162c9b-a9e9-4259-ba69-92cc9836fb21,M0182,2023-05-26,29,success,debit_card
5ccf5c96-c78c-437a-80bc-6d09b70c7743,M0182,2023-06-25,29,success,debit_card
723ef6eb-5d24-44ca-b16f-2b2e7eab9240,M0182,2023-07-25,29,success,credit_card
0a1b79bd-f30c-4276-880f-cb49e4eb02c2,M0182,2023-08-24,29,success,debit_card
df9c2be3-67fa-405b-87f4-6607be426f26,M0182,2023-09-23,29,success,bank_transfer
38290c50-35a0-4013-976b-6bad70d02a0c,M0182,2023-10-23,29,success,debit_card
36373097-1c78-4fe3-b5c1-4eaeb38d1752,M0182,2023-11-22,29,success,debit_card
edbe7373-ea21-44f7-8961-73285cc994e9,M0182,2023-12-22,29,success,debit_card
1c9abec8-9d99-4298-8ae2-15d28ac27aa4,M0182,2024-01-21,29,success,bank_transfer
bfcf3c99-7c6a-40ee-bc71-4f720f51060b,M0182,2024-02-20,29,success,bank_transfer
526f5467-4251-4e33-9151-dbc066a24ded,M0182,2024-03-21,29,success,debit_card
4f6cea8b-c3de-4671-b9eb-5c4d1dc317b9,M0182,2024-04-20,29,success,debit_card
be7db907-b2d6-44b3-a1ae-e86bbf9b0c0a,M0182,2024-05-20,29,success,debit_card
9b51535a-7109-4375-bfa9-90d27b640d80,M0183,2023-06-06,29,success,bank_transfer
4c761b44-6546-4c46-a2e5-5308a2e4e79c,M0183,2023-07-06,29,success,credit_card
49eff73d-31c7-44e9-8b27-c6156b9a2f5a,M0183,2023-08-05,29,success,debit_card
68504b23-b24e-4e46-9b9e-670efee5df42,M0183,2023-09-04,29,success,debit_card
638c5f2b-5508-46f9-9e16-fcb2993a79ac,M0183,2023-10-04,29,success,credit_card
0cb2f768-40fc-42b9-99a6-b03732995f37,M0183,2023-11-03,29,success,debit_card
b89f9a5c-8022-491f-a7e0-c0b8f8108a9c,M0183,2023-12-03,29,success,bank_transfer
89c48e5a-b625-4125-87d6-4eab74d599db,M0183,2024-01-02,29,success,bank_transfer
e566efe5-1a4e-48c4-8ed6-8f4d6cb4b23f,M0183,2024-02-01,29,success,debit_card
18d2aee9-8c31-4f9c-95b2-74ca328ba27a,M0183,2024-03-02,29,success,bank_transfer
cd6c06b2-c9ec-43fe-a11d-a6c33d80d0c7,M0183,2024-04-01,29,success,debit_card
6cfc88cb-6673-410e-9580-ae6b9f992c5f,M0183,2024-05-01,29,success,credit_card
315531eb-cab3-4b47-928c-13dc0b7817fd,M0183,2024-05-31,29,success,debit_card
038765e5-6fa4-48cd-a003-a015e48e2d9f,M0184,2022-09-07,29,success,credit_card
6162be3c-7e5b-42fc-a6fa-d8ae86d71372,M0184,2022-10-07,29,success,debit_card
f08520b4-73c9-480e-a6aa-7b910019210a,M0184,2022-11-06,29,success,bank_transfer
6f2f64ab-87ba-472a-928c-ba6a1a374824,M0184,2022-12-06,29,success,bank_transfer
98215831-e09f-416d-be1d-61b2b5a3a337,M0184,2023-01-05,29,success,credit_card
5ed1ff8d-486c-478b-8c61-884bb0857e3c,M0184,2023-02-04,29,success,bank_transfer
cba06cc5-1379-478c-b8e2-50881b07868b,M0184,2023-03-06,29,success,debit_card
728205ae-8a26-44c2-96f2-b4f1b13d9e50,M0184,2023-04-05,29,success,debit_card
a9701491-505e-4e4c-a15a-a1b94a91db67,M0184,2023-05-05,29,success,bank_transfer
f607c47f-cd44-4610-b6f4-1284588f0c73,M0184,2023-06-04,29,success,debit_card
1c9511b8-3e88-439d-b62f-371787ba376a,M0184,2023-07-04,29,success,credit_card
53a7661b-cf1f-4b5d-a6c9-b2d73de649d1,M0184,2023-08-03,29,success,credit_card
64fcb4a2-ff85-4ab8-9150-fa9356524de0,M0184,2023-09-02,29,success,bank_transfer
f9f85502-cffe-4b8d-bcfe-0b246419b21b,M0184,2023-10-02,29,success,credit_card
b7464196-9dda-4a26-bdd9-7f270e1838bc,M0184,2023-11-01,29,success,credit_card
4878a2aa-d11c-454d-a3ca-53f7f472fdc1,M0184,2023-12-01,29,success,bank_transfer
7dd73e5f-9deb-4996-b3c3-f2880c1ec26d,M0184,2023-12-31,29,success,bank_transfer
b506464c-3560-4f02-ad51-8a0751c0d549,M0184,2024-01-30,29,success,bank_transfer
63dd30fc-0809-41f8-9bc7-347011032fe7,M0184,2024-02-29,29,success,debit_card
ad35b1ad-42c0-44dc-8258-9216624a4906,M0184,2024-03-30,29,success,credit_card
4961c75f-5197-4b6d-8bdd-7cac4754b085,M0184,2024-04-29,29,success,credit_card
97e06b5b-1e36-4a88-93ba-388439c4b00c,M0184,2024-05-29,29,success,bank_transfer
fb63a80d-05bf-406c-bc72-7652141e185a,M0185,2023-06-05,29,success,bank_transfer
8fe8cb1b-8500-4196-baa1-1107af92b887,M0185,2023-07-05,29,success,bank_transfer
65bf2d40-2bce-4b05-a113-0be547c1e4a3,M0185,2023-08-04,29,failed,debit_card
d63fb2d8-0a8f-4f93-a3a9-9174224bdf4c,M0185,2023-09-03,29,success,credit_card
35066353-3a13-47a8-be55-a8191eb50b45,M0185,2023-10-03,29,success,debit_card
e57f9e62-fffb-4aec-8225-8e77dc85e004,M0185,2023-11-02,29,success,bank_transfer
e054a688-c1d8-490b-bf59-724763eca71a,M0185,2023-12-02,29,success,bank_transfer
6bf13e53-cc23-444e-80b6-f2caf24f6d4d,M0185,2024-01-01,29,success,debit_card
ae55d4f1-21b1-4805-a5b3-48eaa856c1a0,M0185,2024-01-31,29,success,bank_transfer
73ad0db6-e2d2-403a-b69f-7e4bb0d4d8ce,M0185,2024-03-01,29,success,bank_transfer
ba9f8ddb-a126-4694-9f79-07e35fac999b,M0185,2024-03-31,29,success,bank_transfer
8e653a7a-992d-430c-ae7a-8649d05a47c9,M0185,2024-04-30,29,success,debit_card
e682e062-0f37-49e0-9b11-75eeeaea5661,M0185,2024-05-30,29,success,credit_card
101713ca-cc64-4e17-b064-2f9f1d42fea9,M0186,2023-03-01,59,failed,credit_card
3152caa4-4c03-48a6-aa4c-5c491cd6b427,M0186,2023-03-31,59,success,bank_transfer
43ceb2f7-8666-4c32-b717-30e1a0d0a890,M0186,2023-04-30,59,success,credit_card
d0a1d12f-cd32-4d25-940f-a93c6a74ee74,M0186,2023-05-30,59,success,bank_transfer
1a34661c-07a0-40e9-9b66-bb1f6f6168d2,M0186,2023-06-29,59,success,credit_card
cd906fe3-3350-4636-885b-c96359c8f3cd,M0186,2023-07-29,59,success,bank_transfer
50c6aaf5-e39f-4994-a3bb-d218c98546f6,M0186,2023-08-28,59,success,bank_transfer
d5241a0c-799c-4396-8d3d-a12b97b18788,M0186,2023-09-27,59,success,debit_card
19dfacdb-d602-467d-aa1c-541eef85c047,M0186,2023-10-27,59,success,credit_card
3ad0ce95-6c2e-4594-bb78-ad1cdb2e60a9,M0186,2023-11-26,59,success,credit_card
d6b359a3-1c91-4b81-a1b1-5b128ca879aa,M0186,2023-12-26,59,success,credit_card
0c0c9c4b-1d72-4260-a175-af49d8cba913,M0186,2024-01-25,59,success,debit_card
8cc139f7-c715-467e-8e7d-b0f5c2969522,M0186,2024-02-24,59,success,debit_card
03907fe3-5cc2-420f-afa2-2366363c208e,M0186,2024-03-25,59,failed,debit_card
7b4dfcfb-61a7-4e32-8d3d-7967cdca69b7,M0186,2024-04-24,59,success,credit_card
90bfef70-d084-4d79-9513-922564541a4a,M0186,2024-05-24,59,success,debit_card
b8f4ffa0-6e91-4e0f-867b-edd3807bb670,M0187,2022-10-17,99,success,credit_card
bb40c21a-1ade-4597-80a1-90cd6fa83c76,M0187,2022-11-16,99,success,bank_transfer
9f9f8c6b-7943-41c5-80d0-76c2d5a472ec,M0187,2022-12-16,99,success,debit_card
5dac8d47-d228-4ca5-8393-b910565ebb69,M0187,2023-01-15,99,success,bank_transfer
f3b3de9c-8743-4e41-8a6b-49f60b0a1087,M0187,2023-02-14,99,success,bank_transfer
054f56c1-5213-4da8-8b86-5ed5d3ebf4d1,M0187,2023-03-16,99,success,debit_card
9191c6ff-3e57-4889-96f1-8cd1889a5120,M0187,2023-04-15,99,success,debit_card
6d4ef3dd-c5aa-4a58-8c06-d13656b29f83,M0187,2023-05-15,99,success,bank_transfer
8250a462-d5be-4de7-acaf-d75e9a719f38,M0187,2023-06-14,99,success,bank_transfer
36c00a09-e4f1-4247-a3cd-7f3e8d3c18ac,M0187,2023-07-14,99,success,debit_card
447e75d7-857d-4341-98f7-1541d33d6916,M0187,2023-08-13,99,success,credit_card
beb686de-7a13-4c60-b12f-c650f79b762e,M0187,2023-09-12,99,success,debit_card
2a026ed6-c90a-4545-a82c-f270cab59e42,M0187,2023-10-12,99,success,bank_transfer
58b81d57-34d3-4c64-a728-ea92c826eb22,M0187,2023-11-11,99,success,bank_transfer
78c7faad-b78a-4ce2-89cf-8964efbbd3f3,M0187,2023-12-11,99,success,debit_card
1329cd0f-daff-48a3-a94a-b4a84dcf2f50,M0187,2024-01-10,99,success,bank_transfer
224e91e7-d60c-4cea-8cde-3ccda3ab7754,M0187,2024-02-09,99,success,debit_card
616c27b1-16b1-4cd2-940b-2d5b06e5e433,M0187,2024-03-10,99,success,debit_card
fed8f092-2c68-4f8c-9aa5-622b15e19f61,M0187,2024-04-09,99,failed,debit_card
9edbdf75-49cf-49de-ba84-7ef53cb3306b,M0187,2024-05-09,99,success,debit_card
d6a88050-a97e-4e27-8450-98db94d5b8fc,M0188,2023-05-17,29,success,credit_card
de1feeeb-40c3-4e02-a2fe-7b4a809742a7,M0188,2023-06-16,29,success,bank_transfer
ae3492f8-1114-45ce-a3e5-d93ee155130b,M0188,2023-07-16,29,success,debit_card
3b0aa6f0-4dba-47bf-bc21-3a446a8580ad,M0188,2023-08-15,29,success,bank_transfer
84f960eb-a4d6-457a-87b0-da7c5244a7c3,M0188,2023-09-14,29,success,credit_card
4f273a32-6cfa-48ff-8989-8373f503ee23,M0188,2023-10-14,29,success,bank_transfer
b3595205-59c5-4fd4-82c2-7c9b276fb316,M0188,2023-11-13,29,success,debit_card
43779119-b35b-43ab-ae61-593fa301b3e3,M0188,2023-12-13,29,success,bank_transfer
99517323-537a-4013-b2b6-bd831ecb7ee6,M0188,2024-01-12,29,success,debit_card
53a61b90-398a-45de-9c4e-48317665229e,M0188,2024-02-11,29,success,credit_card
af5bd5ac-101a-4349-86ac-02dc48a263b2,M0188,2024-03-12,29,success,debit_card
8ba254f1-b610-4023-b473-2095be16e41c,M0188,2024-04-11,29,success,credit_card
d86c6b8a-c51b-481f-aa20-94f8ad890495,M0188,2024-05-11,29,success,credit_card
338bd36e-c0d0-4dbc-ad8c-b506cf2aeb4e,M0189,2022-12-07,59,success,credit_card
29eb70a0-f66d-43e2-b1d8-3ac621748579,M0189,2023-01-06,59,success,credit_card
47d76f64-08ef-49fc-89c8-3e9dd7d5424a,M0189,2023-02-05,59,success,debit_card
d022b7bb-bc46-4421-9198-6d2eb3c29232,M0189,2023-03-07,59,success,credit_card
0df8efcc-bfdb-4138-b282-dce9a2d0d1ea,M0189,2023-04-06,59,success,credit_card
2616d375-3863-4fd6-985d-b99a69a268bc,M0189,2023-05-06,59,success,debit_card
8ef050cd-b45e-4f66-88aa-e0a585fa8616,M0189,2023-06-05,59,success,credit_card
ddce27e4-2229-4f9a-9ab6-ac3f661353f1,M0189,2023-07-05,59,success,bank_transfer
71f20094-b151-44e3-a28d-6a1dd9eff425,M0189,2023-08-04,59,success,credit_card
a27818f9-19a9-49a6-b53b-eae9543259c3,M0189,2023-09-03,59,success,credit_card
ba36f7a5-a6e3-4b73-ac66-4ee540fd86e1,M0189,2023-10-03,59,success,credit_card
45bc60c5-b524-4937-aacc-a021722d4825,M0189,2023-11-02,59,success,debit_card
5ad6f766-52df-4f10-84ab-625d272d1f97,M0189,2023-12-02,59,success,debit_card
4f241bc0-9d0c-4603-b57b-f9432faafd3c,M0189,2024-01-01,59,success,credit_card
d8fe7bf4-ffe6-4891-8b22-363ecd179db4,M0189,2024-01-31,59,success,bank_transfer
99760004-9a59-42ee-81dd-1ed95f88a322,M0189,2024-03-01,59,success,credit_card
37768477-e448-435d-b3e5-014e85c8afe6,M0189,2024-03-31,59,success,bank_transfer
734143d4-e266-4e9f-a64f-aba939d7b5c3,M0189,2024-04-30,59,success,credit_card
b2895e29-42a4-4da0-b42f-6d3ef8d4113c,M0189,2024-05-30,59,success,debit_card
323a1af5-662c-4606-8a5f-14d912b811a6,M0190,2022-07-13,29,success,credit_card
81896174-12a9-4e86-bb72-709421fd5e40,M0190,2022-08-12,29,success,bank_transfer
5e4afc52-cfcf-4252-b6e1-182a771ec450,M0190,2022-09-11,29,success,credit_card
da1f7c8f-0cc1-4b53-81a7-77be080c04b4,M0190,2022-10-11,29,success,credit_card
8f3e72ad-c98e-42da-a341-9f5dc50cfd56,M0190,2022-11-10,29,success,credit_card
e7e4f83a-e4ea-4b41-b46b-3f9cce0cfa6f,M0190,2022-12-10,29,success,credit_card
810f0dca-8232-479a-a5ee-cf0281ef94b3,M0190,2023-01-09,29,success,credit_card
7fdfe273-43ad-4145-8859-5ea22ba96299,M0190,2023-02-08,29,success,bank_transfer
4e52dc88-c95f-4b9a-96fd-583a031bbe88,M0190,2023-03-10,29,success,bank_transfer
0890fbb2-4a8d-40c0-a7b5-474b0cd5cb81,M0190,2023-04-09,29,success,credit_card
1d1dfb52-4c6a-44b0-9d06-8b0f216c95b2,M0190,2023-05-09,29,success,debit_card
1745c944-1c13-410d-91fd-3f1a3f1ba4fe,M0190,2023-06-08,29,success,credit_card
233a0794-3abd-477f-8b26-b8a05484fce3,M0190,2023-07-08,29,success,credit_card
12225afb-3b8f-4904-9318-3b298fc20f6c,M0190,2023-08-07,29,success,debit_card
9468ccbe-5c25-4479-b5dc-df18d5a192b8,M0190,2023-09-06,29,success,credit_card
ca799966-141b-419f-9ca2-0db050e1fc4e,M0190,2023-10-06,29,success,debit_card
18eecf3a-7a4f-401b-b6d4-758a3030b143,M0190,2023-11-05,29,success,bank_transfer
fd7841d7-299a-4032-9026-c6298ecee117,M0190,2023-12-05,29,success,debit_card
092bd5ee-df57-446e-9a00-6198a72f57c0,M0190,2024-01-04,29,success,debit_card
e597dc0f-f964-4123-8cb5-b0e199369b53,M0190,2024-02-03,29,success,bank_transfer
7b0582c3-9f96-4803-82ee-ca3404f428a1,M0190,2024-03-04,29,success,bank_transfer
fb970c0c-ff3e-4bb4-9fb4-ef75fc711dbb,M0190,2024-04-03,29,success,credit_card
2985f5f6-164c-4ea3-b05d-0fcc4077238f,M0190,2024-05-03,29,success,debit_card
d332c202-a146-45d1-894e-a7779df03f13,M0191,2023-02-25,59,success,debit_card
7f95b06c-2084-4820-8272-73fd9e2d7c41,M0191,2023-03-27,59,success,bank_transfer
9d3fab7e-5d27-41ce-a718-d78921e7b507,M0191,2023-04-26,59,success,debit_card
e66ae01b-89d6-482f-84fc-8d6be23b1e9a,M0191,2023-05-26,59,success,debit_card
f529aa06-b0dd-4ee4-a205-709221be2203,M0191,2023-06-25,59,success,credit_card
91c32957-25d6-4dd5-b450-14c93eb3b0ba,M0191,2023-07-25,59,success,bank_transfer
9957c183-d3c2-4c5e-ad1c-5e098e920ece,M0191,2023-08-24,59,success,credit_card
ecab8c3c-32ec-441d-b7e4-796bc8ebe247,M0191,2023-09-23,59,success,debit_card
baf277ca-a203-4c18-9b83-72d7b15c2f01,M0191,2023-10-23,59,success,credit_card
05b47ce8-522f-40e2-95cd-f0731c8c3a36,M0191,2023-11-22,59,success,debit_card
cfd24c97-d11b-4e75-8171-a5af7d33420d,M0191,2023-12-22,59,success,bank_transfer
c85c6a87-8a79-49a0-84e5-a07a2e754d4e,M0192,2023-11-11,59,success,credit_card
a844e3ee-97cd-4efe-9b1c-2bbec882972b,M0192,2023-12-11,59,success,credit_card
3ec6ee6d-5412-4761-9f2d-3ddffd855616,M0192,2024-01-10,59,success,bank_transfer
b4fcb8d6-6ffe-4b10-b568-b290ed18eab5,M0192,2024-02-09,59,success,bank_transfer
719facfc-f603-4aa4-b8f6-397697bc3751,M0192,2024-03-10,59,success,debit_card
167b0fcd-34c1-48a6-bde5-fc8394b77b9d,M0192,2024-04-09,59,success,bank_transfer
fe0c5ada-b116-4993-8b2c-4357eaa54893,M0192,2024-05-09,59,success,debit_card
14375ec4-d318-4250-a928-463190d4a4e5,M0193,2022-02-07,29,success,debit_card
7c1b5426-7069-46c2-8609-0a49e50be32c,M0193,2022-03-09,29,success,credit_card
e28dc8ba-b073-43b7-905e-acba9f2ac8f3,M0193,2022-04-08,29,success,bank_transfer
9d6b80a7-6b81-4f3c-a9be-15039346ce05,M0193,2022-05-08,29,success,credit_card
866448c2-492e-49fe-9d16-f0969a88d29f,M0193,2022-06-07,29,success,debit_card
6401ae38-97d6-4aa9-8e87-ba5d764f738d,M0193,2022-07-07,29,success,bank_transfer
a25e7b09-837f-4b24-9f80-0f7a33078149,M0193,2022-08-06,29,success,bank_transfer
fbf6893f-5e00-48f6-878c-7c8a5c04fdc8,M0193,2022-09-05,29,success,bank_transfer
e621dc8e-4b5a-4252-a402-ff36506b0292,M0193,2022-10-05,29,success,bank_transfer
28d7e036-60d7-4e1b-a79f-d68b8a3697b8,M0193,2022-11-04,29,success,credit_card
faf3f21c-d44f-49e0-997c-1a9f75c1c428,M0193,2022-12-04,29,success,credit_card
47ed572c-11bc-4fb2-88fa-a42ad8ae81eb,M0193,2023-01-03,29,success,debit_card
bfd5fc8b-a524-4c92-96ba-e944b463fafc,M0193,2023-02-02,29,success,bank_transfer
d2d25e84-6ff9-4d2f-a1af-0411fcbbdb58,M0194,2022-04-13,29,success,credit_card
8cea766e-a5b3-482b-9a97-87dd1641573e,M0194,2022-05-13,29,success,bank_transfer
c29ed740-c91b-4234-a57f-537d30f4de65,M0194,2022-06-12,29,success,credit_card
53251bf1-a024-4d2e-8316-fe24cf56bfc1,M0194,2022-07-12,29,success,debit_card
727d15ad-9850-4a17-879b-cd0238a33440,M0194,2022-08-11,29,success,bank_transfer
2070272d-ab91-4772-9cb0-b6ed47a9e269,M0194,2022-09-10,29,success,credit_card
f389919f-fb02-4c86-a1a5-9ea6fd6f616a,M0194,2022-10-10,29,success,bank_transfer
d252b119-99ad-492f-9cf8-4b2379279cf3,M0194,2022-11-09,29,success,credit_card
681c51c4-3b28-4e76-bf50-9f4f2690adb7,M0194,2022-12-09,29,success,debit_card
63fa7bd9-9f60-445f-9129-e083cf4e45e4,M0194,2023-01-08,29,success,bank_transfer
a7a5a69d-ef77-46e9-a5c4-3812bc910a2b,M0194,2023-02-07,29,success,credit_card
96e65dc3-1523-49da-b806-7c6909063167,M0194,2023-03-09,29,success,debit_card
70b10591-d67b-44b6-b5bc-dfb5651e612c,M0194,2023-04-08,29,success,debit_card
e4283255-bcea-4185-bb21-ebca2bee12dd,M0194,2023-05-08,29,success,bank_transfer
ae7bfa69-bb6c-4714-96fd-53b3f904a4af,M0194,2023-06-07,29,success,debit_card
c20610c1-1986-4467-844c-9bfcb2717dc9,M0194,2023-07-07,29,success,bank_transfer
1c5ca99d-3522-47fd-80c4-6732d5cc96f5,M0194,2023-08-06,29,failed,debit_card
d3619164-804b-483a-83da-83b2ab08ace4,M0194,2023-09-05,29,success,bank_transfer
5a297a24-c4f9-4fb6-8ef5-b15bbb96453d,M0194,2023-10-05,29,success,bank_transfer
3b847b72-5a37-44cf-9181-9825ece315a3,M0194,2023-11-04,29,success,bank_transfer
42bf154a-e5f2-4864-8a12-4f128bae0b37,M0194,2023-12-04,29,success,bank_transfer
5c984e00-c680-4d67-9eff-e90c26e20387,M0194,2024-01-03,29,success,debit_card
4778b62b-3371-4586-9326-6b117119b4d4,M0194,2024-02-02,29,success,bank_transfer
9691996c-3d9c-45fb-b994-5cf8a4c73a2e,M0194,2024-03-03,29,success,credit_card
501f99e1-43e2-4133-bc78-fcb49a3f5f58,M0194,2024-04-02,29,success,bank_transfer
7c0c50f7-974f-4c84-9d51-6cbb296e8346,M0194,2024-05-02,29,success,credit_card
89d17e0e-1f30-4fdc-9ce8-89fa33036b1b,M0195,2023-02-24,99,success,bank_transfer
a62d499a-0eb8-4629-9ad0-520208e083d1,M0195,2023-03-26,99,success,debit_card
8e873d2f-d939-44a1-87ef-655f4892a4d8,M0195,2023-04-25,99,success,credit_card
55178cdd-157b-4a6d-a889-4d45ea53baca,M0195,2023-05-25,99,success,debit_card
a5dc1810-187d-49f4-b7d8-8fabcb7c6773,M0195,2023-06-24,99,success,credit_card
2fdd9ffb-2a21-4b11-864d-fa54e4f1bdbf,M0195,2023-07-24,99,success,credit_card
6d60e988-7207-4f66-86b2-8f28fde6511c,M0195,2023-08-23,99,success,debit_card
096321b2-b020-477f-baec-6a4bc33cb548,M0195,2023-09-22,99,success,bank_transfer
559ce032-4818-4157-af6a-f0456ac82ec6,M0195,2023-10-22,99,success,bank_transfer
af421fc3-0591-4399-99e5-86437087fecc,M0195,2023-11-21,99,success,debit_card
f1c0cdde-8b0b-48ea-add2-3f522ae68591,M0195,2023-12-21,99,success,bank_transfer
aafda3f8-62fa-4624-a272-ecd6491578d9,M0195,2024-01-20,99,success,debit_card
10ab870b-6a6a-476d-889a-44a268e3f56b,M0195,2024-02-19,99,success,bank_transfer
c4af5f53-e1e2-436e-ae6f-f946683055ab,M0195,2024-03-20,99,success,debit_card
9a4dfc1f-e49b-47e4-8f52-9a0bc37a47ef,M0195,2024-04-19,99,success,debit_card
cb36f82e-3f1e-49be-9c44-37c43f49d0ab,M0195,2024-05-19,99,success,credit_card
1cea46b1-ad90-4828-b85d-9f3f994a3bed,M0196,2022-09-29,59,success,debit_card
97a2a878-214c-455a-ba61-7488b8c85ecf,M0196,2022-10-29,59,success,credit_card
404bb8e5-67a5-45e7-b6e4-2974c6a589ed,M0196,2022-11-28,59,success,bank_transfer
c7a8cdd0-6da8-4aa7-bbc2-16ff13096cca,M0196,2022-12-28,59,success,credit_card
a242b484-2f8e-4759-b98d-46d57597f9b4,M0196,2023-01-27,59,success,debit_card
e5def168-23e0-4146-ae05-c902009c028c,M0196,2023-02-26,59,success,bank_transfer
ba3834ff-8d65-465f-9b86-57f03a05a90f,M0196,2023-03-28,59,success,bank_transfer
524c9ee5-55b9-4239-a625-e3301629facf,M0196,2023-04-27,59,success,credit_card
28724352-b4ae-4672-8f77-32336c813195,M0196,2023-05-27,59,success,debit_card
5b8862e8-088b-464c-8260-1b37bdd58b2e,M0196,2023-06-26,59,success,debit_card
5c591d95-567d-445f-8c64-b1171c07efcc,M0196,2023-07-26,59,success,credit_card
424a24e1-7bbd-45b3-93a0-2711bbc14866,M0196,2023-08-25,59,success,credit_card
f0b34339-d796-447d-ac50-d46fdedacfc0,M0196,2023-09-24,59,success,debit_card
88f78dda-72a6-4537-b699-16a4ed317b0b,M0196,2023-10-24,59,success,debit_card
55199de7-fc41-49e3-b81d-c01b3366b08c,M0196,2023-11-23,59,failed,credit_card
c8f50008-0521-4bf6-8a4d-e012ecdebedf,M0196,2023-12-23,59,success,bank_transfer
fa9f7c87-459f-4bc8-9cfe-723cb267769b,M0196,2024-01-22,59,success,debit_card
3369af2b-424d-4da1-b3aa-78acb23f6942,M0196,2024-02-21,59,success,credit_card
29cce5ff-23b2-45b0-9670-997de577de4b,M0196,2024-03-22,59,success,bank_transfer
4f27fab4-49d8-433d-8177-116506e23c91,M0196,2024-04-21,59,success,credit_card
6c9e4143-63a4-4073-854a-43ce99c0e74c,M0196,2024-05-21,59,success,credit_card
d6556661-f5cb-49f3-a170-fbfbcf0d80a0,M0197,2022-12-03,99,success,debit_card
e03aff85-74bc-4fec-bcd8-40f2787f1f00,M0197,2023-01-02,99,success,debit_card
fe748bf5-b40c-462b-81f8-9acc9dbc1140,M0197,2023-02-01,99,success,debit_card
c3a387a2-8a72-4001-836c-f7a8a22f7276,M0197,2023-03-03,99,success,debit_card
a95f2574-cefe-4ef7-acc7-c273ab57bbda,M0197,2023-04-02,99,success,bank_transfer
dc94a12d-4cb9-45c6-8362-eb81e0ab05ca,M0197,2023-05-02,99,success,credit_card
8e8ea521-6e06-4e9d-8107-15ff71ebe38a,M0197,2023-06-01,99,success,debit_card
8a38fce8-44b7-4946-8466-a4d3b942ce75,M0197,2023-07-01,99,success,bank_transfer
759c8c1d-c458-401e-8ac3-00e644a0e6d7,M0197,2023-07-31,99,success,bank_transfer
5932ac85-b72b-4c70-bf7c-75dcdc78d19b,M0197,2023-08-30,99,success,bank_transfer
c9d96c30-f0a0-4f72-875b-1d4bb5d5b1d0,M0197,2023-09-29,99,success,debit_card
c3601f38-97bf-40b0-a17c-72d9070cb34f,M0197,2023-10-29,99,success,debit_card
7edffd0a-f2cb-4d68-b883-9c41fe9ae4c1,M0197,2023-11-28,99,success,credit_card
7f5c935a-355e-436d-9cf6-b8ed8cbd44f6,M0197,2023-12-28,99,success,debit_card
ce10d011-8a95-46a2-b677-3b32ddcc073f,M0197,2024-01-27,99,success,bank_transfer
4aef9123-7a7d-40c2-9023-56a02345d775,M0197,2024-02-26,99,success,credit_card
97edbfe0-c735-4dc4-8713-c840f1db0cbf,M0197,2024-03-27,99,success,bank_transfer
18358b1f-05c2-4e05-bacf-6b018108c3ed,M0197,2024-04-26,99,success,bank_transfer
b25abaf9-32d5-4b56-8d2e-a8da86e33496,M0197,2024-05-26,99,success,bank_transfer
d11d1ede-e604-4cfd-8b4c-c3689bf0c362,M0198,2023-10-04,59,success,bank_transfer
6a7194e7-b097-4e99-b5e5-c6e4c41df9b5,M0198,2023-11-03,59,success,bank_transfer
679a8c4c-daa9-4a1f-9a2f-f5398e00406e,M0198,2023-12-03,59,success,credit_card
8eff1949-75d2-48f2-b58d-73afe36873c9,M0198,2024-01-02,59,success,bank_transfer
be63531b-89c2-46f1-bfde-095ce8c0ccba,M0198,2024-02-01,59,success,debit_card
6a124724-c6f1-4f4b-afe4-d7bc4fa63c99,M0198,2024-03-02,59,success,credit_card
3424bd91-7658-48e2-93e1-74062b606f99,M0198,2024-04-01,59,success,bank_transfer
2db21691-881c-452f-ada4-1df60d36fd4e,M0198,2024-05-01,59,success,credit_card
f05d2985-daf6-4d95-8310-143bad691e63,M0198,2024-05-31,59,success,credit_card
2cfa0b3d-9f40-41b8-85e7-4bb306de83be,M0199,2023-09-25,59,success,bank_transfer
44c560f6-a827-4fe9-b55e-914ceba900c3,M0199,2023-10-25,59,success,bank_transfer
48f52e3f-27fe-498c-af2d-f50f834c5b0b,M0199,2023-11-24,59,success,bank_transfer
f5784c23-18dc-4a6c-a235-31a8ebd5423f,M0199,2023-12-24,59,success,debit_card
c7b7e5e8-f483-4f61-b1fe-259b0e956c13,M0199,2024-01-23,59,success,debit_card
0fe86aba-6627-43b5-8e6c-602ddd7f12cc,M0199,2024-02-22,59,success,credit_card
fa0a5ed2-8dc0-4fd9-8b4f-e2ec4ca95047,M0199,2024-03-23,59,success,credit_card
642eb3b7-d511-48cb-8d91-d6686d46681a,M0199,2024-04-22,59,success,bank_transfer
306319f7-9a1c-4e10-ab40-883263c06ac3,M0199,2024-05-22,59,success,debit_card
bd423599-4d11-4056-a731-f30f673d530b,M0200,2022-04-03,29,success,credit_card
7f5d3d5b-947f-446d-b7d5-d73fc5e15da6,M0200,2022-05-03,29,success,debit_card
212c6a45-adf6-45f3-9922-4c4a98bb71cf,M0200,2022-06-02,29,success,debit_card
635be63f-16db-4ca9-807e-65fa2ea65c3b,M0200,2022-07-02,29,success,credit_card
2966a34c-07e6-494f-9518-9921bb013a0a,M0200,2022-08-01,29,success,debit_card
2080b42f-7e3a-45b2-a8c0-3e8e7ea08092,M0200,2022-08-31,29,success,credit_card
228c3fe0-2a03-40c7-a9fa-49352e1baef0,M0200,2022-09-30,29,success,debit_card
fdba7151-184f-4a35-8137-f6e991bb8d43,M0200,2022-10-30,29,success,bank_transfer
de9d5793-de32-404b-bf6f-1dbeb83b42dd,M0200,2022-11-29,29,success,debit_card
00387d76-a1a2-4860-b36d-090541f8cc63,M0200,2022-12-29,29,success,credit_card
b628c9ef-07d4-4708-a8a1-94d2ace5e742,M0200,2023-01-28,29,success,debit_card
12855252-59bc-4031-9327-11e9b9e96fd2,M0200,2023-02-27,29,success,credit_card
f8daceb6-d85e-42ba-af53-911f0f6e9a37,M0200,2023-03-29,29,success,credit_card
a2dea93e-ccac-4880-9f5f-7f29566fe23c,M0200,2023-04-28,29,success,bank_transfer
05a6bd6c-cf39-479f-aa61-68ce4e6c846e,M0200,2023-05-28,29,success,bank_transfer
94641275-2840-4bc9-b181-9cfc3786e39c,M0200,2023-06-27,29,success,debit_card
08780cb3-7ac1-45da-8d7b-e3d4812d0cfa,M0200,2023-07-27,29,success,debit_card
7c810d6e-1071-4725-a80b-b1524a979f08,M0200,2023-08-26,29,success,debit_card
4f2e9aa5-5f65-4f2d-8bfa-19b86bc5ff5f,M0200,2023-09-25,29,success,credit_card
45503df2-ce10-46e4-8c79-eee756e91e36,M0200,2023-10-25,29,success,debit_card
6794d6bc-8ad6-46da-8233-8459d76c91f0,M0200,2023-11-24,29,success,credit_card
ce66a131-e001-45be-af70-5a2290043e6a,M0200,2023-12-24,29,success,bank_transfer
ace93c1d-3b0b-4162-8734-6c96b15cca62,M0200,2024-01-23,29,success,credit_card
229064e2-eac0-4cce-9b9e-d7ceedb09453,M0200,2024-02-22,29,success,bank_transfer
889fff79-6f5d-4bb6-abc6-4e21aa12e3a2,M0200,2024-03-23,29,success,debit_card
d79f1772-4853-4bb2-8c1f-9e666afb373c,M0200,2024-04-22,29,success,debit_card
1a56658f-32d1-48fb-81e3-606dc2be4ce1,M0200,2024-05-22,29,success,bank_transfer
39386fbb-8619-45b8-b1ed-1e93e981d94d,M0201,2022-04-13,59,success,credit_card
37bb3214-773b-4034-9775-b578b29a45da,M0201,2022-05-13,59,success,credit_card
79fccd98-4a87-42ce-8cae-6271fe38cd44,M0201,2022-06-12,59,success,bank_transfer
1c102ef4-cc74-4741-b5eb-1470fd5c7a64,M0201,2022-07-12,59,success,bank_transfer
974a2bcb-3c06-468a-980a-23c3e1a311c9,M0201,2022-08-11,59,success,credit_card
97c9c349-e267-442f-8b61-e398fe15832d,M0201,2022-09-10,59,success,bank_transfer
b99565e3-8df2-4eca-8154-ed6a1f6dc299,M0201,2022-10-10,59,success,credit_card
625619d1-1866-4f47-9385-f7db0d36422b,M0201,2022-11-09,59,failed,debit_card
430242e9-7253-4d34-8736-3e490248094a,M0201,2022-12-09,59,success,debit_card
362e0928-5b7a-41c4-ae76-478b3c1166e1,M0201,2023-01-08,59,success,debit_card
4c6ecf4e-f548-497f-9598-239c3a5719db,M0201,2023-02-07,59,success,bank_transfer
8128f1ed-5bbc-456e-b2c2-be68d820d8da,M0201,2023-03-09,59,success,bank_transfer
6129216e-dbf4-4b99-b7b5-a46f4f35285a,M0201,2023-04-08,59,success,credit_card
86f5c10b-c872-40ea-b72f-4de55746b529,M0201,2023-05-08,59,success,bank_transfer
4866ec97-cfee-42f1-a494-aadbf6996b69,M0201,2023-06-07,59,success,credit_card
abbea80d-7b6a-4789-a013-5fa02aa1c4e3,M0201,2023-07-07,59,success,credit_card
994f28dd-a555-4d3b-92bc-73ac350c2115,M0201,2023-08-06,59,success,bank_transfer
de534909-5b12-43bd-8e4c-9141e415c52c,M0201,2023-09-05,59,success,debit_card
6c857001-21d9-41eb-8aa3-40c956452879,M0201,2023-10-05,59,success,credit_card
c39787cb-7e15-498f-a246-d51ea0678d79,M0201,2023-11-04,59,success,debit_card
302e3c8d-aabe-4a19-ac49-55e9c64f2245,M0201,2023-12-04,59,success,debit_card
07b09d01-b5de-4ae8-a32c-7c0d7d33c478,M0201,2024-01-03,59,success,bank_transfer
56cbde07-a307-4549-8056-b4c8e4e895ec,M0201,2024-02-02,59,success,credit_card
8658f218-d6d6-42d6-9d06-c0405be1aec8,M0201,2024-03-03,59,success,debit_card
9aa4ab8c-7e11-4dfa-b5c8-086baec9740c,M0201,2024-04-02,59,success,debit_card
cba1afd7-e1a9-4ce7-b2ae-3934231572de,M0201,2024-05-02,59,success,debit_card
eff18638-5b84-44b8-88ee-dabeb07f9480,M0202,2022-11-29,29,failed,bank_transfer
8ffec246-ba16-4d37-9ab6-3fe3a908693e,M0202,2022-12-29,29,success,credit_card
cf68ae52-ef2e-4001-afd7-c8570e06b878,M0202,2023-01-28,29,success,credit_card
797cd44c-5494-49d2-9953-e4a22cceee25,M0202,2023-02-27,29,success,bank_transfer
6b38de75-af35-4be7-8d86-7459c2d666ca,M0202,2023-03-29,29,success,bank_transfer
adb73f86-7bcb-464d-aa2e-a740c9b04537,M0202,2023-04-28,29,success,bank_transfer
48ea15d5-9727-4912-a00a-e89666ace1d0,M0202,2023-05-28,29,success,debit_card
308da1e8-ec23-4df8-a526-a3de8638ab19,M0202,2023-06-27,29,success,bank_transfer
ba06e7aa-7edf-4833-bd69-a4a7c3409c17,M0202,2023-07-27,29,success,bank_transfer
38cb93d0-bb73-492d-9d42-25cf445be70f,M0202,2023-08-26,29,success,bank_transfer
32100629-94b3-44a0-a459-f8ba111eb10b,M0202,2023-09-25,29,success,credit_card
d2514e9c-1959-4801-b861-5a2925447631,M0202,2023-10-25,29,success,debit_card
cc76c90e-43a9-488d-875c-b35ad2ebdcfb,M0202,2023-11-24,29,success,debit_card
c1a7ac01-415a-42dd-aab6-f13f94d7709a,M0202,2023-12-24,29,success,bank_transfer
1cac4276-fe8d-4b7b-888b-ce16a03a97c0,M0202,2024-01-23,29,success,credit_card
8852be6b-6665-4bbd-bfbe-0c6c1f2aa24e,M0202,2024-02-22,29,success,credit_card
b3b6afbd-6691-494b-88c4-7c030eb32b66,M0202,2024-03-23,29,success,credit_card
3b5944c9-f3a9-4d11-b051-4a982eaf0c1a,M0202,2024-04-22,29,success,debit_card
b639f3b0-252d-456e-823b-845c630c0e22,M0202,2024-05-22,29,success,bank_transfer
54c07312-eb8f-4f03-99e1-baf290a3f7f5,M0203,2022-05-30,59,success,credit_card
74f2d17d-88dd-4344-ae46-9cef26a024c9,M0203,2022-06-29,59,success,bank_transfer
175a73f5-d9f6-4be4-9cb8-de1a2e20402b,M0203,2022-07-29,59,success,bank_transfer
a68943c0-3b90-4983-afa6-82bc4001e424,M0203,2022-08-28,59,success,debit_card
ee5d622a-59ae-417f-a7e2-f55dc897a497,M0203,2022-09-27,59,success,credit_card
b5dec7d5-0414-4e06-9c52-9991bd924828,M0203,2022-10-27,59,success,bank_transfer
93ea2e80-b148-4509-83df-fd640d452143,M0203,2022-11-26,59,success,credit_card
fcc7ac6c-b1b3-452f-aeca-cc5c1bcb77a7,M0203,2022-12-26,59,failed,bank_transfer
318531c0-f244-4fa4-8e56-9887f2e2dcc4,M0203,2023-01-25,59,success,debit_card
9086ee8e-dcb6-4089-a4b2-556f971d8d20,M0204,2022-06-29,59,success,debit_card
5351a567-5d21-4760-ae42-f777dde63031,M0204,2022-07-29,59,success,credit_card
a0ca7828-6ad3-48af-9fd4-c0b91ee64077,M0204,2022-08-28,59,success,bank_transfer
e6c95028-2d88-4450-a7d4-c57ce7bb9054,M0204,2022-09-27,59,success,bank_transfer
2da7ba75-e8ae-4d1d-aad7-915f85ef9ee4,M0204,2022-10-27,59,success,credit_card
b5fb7f85-d843-4484-a1f3-8f26427715a9,M0204,2022-11-26,59,success,bank_transfer
e74ccb49-6548-4eed-aa60-fa48a09ea50e,M0204,2022-12-26,59,success,debit_card
68c2a59b-b1f6-4f0c-b4e4-4481cac05133,M0204,2023-01-25,59,success,credit_card
449b0617-3088-43ec-9f08-530f0933ed74,M0204,2023-02-24,59,success,bank_transfer
73ecb5ab-1ae9-479f-bf5d-12c0a436fc3d,M0205,2023-08-21,59,success,credit_card
e4913f68-e923-45c5-8f83-f6803584c78f,M0205,2023-09-20,59,success,credit_card
97bcdc44-86ab-42d4-97fb-14039589e43c,M0205,2023-10-20,59,success,bank_transfer
d35f75b9-a3bc-4c66-9666-bc07c828f9f0,M0205,2023-11-19,59,success,bank_transfer
71d449fd-5a14-4649-b5a2-aa7ea1e3e989,M0205,2023-12-19,59,success,bank_transfer
c2045cce-4e7e-4c4d-9e82-cc2a89ff89c0,M0205,2024-01-18,59,success,credit_card
de5bd1db-c39b-40cd-ba43-641532d38419,M0205,2024-02-17,59,success,bank_transfer
5edb0266-1723-4d86-b1c6-fcb28ab78ae0,M0205,2024-03-18,59,success,bank_transfer
19673865-0f7c-481d-b82f-afa77805c822,M0205,2024-04-17,59,success,debit_card
eae20e85-53f9-44d4-ae41-114ef83dc0a3,M0205,2024-05-17,59,success,debit_card
8d14be21-bea5-489c-b963-58f89570ac30,M0206,2023-11-14,99,success,bank_transfer
2b1ad106-1f6e-4e92-92cf-506c7be174a4,M0206,2023-12-14,99,success,debit_card
f44991e7-680b-4a28-b9f0-8d3c9c02fcba,M0206,2024-01-13,99,success,credit_card
d98b42ba-0e08-402a-ab35-b8d17c1c0309,M0206,2024-02-12,99,success,credit_card
83047517-a024-49f7-b7c2-ab0ca691fede,M0206,2024-03-13,99,success,debit_card
f518dcc3-30f1-486a-81c8-a4cfe5bf49fc,M0206,2024-04-12,99,success,debit_card
937f7a02-2e29-4518-98ee-0a5f491c6fed,M0206,2024-05-12,99,failed,credit_card
5fc67820-f2c4-45ba-975a-8902705d8f01,M0207,2022-06-11,99,success,bank_transfer
e090d4f4-b3e2-445c-ac0f-219dfd0c9f94,M0207,2022-07-11,99,success,bank_transfer
5aedcf9f-7a50-4552-91ff-fd154a5a4ab5,M0207,2022-08-10,99,success,bank_transfer
fd4e3885-6e27-4c87-b464-eec56c371dbc,M0207,2022-09-09,99,success,credit_card
b99d2bbd-6946-45db-b092-2ed99e2f268d,M0207,2022-10-09,99,success,credit_card
3631d26e-0a79-464f-abf5-bbc7be79c37b,M0207,2022-11-08,99,success,debit_card
9937ddb3-821b-4ecf-9a4b-d2ba5bfac841,M0207,2022-12-08,99,success,bank_transfer
ba1eaa7a-47ef-4c50-ae86-e255cc392677,M0207,2023-01-07,99,success,debit_card
05759a64-ec98-473c-b6b3-e70a272a8fa2,M0208,2023-03-11,29,success,credit_card
874408db-d990-4204-92ee-fe870830aca8,M0208,2023-04-10,29,success,bank_transfer
900a7012-a6b9-4d9b-bf9f-6972438eb3a1,M0208,2023-05-10,29,success,debit_card
3e3a8daf-2c4d-4343-9c7b-0057c461a6ab,M0208,2023-06-09,29,success,debit_card
59fc467c-6cc4-4229-af91-235c873cc60a,M0208,2023-07-09,29,success,debit_card
9f5cbf29-61dd-41df-a79d-e1ca37894fe5,M0208,2023-08-08,29,success,debit_card
b0dca101-03dc-4d82-90c2-52ba615cd0f6,M0208,2023-09-07,29,success,credit_card
338df00b-0a47-43a7-a1ba-d94e458eac97,M0208,2023-10-07,29,success,bank_transfer
a7d570cb-5b45-40a1-97af-49c4322f6b38,M0208,2023-11-06,29,success,credit_card
acc6d804-b0c6-4268-ad6e-a9bef7033d51,M0208,2023-12-06,29,success,bank_transfer
58b367b4-e65a-4361-add3-76defb5f2f42,M0208,2024-01-05,29,success,credit_card
6faa3a64-d346-447b-9528-71504c27575e,M0208,2024-02-04,29,success,debit_card
e9be8bc5-6df3-455e-963a-39b8bf6210b6,M0208,2024-03-05,29,success,bank_transfer
8a42365f-f2b5-4afe-b7db-a8c7ef50478e,M0208,2024-04-04,29,success,credit_card
83a8a084-3d77-47dc-b093-ece9baeb213e,M0208,2024-05-04,29,success,debit_card
ea866571-ccef-45c3-9168-d70ff6044b75,M0209,2023-01-29,29,success,bank_transfer
a26b3b12-4c37-4c79-9777-642958d6e338,M0209,2023-02-28,29,success,credit_card
8ce769e4-5e2c-4aef-a4c9-8dc8b7dc4a03,M0209,2023-03-30,29,success,credit_card
e2ac0c7c-a348-45e5-ad02-c2de68af8950,M0209,2023-04-29,29,success,debit_card
4e9f6cd8-b03d-4361-9e8a-4f86c97cc0c7,M0209,2023-05-29,29,success,debit_card
b61664c7-f1f5-4a83-85f8-b661c3d540a4,M0209,2023-06-28,29,success,debit_card
3ecdf991-e824-4e14-a242-46600c412aa7,M0209,2023-07-28,29,success,bank_transfer
25a0b6c0-3759-4280-aec1-f6fd68d04de7,M0209,2023-08-27,29,success,bank_transfer
b9aee1fa-1fb1-4906-8fb1-cbf669d7af62,M0209,2023-09-26,29,failed,debit_card
c410ebf4-8080-4f27-b970-bf63e5a76d00,M0209,2023-10-26,29,success,debit_card
8dd61ecf-9e48-4094-a037-7c450d98a43a,M0209,2023-11-25,29,success,bank_transfer
6ecfffe9-9bde-4adf-bfb8-c39f34315fe3,M0209,2023-12-25,29,success,bank_transfer
7fbd842a-a96c-45c6-9450-0d6be5474467,M0209,2024-01-24,29,success,credit_card
d526fa80-2158-4c7d-b87c-6e30a8bd1f5e,M0209,2024-02-23,29,success,debit_card
d2b908ec-5fdd-4c68-8ec6-cefd56fd7890,M0209,2024-03-24,29,success,credit_card
a29b3142-3a23-47d4-9bd0-5611fe5348a3,M0209,2024-04-23,29,success,bank_transfer
b5e9990e-dbc9-4f8a-b049-2648ebed6189,M0209,2024-05-23,29,success,bank_transfer
8a425d2a-b741-4441-b6de-7aef16db480d,M0210,2023-01-03,99,success,credit_card
dd9e6a9c-8f15-49e3-ba1f-06b3384d74f7,M0210,2023-02-02,99,success,credit_card
903fb659-6d84-4c4b-8a80-5d27046efe84,M0210,2023-03-04,99,success,debit_card
0ac6191b-48e6-46a9-8813-b1290d6f4717,M0210,2023-04-03,99,success,debit_card
7433b5f3-fb31-454f-8c4a-eff7597121f1,M0210,2023-05-03,99,success,debit_card
571190d6-62e2-4057-9265-d61c48d98de7,M0210,2023-06-02,99,success,credit_card
1ad4e79d-f3c2-4e95-8f79-7de13901891a,M0210,2023-07-02,99,success,credit_card
83a1e312-775b-4058-ab67-00d9aa3f49ca,M0210,2023-08-01,99,success,bank_transfer
c5885bac-1628-4dc8-a2a2-efa8efdfe3aa,M0210,2023-08-31,99,success,bank_transfer
1b78d914-3ae9-47a3-8b25-57ea6a1c30b1,M0210,2023-09-30,99,success,debit_card
190c9faf-bc8b-4200-b7c9-fbb7e1545e59,M0210,2023-10-30,99,success,bank_transfer
902a65b0-e1d5-4332-b4f1-2ffbf513b953,M0210,2023-11-29,99,success,credit_card
c07343be-5776-4e1c-b73e-21e3fee13203,M0210,2023-12-29,99,success,bank_transfer
01300162-4910-421f-b59b-da5ca6c2cc5f,M0210,2024-01-28,99,success,debit_card
d45fcabf-d93f-4c5e-bf31-c3650edf8a94,M0210,2024-02-27,99,success,bank_transfer
6d7adb22-3f99-404b-b61b-3533d0f5d9e5,M0210,2024-03-28,99,success,bank_transfer
9329c03c-7b65-4adb-bee5-4eb8096b1125,M0210,2024-04-27,99,success,credit_card
65482782-2b9d-482c-bb2c-ade3f57c19f9,M0210,2024-05-27,99,success,bank_transfer
6fd94c61-ee0d-40a6-b6ab-250a37c4f800,M0211,2023-11-06,29,success,debit_card
01ebce1f-6f4f-4ccc-8d00-7bf19bf93c69,M0211,2023-12-06,29,success,credit_card
cc94d29c-ff70-4fb3-96ac-540a767714d1,M0211,2024-01-05,29,success,credit_card
14008ebf-5970-4bc6-a14f-818629f1f524,M0211,2024-02-04,29,success,debit_card
2f5e169b-fb49-44fd-bfc2-137d8f22e644,M0211,2024-03-05,29,success,debit_card
865d7e90-515f-40eb-9d24-42213bb99b24,M0211,2024-04-04,29,success,debit_card
4705d8f8-7eba-4cac-9064-f0575dccd680,M0211,2024-05-04,29,success,debit_card
a067dc62-056a-4475-b3aa-bdc5c9c61012,M0212,2022-02-20,59,success,bank_transfer
c8250a1c-764d-4c3e-a294-591979d2b0a9,M0212,2022-03-22,59,success,bank_transfer
33b1aad0-a4e9-4554-b5ab-5d6c07a90b5c,M0212,2022-04-21,59,success,debit_card
b0f2b12c-a976-42e6-b955-4cb502599563,M0212,2022-05-21,59,success,debit_card
32d97b44-1518-46a9-b77e-7f307005e393,M0212,2022-06-20,59,success,credit_card
32d79a4e-fcff-4695-bdb2-ed9bc340ad82,M0212,2022-07-20,59,success,credit_card
5f299061-d0f9-4b5b-a3c3-6a55ca1e0e60,M0212,2022-08-19,59,success,bank_transfer
2e429479-0d09-4d40-96fd-a77fca422e2d,M0212,2022-09-18,59,success,bank_transfer
d713165d-a6fa-4ee6-a9e3-04781de06d3f,M0212,2022-10-18,59,success,debit_card
3144e72a-1aac-4194-8d8b-2521c9d31661,M0212,2022-11-17,59,success,debit_card
7d51169c-81d3-41a8-b25b-e5862fa7f309,M0212,2022-12-17,59,success,debit_card
ea2fb912-9103-4874-990f-b176edeed615,M0212,2023-01-16,59,success,credit_card
af93cb12-4295-4272-a2b0-c4f3ae1e03ea,M0212,2023-02-15,59,success,credit_card
6709581f-b77a-4c6b-afb8-11030558e04a,M0212,2023-03-17,59,success,credit_card
c7e84ed7-b89e-46b1-a7c7-131730ac08e3,M0212,2023-04-16,59,success,bank_transfer
3ac60de8-cb2a-4b1f-91b9-93da27cd8806,M0212,2023-05-16,59,success,debit_card
2d8d0bff-0844-4b4d-9d7c-2eb9ae681787,M0212,2023-06-15,59,success,bank_transfer
11e5ee31-7446-438f-998d-ed15959b778a,M0212,2023-07-15,59,success,debit_card
9ef97083-9491-4518-84ac-3d33d6bc492c,M0212,2023-08-14,59,success,credit_card
807968b4-8001-4b62-a9ac-85d549aa2c8c,M0212,2023-09-13,59,success,debit_card
d1341294-78e1-4deb-830b-b478dc148391,M0212,2023-10-13,59,success,debit_card
c78e25d9-28c2-4231-8db9-94258d65b71d,M0212,2023-11-12,59,success,debit_card
8cbd9b7a-876d-4f60-af8f-7d353a3c8eae,M0212,2023-12-12,59,success,credit_card
8e901bb1-d8a6-4963-9470-9444e0315457,M0212,2024-01-11,59,success,credit_card
bbad3310-9e2f-40a0-be54-b4693a363625,M0212,2024-02-10,59,success,debit_card
3d0b8a48-8cb9-451a-afd0-41be16b780d3,M0212,2024-03-11,59,success,credit_card
0119ab92-9857-4ef7-a902-f348f587d68b,M0212,2024-04-10,59,success,credit_card
479df2c2-4e7e-4bd4-8900-6b23d2d9a2c1,M0212,2024-05-10,59,success,credit_card
a672770e-a6b8-4c69-83c2-8f6ef00631c7,M0213,2023-09-14,29,success,credit_card
6357301b-207e-4c84-a53e-fb5eab80bb95,M0213,2023-10-14,29,success,credit_card
2737aed4-efb9-401d-9171-9e8553287328,M0213,2023-11-13,29,success,debit_card
a56a1132-0e98-4b58-a3dc-691dfe13b663,M0213,2023-12-13,29,success,bank_transfer
f5f1f13a-af06-4604-b1fc-7ea890bebddd,M0213,2024-01-12,29,success,bank_transfer
f6b0122b-016c-453a-a124-ccab2a2e90d8,M0213,2024-02-11,29,success,bank_transfer
54f34666-e252-4285-bb3f-3a944f3cbac1,M0213,2024-03-12,29,success,credit_card
95bd8b0f-e5af-4d13-ae93-f38b49ebef9b,M0213,2024-04-11,29,success,credit_card
1b294094-b794-4645-8efc-933a27f8ba14,M0213,2024-05-11,29,success,credit_card
9290df40-7d65-40e0-a1bb-d8a42481bea7,M0214,2022-09-14,59,success,bank_transfer
202dbfbb-9d20-4fb5-a5aa-631f537ee28e,M0214,2022-10-14,59,success,bank_transfer
aed211ab-7a90-46d3-ab0e-6228e94c9102,M0214,2022-11-13,59,success,bank_transfer
45b22da5-43cf-4ebd-969a-c316dcce34c8,M0214,2022-12-13,59,success,credit_card
ca57cebd-69b0-4b3b-a513-c0c819723ce3,M0214,2023-01-12,59,success,bank_transfer
532bd020-5337-4f94-8381-a45def832ec9,M0214,2023-02-11,59,success,bank_transfer
522d8cf2-e321-460c-952f-a1e8d2ee967f,M0214,2023-03-13,59,success,credit_card
4629b3c6-d1e0-44b6-894c-0ba385fd8891,M0214,2023-04-12,59,success,credit_card
63564eba-2bd1-478f-91c6-66e885286ece,M0214,2023-05-12,59,success,debit_card
7cdbf948-1d77-4bcd-94b5-0dcd2ee23ed7,M0214,2023-06-11,59,success,bank_transfer
bfd35b3b-9cc6-4e12-a6d6-229753369dae,M0214,2023-07-11,59,success,debit_card
21343dc2-7413-44f6-8831-71ac6cd9ec6f,M0214,2023-08-10,59,success,credit_card
73c1df5f-750a-4f12-8d12-747c0e1c0de0,M0214,2023-09-09,59,success,bank_transfer
3b3f3a3f-b837-4ae7-b9df-a99e073e2026,M0214,2023-10-09,59,success,credit_card
fdecd0bc-cd27-4f8b-a292-6c9e066d4f79,M0214,2023-11-08,59,success,bank_transfer
3a5a552b-e8dd-4d38-b1cc-d14714931d84,M0214,2023-12-08,59,success,debit_card
6bd910e2-267f-4788-b171-98718d7b9112,M0214,2024-01-07,59,success,debit_card
151f83bd-c82a-4ac0-a1c9-ae60facb8079,M0214,2024-02-06,59,success,bank_transfer
3800735d-f3a9-443b-8df2-6092147a7bd6,M0214,2024-03-07,59,success,bank_transfer
b98462f2-19a2-4189-8e72-77278251d756,M0214,2024-04-06,59,success,debit_card
77270b4c-6923-4d1a-b478-2c488ef359e5,M0214,2024-05-06,59,success,bank_transfer
3f98f642-0d40-4894-b930-bd6dc568ac35,M0215,2022-05-21,99,success,bank_transfer
cb5995b3-4b38-4c0a-b3df-67a38cc742dd,M0215,2022-06-20,99,success,credit_card
9f55bae1-f6e3-4136-be1c-59b63f372a3f,M0215,2022-07-20,99,success,credit_card
6431c49e-0e63-4cf2-a950-36fad4d411d8,M0215,2022-08-19,99,success,credit_card
2576f850-25e4-463f-b682-612ec683795e,M0215,2022-09-18,99,success,debit_card
c81996cc-1df7-4c38-bbca-edf6e36f6809,M0215,2022-10-18,99,success,debit_card
bcb25d91-7035-403d-9706-0f196538b287,M0215,2022-11-17,99,success,debit_card
2137aab5-2614-43c2-85af-e9a88670197d,M0215,2022-12-17,99,success,credit_card
1c3dad88-0837-4826-b11c-bb6c4f71422c,M0215,2023-01-16,99,success,credit_card
a0ed7d08-547f-4513-ab6e-5eca451717ba,M0215,2023-02-15,99,success,bank_transfer
4726a3ab-dfb2-4171-8a2e-90ef1fffd6ce,M0215,2023-03-17,99,success,bank_transfer
ab79d111-d1ed-4903-9327-60056c969746,M0215,2023-04-16,99,success,bank_transfer
41593a4a-1e97-468c-93c6-290e723a7407,M0215,2023-05-16,99,success,debit_card
004a25af-2e02-4960-9dc8-7cb240fb7eb0,M0215,2023-06-15,99,success,debit_card
28d858fe-226d-4cd7-ba5d-faba4c7a293f,M0215,2023-07-15,99,success,debit_card
f43c497b-91cb-467f-aa73-45a75bc93432,M0215,2023-08-14,99,success,debit_card
033d20bb-9c35-4ded-8b0b-3d8e0eebd6ce,M0215,2023-09-13,99,failed,debit_card
ba1ba54f-e5b0-4c77-a43c-92fc19d5a0dd,M0215,2023-10-13,99,success,bank_transfer
d6469878-9e62-4e6e-bc81-587dbd639011,M0215,2023-11-12,99,success,credit_card
db9fcb52-eed5-4112-a307-69169f704f60,M0215,2023-12-12,99,success,bank_transfer
15041d7f-0d44-4daf-ab46-e6ff1385bda1,M0215,2024-01-11,99,success,bank_transfer
3bd3afb9-3cf4-408f-be1b-571de20c7310,M0215,2024-02-10,99,success,debit_card
badef379-e61c-43f4-8e2c-a15d58e21362,M0215,2024-03-11,99,success,credit_card
014293b6-7e74-4c8e-b7f2-5a3987f807ea,M0215,2024-04-10,99,success,debit_card
c29a0d1a-ea3f-4d9b-8bfa-14e297c10b25,M0215,2024-05-10,99,success,credit_card
26428251-2ffd-4775-965c-70a9eecab71c,M0216,2022-11-13,29,success,bank_transfer
cbe19f10-97ab-4434-9e96-b47d2b19f8f5,M0216,2022-12-13,29,success,debit_card
434780f9-9e75-44ef-be3a-a3e4a6cfdccb,M0216,2023-01-12,29,success,bank_transfer
d2f28990-1a74-4569-9dbb-ab6077790b26,M0216,2023-02-11,29,success,credit_card
96271b53-f2c1-408c-ab12-1daa26ce5764,M0216,2023-03-13,29,success,credit_card
2d952e1e-f712-4f8e-9c68-e7d2dba8117e,M0216,2023-04-12,29,success,bank_transfer
e1caf474-616c-459f-839c-dfc04082c8a0,M0216,2023-05-12,29,success,debit_card
7ee8eff6-a4b8-4c87-8d26-1de1d7d8e626,M0216,2023-06-11,29,failed,debit_card
a62091c2-89ae-4299-8ccd-682e2592b31c,M0216,2023-07-11,29,success,debit_card
bb804c92-22f3-44b4-8172-fc3f0b635238,M0216,2023-08-10,29,success,debit_card
43362852-506c-47d7-9378-f65443f91c4e,M0216,2023-09-09,29,success,bank_transfer
fba009ba-01ca-4dfd-b6a7-1017e38cf4c7,M0216,2023-10-09,29,success,credit_card
636b5cb9-7a00-4a14-aefe-814e6c466d5a,M0216,2023-11-08,29,success,bank_transfer
e5e4581d-9c80-4a4e-893f-19593607243e,M0216,2023-12-08,29,success,credit_card
2ced1231-2ee6-470f-9640-44baae98ea4b,M0216,2024-01-07,29,success,credit_card
31b64270-89dd-4161-b3b5-63af74dfe541,M0216,2024-02-06,29,success,bank_transfer
8de5ffef-9830-4673-8fb2-ff71b11b5c28,M0216,2024-03-07,29,success,credit_card
83da8839-e8c5-464d-95d1-b18055eff1c6,M0216,2024-04-06,29,success,bank_transfer
bbc33324-18b0-4a68-b63e-7752f13eabb5,M0216,2024-05-06,29,success,bank_transfer
8e653454-c264-4aef-a9f1-972f686b8b67,M0217,2022-05-15,29,success,debit_card
a02cf4e2-556d-4be4-8803-fe1c5f43876c,M0217,2022-06-14,29,success,debit_card
08659950-47b5-4194-bf85-3f5f823bfefa,M0217,2022-07-14,29,success,debit_card
9c4c0a8e-0f3d-4d5b-a94d-9d12b9b87e0b,M0217,2022-08-13,29,success,bank_transfer
f5dde387-6905-4f9a-a56b-8b58ef776c75,M0217,2022-09-12,29,success,debit_card
6f48d138-0b8a-470d-be2e-5110cdc3334e,M0217,2022-10-12,29,success,bank_transfer
30060c62-802a-4b17-b045-b6f6433bd98f,M0217,2022-11-11,29,success,credit_card
8a32d262-0138-4276-9817-49b1a558e77e,M0217,2022-12-11,29,success,credit_card
91b1dc90-5962-4842-852c-a7898eb9810e,M0218,2022-07-25,99,success,bank_transfer
67844d84-6587-4a87-bb01-c19bbf844721,M0218,2022-08-24,99,failed,bank_transfer
4200d4c9-8857-41a6-ab28-30bba0abf51c,M0218,2022-09-23,99,success,debit_card
8c4b8a78-f531-4868-9183-ff8139a283f5,M0218,2022-10-23,99,success,debit_card
07a28741-eeca-46df-9ff0-e7d296e90806,M0218,2022-11-22,99,success,debit_card
20042717-4f1d-43a7-af53-17e3cb265c12,M0218,2022-12-22,99,success,bank_transfer
59035386-d69d-42ec-beb2-5b9348e7af90,M0218,2023-01-21,99,success,debit_card
ee6e423a-7966-4cc6-b69f-cf3b685a4568,M0218,2023-02-20,99,success,bank_transfer
226dcc0d-36b1-4241-95b9-f17aab19c633,M0218,2023-03-22,99,success,credit_card
08208bc1-bc30-4f69-9f6b-3e6321035281,M0218,2023-04-21,99,success,debit_card
13bb0547-6690-4bb6-815f-891567da2cc3,M0218,2023-05-21,99,success,bank_transfer
4b669573-1278-41f7-82ce-4ea858d24643,M0218,2023-06-20,99,success,bank_transfer
dfb52120-a7e9-4dc3-b396-7957ae96d6a2,M0219,2023-05-29,99,success,debit_card
66fe19ee-753b-46b1-ab04-9ea9fcd9b542,M0219,2023-06-28,99,success,debit_card
889643a3-376f-4ffc-9bad-31adcfe5f5cc,M0219,2023-07-28,99,success,debit_card
b4e25240-0a22-430e-81d7-90fce4d4c929,M0219,2023-08-27,99,success,credit_card
7def4443-1233-46a8-a074-17ebfbcf8689,M0219,2023-09-26,99,success,debit_card
78597a86-f8c7-46c0-996b-35a625b91546,M0219,2023-10-26,99,success,debit_card
1996ea1f-96cb-4be7-b29b-d64951184020,M0219,2023-11-25,99,success,credit_card
8269f363-822e-47b1-a56c-01f0911b3410,M0219,2023-12-25,99,success,credit_card
f37003b5-007a-4619-9c19-85b74019d690,M0219,2024-01-24,99,success,bank_transfer
6d4fecc0-0665-47f9-a493-634c006f85b2,M0219,2024-02-23,99,success,credit_card
448b9464-07b5-4d50-90e6-80f8e323d768,M0219,2024-03-24,99,success,credit_card
e9c934a1-91b4-452f-92f0-c65f2c2df71c,M0219,2024-04-23,99,success,debit_card
ac8395bf-4191-4dcd-8912-0eabda203ac0,M0219,2024-05-23,99,success,credit_card
696eca60-814d-449b-af39-65781af8ada2,M0220,2022-10-30,29,success,bank_transfer
ab0eb8b4-723f-4bcb-876e-93de5ea74279,M0220,2022-11-29,29,success,credit_card
9bf11543-a313-48d7-9554-b7547f40fa90,M0220,2022-12-29,29,success,credit_card
911606b7-1341-4f02-85ad-c076facbcc77,M0220,2023-01-28,29,success,debit_card
2b1c4bbb-6235-41d6-9afe-f8436a1b0f1a,M0220,2023-02-27,29,success,credit_card
ed3d2e33-a923-4ba5-b008-b50d58194420,M0220,2023-03-29,29,success,debit_card
a42ceef1-3c7c-4701-9ab3-3c2aeb5b5b6c,M0220,2023-04-28,29,success,credit_card
2c6fd7fe-5629-4cb6-b063-2e401abcef2f,M0220,2023-05-28,29,success,credit_card
f8e99e93-4a2b-4ef7-897d-840b71305a1d,M0220,2023-06-27,29,success,credit_card
56a24b24-75f6-4ab0-a5a2-5cf0c023b07b,M0220,2023-07-27,29,success,bank_transfer
6561967d-c2af-474d-9313-17c6f775e648,M0220,2023-08-26,29,success,credit_card
eeb81c01-225d-4ce6-a604-d79a11a1871c,M0220,2023-09-25,29,success,debit_card
165d843c-4fa6-4917-a4cd-e352ff54e1bd,M0220,2023-10-25,29,success,bank_transfer
dd029451-ad25-4d22-9430-cc5b357b5fd7,M0220,2023-11-24,29,success,debit_card
096a8661-808e-4913-a3f6-3027c39540d6,M0220,2023-12-24,29,success,credit_card
613401cf-30f7-4f99-870e-3440a4513ecf,M0220,2024-01-23,29,success,debit_card
d880ebc7-b1f6-47b3-af03-e7b8bcc94a1c,M0220,2024-02-22,29,success,debit_card
ee80c490-67b3-40d9-9c41-0c8012d61fee,M0220,2024-03-23,29,success,credit_card
708bb2e3-8bc8-4c30-8fe8-d70abe75038d,M0220,2024-04-22,29,success,bank_transfer
9ff236fa-3117-4e45-84d4-72dd62ca132c,M0220,2024-05-22,29,success,debit_card
02205917-e712-4f05-9640-cf872969e3f6,M0221,2022-03-19,99,success,credit_card
af818d73-9b3a-4ca5-ad74-8875610108c3,M0221,2022-04-18,99,success,debit_card
e1950744-6bdf-4b72-837d-987cf62101eb,M0221,2022-05-18,99,success,debit_card
7bd5cd7b-2b3e-4905-90af-4fd8bc3acc50,M0221,2022-06-17,99,success,bank_transfer
8f0f2836-e3b2-45a9-8b21-d0232e731fbf,M0221,2022-07-17,99,success,debit_card
9afde2e2-8924-49d9-b698-ab2e7bd21716,M0221,2022-08-16,99,success,credit_card
34cb8fad-615d-41ea-bc9f-8e42078155e5,M0222,2023-02-11,99,success,credit_card
8cf1778a-c290-462c-bcdd-0a183682ffba,M0222,2023-03-13,99,success,bank_transfer
b8e7ffad-0a76-4bd9-965c-4284e9054923,M0222,2023-04-12,99,success,debit_card
fd4f4158-7f6d-40bd-95ec-4a717355c54e,M0222,2023-05-12,99,success,credit_card
f20936da-f35d-4080-8da6-4362acc7ff7e,M0222,2023-06-11,99,success,credit_card
1db58afa-6637-48ce-bc5c-d0c10e8cf49f,M0222,2023-07-11,99,success,credit_card
29184ff0-902a-497a-bae3-def11e89c2f3,M0222,2023-08-10,99,success,credit_card
b1a51198-0a17-4e52-89b0-dd215e3eb33b,M0222,2023-09-09,99,success,bank_transfer
015b6ae6-1cb9-46c9-91e0-67189448de1c,M0222,2023-10-09,99,success,bank_transfer
1095616a-bb2b-443f-a5b9-7d81da0c84d8,M0222,2023-11-08,99,success,bank_transfer
b89aaefa-2055-4b50-804f-a99d95a6b6d4,M0222,2023-12-08,99,success,credit_card
b714d553-5860-4909-ba30-77421501a94d,M0222,2024-01-07,99,success,debit_card
f5e989cc-50cb-44d0-95f6-85b07a9c27ea,M0222,2024-02-06,99,success,bank_transfer
1837cc0b-401f-4f78-bc03-7881c9581f8f,M0222,2024-03-07,99,success,debit_card
e883cae2-ccac-4e21-ab44-6d44be30c1c7,M0222,2024-04-06,99,success,credit_card
80d61b6b-b69e-4342-84a3-712d57ad07c6,M0222,2024-05-06,99,success,debit_card
7a63f3f6-f4b8-4a1a-83e4-4be2986cf175,M0223,2023-02-09,29,success,credit_card
08c87dd8-8b0f-4c03-9488-93d6027b2d27,M0223,2023-03-11,29,success,bank_transfer
f870803c-95ea-4afd-8cdf-b562901d9050,M0223,2023-04-10,29,success,credit_card
e85b631c-fcd1-4811-a463-ccfbc7ae5834,M0223,2023-05-10,29,success,bank_transfer
79dd631e-f1fb-4ffd-bd1e-3b7ac01f32e4,M0223,2023-06-09,29,success,debit_card
0ed64d34-0179-4fcc-a274-c0a377737c98,M0223,2023-07-09,29,success,bank_transfer
a141431b-9997-40c6-8871-019497b6566a,M0223,2023-08-08,29,success,credit_card
d47a81cb-0019-4a16-8be2-b12a40c2e4ca,M0223,2023-09-07,29,success,credit_card
627096f2-5359-4802-be8f-ba326b3f4021,M0223,2023-10-07,29,success,bank_transfer
7e44917d-85d9-400a-b02b-d74061dac9f1,M0223,2023-11-06,29,success,debit_card
f0ee89eb-374f-468e-8f59-742ef197f6a1,M0223,2023-12-06,29,success,debit_card
fcc2a979-1ec4-4781-8dea-6ff1598f95e9,M0223,2024-01-05,29,success,credit_card
9a471ac8-782f-4807-a02b-164775ab1613,M0224,2023-11-20,29,success,bank_transfer
c94f98ab-94f3-438b-8bb4-dfae7b2ca78c,M0224,2023-12-20,29,success,debit_card
ae5ca1fe-9ce0-43de-b3c2-d76502b0f994,M0224,2024-01-19,29,success,debit_card
32a6c37a-f9a7-48fd-a8bd-6337fdd9d58b,M0224,2024-02-18,29,success,credit_card
95538f7c-c74d-4756-b393-a83ca0e48790,M0224,2024-03-19,29,success,bank_transfer
04cc0757-cc64-4237-8b3b-ceaa3606affa,M0224,2024-04-18,29,success,debit_card
100799e9-a43f-467b-ad5e-f17e0d4f13b2,M0224,2024-05-18,29,success,bank_transfer
5a4f542a-a1f0-426d-8229-c776e1a87c87,M0225,2022-04-21,29,success,credit_card
839576c2-01a4-4301-8719-98096c023fc9,M0225,2022-05-21,29,success,credit_card
f45ab4f4-bae6-46ff-ba79-676c8276d505,M0225,2022-06-20,29,success,credit_card
2c0a356d-884f-4e8a-aab2-f5f28d34f384,M0225,2022-07-20,29,success,credit_card
a59cefd6-d8d4-46ba-a7aa-7470b7720e39,M0225,2022-08-19,29,success,credit_card
d5dd8d95-6bc8-4689-a6d7-714c6f62a605,M0225,2022-09-18,29,success,bank_transfer
16c8bab7-266e-4d48-b61d-45600f73acae,M0225,2022-10-18,29,success,bank_transfer
6e1c4a03-5837-4f4c-a273-ddf565a59263,M0225,2022-11-17,29,success,bank_transfer
be2643f3-3cae-4587-9e41-0d179c6ad1e2,M0225,2022-12-17,29,success,bank_transfer
f4a205af-292c-4404-950c-1e00292db480,M0225,2023-01-16,29,success,bank_transfer
419a4d05-7fde-48fd-aee2-0534cb065ce6,M0225,2023-02-15,29,success,debit_card
6332d9b2-6d99-44c7-9e86-b2e4c3933bfa,M0225,2023-03-17,29,success,debit_card
ff5d39e3-7512-403d-a7d9-f07f31d2cb96,M0225,2023-04-16,29,success,credit_card
43daf343-8a6b-4da0-9ce4-818e77c0fd36,M0225,2023-05-16,29,success,debit_card
86caf001-da47-42e4-a137-326a3dffd94f,M0225,2023-06-15,29,success,credit_card
1a09644f-f3fd-4617-b362-7bb997c4366e,M0225,2023-07-15,29,success,credit_card
d8617abe-260b-47dd-9d6b-aa2bb01225c7,M0225,2023-08-14,29,success,credit_card
5471cb41-c3bb-4c7f-9b7f-d39d1f9a0cac,M0225,2023-09-13,29,success,credit_card
ccf01994-955a-4fa5-b6db-ad98c9425e6a,M0225,2023-10-13,29,success,credit_card
7a8331b3-ea40-43ec-83a9-bd42a1d7832c,M0225,2023-11-12,29,success,credit_card
a906fddc-7682-45cf-b8b7-59e6bfbc2f15,M0225,2023-12-12,29,success,credit_card
ac2fe6f1-09a3-4c7c-aaef-b61e1cdc6321,M0225,2024-01-11,29,success,bank_transfer
18d968c5-4cd9-486f-8fc4-9c6f4d359def,M0225,2024-02-10,29,success,credit_card
1704a64e-c13a-4354-846f-8e38f516fda1,M0225,2024-03-11,29,success,bank_transfer
f14fe1f8-ed0b-4ec8-8add-cca2426176e7,M0225,2024-04-10,29,success,debit_card
755b1de1-c7df-47c9-a614-7a006776773f,M0225,2024-05-10,29,success,bank_transfer
b0e245bb-98cb-4da0-bcb4-2eafa7c7b7e6,M0226,2022-12-02,29,success,credit_card
70da5dbf-ac8f-40ed-ba26-d3858067f987,M0226,2023-01-01,29,success,debit_card
2687d3e4-4f63-47df-a87e-1161fc55af6e,M0226,2023-01-31,29,success,credit_card
19781c1d-9442-44c6-87ff-8f94d415a467,M0226,2023-03-02,29,success,credit_card
de0dc656-f9f8-44c0-83fd-3c85b1ec2424,M0226,2023-04-01,29,success,credit_card
d2964701-418a-4ffa-8405-c7cd06e0d5fe,M0226,2023-05-01,29,failed,bank_transfer
badd23da-b1de-45cf-97f5-b8d713484e0a,M0226,2023-05-31,29,success,debit_card
ebc3614e-9817-49a9-8d14-f412f5587a8c,M0226,2023-06-30,29,success,credit_card
4baac467-f37a-4552-98db-7ba46c6fa839,M0226,2023-07-30,29,success,debit_card
28a49ecf-812f-4aa0-bf34-63b660cc8bc2,M0226,2023-08-29,29,success,debit_card
bea5f193-2022-467e-98d5-570d72965097,M0226,2023-09-28,29,success,credit_card
c91bbcc1-3b19-434b-8797-339390d5b91b,M0226,2023-10-28,29,success,bank_transfer
6d9c829e-4d39-4af6-97e2-c57a11b420e1,M0226,2023-11-27,29,success,credit_card
7d37287e-a090-4628-85bc-a9bfd9e4d549,M0226,2023-12-27,29,success,bank_transfer
e6c0932c-2643-4d9e-b28a-62dca00b2ff5,M0226,2024-01-26,29,success,credit_card
0cd883ff-8023-4971-a887-184dd5bc4767,M0226,2024-02-25,29,success,bank_transfer
fa52e54e-242f-47bc-a761-14d1ddf9d804,M0226,2024-03-26,29,success,bank_transfer
a4c95a25-3475-463c-a942-ce4e1590770c,M0226,2024-04-25,29,success,bank_transfer
098e856c-5c3c-47f9-9920-00cd0d39d863,M0226,2024-05-25,29,success,credit_card
5db7faff-1fee-4673-9ce0-85584c82230e,M0227,2023-04-21,29,success,bank_transfer
284ae13e-73aa-4512-af66-9bf70c26b456,M0227,2023-05-21,29,success,bank_transfer
9ae94ffd-e0a1-4d29-b286-4ec3a26b89e7,M0227,2023-06-20,29,success,debit_card
fe44f05b-fcef-41df-8f2e-713330653385,M0227,2023-07-20,29,failed,bank_transfer
e04b2e83-4fd4-423f-a4e6-f3a23a475449,M0227,2023-08-19,29,success,bank_transfer
51dc3945-1a9d-4691-9d73-23c4910a255b,M0227,2023-09-18,29,success,credit_card
1ba16fa0-e6a2-4abc-bf47-e8d6344addd6,M0227,2023-10-18,29,success,bank_transfer
218c9d8f-23c8-4f22-812b-52a8e20e78ae,M0227,2023-11-17,29,success,credit_card
bb863b13-704d-4f06-a398-7e94b8491ecf,M0227,2023-12-17,29,failed,credit_card
46e5b827-c8cf-4732-a56b-98d8fd3740ca,M0227,2024-01-16,29,success,bank_transfer
553409fa-b9b9-42fb-9bee-cdd6d2c291ec,M0227,2024-02-15,29,success,credit_card
9ffd5aa4-7f73-4ecf-b283-09aaf991c90f,M0227,2024-03-16,29,success,credit_card
5292d1d6-3973-40e0-82c3-3c333ece7d13,M0227,2024-04-15,29,success,debit_card
c92a6665-4cc1-4759-86b8-a3845c0e8ca4,M0227,2024-05-15,29,success,credit_card
87c9db6c-5c78-407e-8b1c-5a378ba8e55f,M0228,2022-05-24,29,success,bank_transfer
4daed2ba-eb24-4101-b11a-fbe1e24f00b7,M0228,2022-06-23,29,success,bank_transfer
66e2119b-6f5d-43c5-a730-eb28ab958218,M0228,2022-07-23,29,success,debit_card
e74773fd-8251-4799-8a8d-3663d3c60b28,M0229,2022-04-10,29,success,debit_card
87988d9f-7353-40ac-978f-4baf503c62af,M0229,2022-05-10,29,success,debit_card
e4280bc9-ef8b-42cb-9f56-5fa1dd5b82a9,M0229,2022-06-09,29,success,credit_card
ee3e4690-992f-49bf-a507-49a751d79d12,M0229,2022-07-09,29,success,debit_card
42bd265e-ecdd-4581-a7ca-31900dc614fa,M0229,2022-08-08,29,success,debit_card
9da4b897-50e3-41e7-91c2-d04d6a9cf2ef,M0229,2022-09-07,29,success,credit_card
e74c9125-0e7e-4f59-932b-23a5e0ef51cd,M0229,2022-10-07,29,success,debit_card
1213c85b-8512-43ce-a09a-80434b7d118c,M0229,2022-11-06,29,success,credit_card
a217fad5-c905-408a-b83c-02b8b7b53df2,M0229,2022-12-06,29,success,bank_transfer
8cf146f1-9296-432d-b5f2-84330ed9aafc,M0229,2023-01-05,29,success,bank_transfer
e4dbe632-dcbe-42cf-a68d-231b81e87e63,M0229,2023-02-04,29,success,credit_card
444634cc-2ea6-4b3a-bc9a-62ebe4afdca3,M0229,2023-03-06,29,success,debit_card
d5b0afb2-8020-4541-a2c2-ae9e03615144,M0230,2023-11-18,59,success,credit_card
e82e07c6-082a-4fe0-bdd4-a5b6aa32f430,M0230,2023-12-18,59,success,credit_card
234e7a16-047c-4826-93c1-43a057a252d6,M0230,2024-01-17,59,success,debit_card
30d85653-a08b-4b2f-b06b-2db377e24334,M0230,2024-02-16,59,success,credit_card
6891fcef-2854-4024-9447-48fa72064f2e,M0230,2024-03-17,59,success,credit_card
fe6e88a5-da5c-4989-b45f-42750ad755b7,M0230,2024-04-16,59,success,credit_card
24c57ab5-2b79-41c5-b41e-3b94f222278a,M0230,2024-05-16,59,success,bank_transfer
0ad67314-7624-4b77-8d3f-9c3138eb16ab,M0231,2023-08-25,29,success,credit_card
0284468c-c0a0-4ab9-9527-e52b48acfabe,M0231,2023-09-24,29,success,credit_card
22b01f68-da09-4b69-b81e-60e3031e7b71,M0231,2023-10-24,29,success,debit_card
fc9d071b-e3ef-4d78-bcd9-842b12b13383,M0231,2023-11-23,29,success,bank_transfer
f8146fda-1e60-4e61-803c-e002b28a0291,M0231,2023-12-23,29,success,debit_card
9ba57deb-c219-4b59-95fa-44ba4b250b90,M0231,2024-01-22,29,success,credit_card
7435faf8-7a0d-491e-9d05-05c7c0fdd0bb,M0231,2024-02-21,29,success,bank_transfer
5508c231-713c-401f-b3ff-8c444f0cecf1,M0231,2024-03-22,29,success,bank_transfer
2b865eb9-f86a-4382-9e25-912c4021a1b7,M0231,2024-04-21,29,success,debit_card
b247c06e-58f6-4f3e-96eb-c8d573143e8a,M0231,2024-05-21,29,success,debit_card
badf2296-f846-42dc-9dff-208a66970c4a,M0232,2022-04-12,59,success,credit_card
7ae78940-a000-4fc5-a14d-fcef8050cb06,M0232,2022-05-12,59,success,debit_card
4f584d95-4327-4d5a-9fa8-81bd9762e018,M0232,2022-06-11,59,success,bank_transfer
60ef2c39-fd0a-4e03-8374-668def6ae352,M0232,2022-07-11,59,success,credit_card
e184d0f0-99c7-4b55-83a7-ab35cf11699d,M0232,2022-08-10,59,success,debit_card
0104f05f-1fda-4177-be0e-332d39baf6fc,M0232,2022-09-09,59,failed,debit_card
86d76ed6-7eca-4478-8181-3dee45100e7a,M0232,2022-10-09,59,success,credit_card
61decd8a-2b30-42b5-8a5a-07cf68e348d3,M0232,2022-11-08,59,success,debit_card
ebc5e80a-95c1-4314-b063-dac26f06b9ff,M0232,2022-12-08,59,success,credit_card
477816ae-ba5a-4a3f-8f55-a142593dcf16,M0232,2023-01-07,59,success,credit_card
ebd61e1b-0f43-4eeb-956d-6c226d828926,M0232,2023-02-06,59,success,debit_card
14257077-911b-4ee6-ac6a-964543c2caf5,M0232,2023-03-08,59,success,debit_card
b411a5c9-e3a9-4e9b-8438-1388ae6ab0d7,M0232,2023-04-07,59,success,bank_transfer
3bc899e4-b713-4ac5-9674-bf73bb6cf73c,M0232,2023-05-07,59,success,debit_card
deb2f1ce-0158-4407-82ce-816d026fb362,M0232,2023-06-06,59,success,debit_card
e3924ec9-2a7e-4619-99f6-69cf808ab974,M0232,2023-07-06,59,success,credit_card
45d8bdff-442d-4165-b881-e6e971a000c9,M0232,2023-08-05,59,failed,bank_transfer
e6173838-610b-418b-94ef-58934a30d4e0,M0232,2023-09-04,59,success,debit_card
b99a14df-32cd-4782-a98e-086289b1852a,M0232,2023-10-04,59,success,debit_card
309d5dfe-bd66-46ea-858f-f2a4bfff1b8c,M0232,2023-11-03,59,success,bank_transfer
1ce80e42-fd69-44be-8750-55fb58c3b8c7,M0232,2023-12-03,59,success,debit_card
bca54a4a-a3dd-4291-add7-263a086fddb7,M0232,2024-01-02,59,success,bank_transfer
11cbc3d4-4aa5-4d9b-857a-eae56d7b582c,M0232,2024-02-01,59,success,credit_card
4e2ec0b3-113d-4d77-a078-37a278817357,M0232,2024-03-02,59,success,credit_card
ad406464-12d2-4cdd-b3d0-0bbdb86009b0,M0232,2024-04-01,59,success,bank_transfer
9c05b9d4-ca45-4f86-9f37-b5587711b1e9,M0232,2024-05-01,59,success,debit_card
8475adcf-917e-425e-81fd-577c54e60e0f,M0232,2024-05-31,59,success,bank_transfer
102f9903-6d41-4b34-ae95-179b190ec0d7,M0233,2023-12-08,29,success,bank_transfer
bcb0f0b4-e0f0-4fe3-9c13-ffeb8645f4e4,M0233,2024-01-07,29,success,bank_transfer
b20dc777-02c3-4ba7-83ff-654fc344c090,M0233,2024-02-06,29,success,credit_card
536ae030-0517-4240-ba22-a63ff03f00c0,M0233,2024-03-07,29,success,debit_card
0814f4bf-ba2b-444e-9be0-9f01c338ab7f,M0233,2024-04-06,29,success,credit_card
a26068dd-2f4b-40e9-855d-0a43eba87dc1,M0233,2024-05-06,29,success,debit_card
7865ac08-1056-4167-9116-27a9f8669d21,M0234,2022-04-12,29,success,bank_transfer
b40e18ce-ecd1-47a7-8728-33ae55afff88,M0234,2022-05-12,29,failed,bank_transfer
7e424c2e-9411-4f99-b37e-d37d9864795e,M0234,2022-06-11,29,success,debit_card
c0cc336a-6e69-43d8-8a19-97bcaae5de6a,M0234,2022-07-11,29,success,bank_transfer
63b77af3-dc9a-451a-a3fd-69954f019469,M0234,2022-08-10,29,success,credit_card
b542707c-c54f-4246-a083-3cf35cfaa97f,M0234,2022-09-09,29,success,bank_transfer
3b3f5bcd-c2d2-4347-9a0b-9b624337c6b7,M0234,2022-10-09,29,success,credit_card
a88903d8-6eff-4146-b72b-0061d9a9e84a,M0234,2022-11-08,29,success,credit_card
0bf72825-bbeb-4afc-bf83-2c8b0ea7e40d,M0234,2022-12-08,29,success,debit_card
f36020b8-55e7-4067-a8c1-fbf8e32cfbf4,M0234,2023-01-07,29,success,bank_transfer
7d740b17-92a7-4f06-a57b-182caedad99f,M0234,2023-02-06,29,success,credit_card
dd8f157e-208f-4340-95ff-c4024c47ed39,M0234,2023-03-08,29,success,credit_card
2afaf6c2-cfca-4ce3-a70f-3da6d61826ef,M0234,2023-04-07,29,success,credit_card
9370e6d1-3f0f-4370-b328-294b6c35a99a,M0234,2023-05-07,29,success,debit_card
bd48fd65-064f-420e-b501-5cde47f905b3,M0234,2023-06-06,29,success,bank_transfer
7fa1d038-e79e-48da-a5b6-d5ff04fd2f37,M0234,2023-07-06,29,success,bank_transfer
ab56844b-f247-4750-9270-93a5ea682b06,M0234,2023-08-05,29,success,bank_transfer
973d3f17-9de6-4cf8-9f5d-861c36547c9f,M0234,2023-09-04,29,success,debit_card
ef0f5a99-2bc5-4c2e-930d-f33a50798d8c,M0234,2023-10-04,29,success,bank_transfer
f3589aaf-51d0-4f5a-9b32-4e8238fabe3e,M0234,2023-11-03,29,success,credit_card
f5705699-261a-4410-8bb0-49305a283165,M0234,2023-12-03,29,success,debit_card
ba826355-be5b-4652-a918-f835713c3a7c,M0234,2024-01-02,29,success,debit_card
035cf6fa-6520-462f-b13c-01202e55fd5c,M0234,2024-02-01,29,success,bank_transfer
46177066-eda4-497e-8e59-d7326063128b,M0234,2024-03-02,29,success,debit_card
101b16e8-9b06-4184-98bf-53b32ff0028c,M0234,2024-04-01,29,failed,credit_card
ce87db02-5cc5-4fed-9a9e-836417cb6728,M0234,2024-05-01,29,success,credit_card
ea9307f9-12f6-46cb-bb24-0888461891b0,M0234,2024-05-31,29,success,bank_transfer
23eaba9d-1464-4926-b523-d7fa8902649a,M0235,2022-03-04,29,success,debit_card
86c2c6b6-ac96-45d4-9426-ab2e5070ba05,M0235,2022-04-03,29,success,bank_transfer
e0709f96-9507-484b-87e2-8832a0c41fba,M0235,2022-05-03,29,success,credit_card
5b7b014c-6727-49d1-8636-0e1909382dbb,M0235,2022-06-02,29,success,bank_transfer
56eb8cb2-5047-4718-b90f-09c9adc88e36,M0235,2022-07-02,29,success,debit_card
3e94d4d8-2ec1-411e-aa98-10c382e585d4,M0235,2022-08-01,29,success,credit_card
903da885-696c-4ab1-8cb0-ae31c60dcb7a,M0235,2022-08-31,29,success,credit_card
4f48b1f3-c6b6-4c7b-9ac3-0e28c5a07521,M0235,2022-09-30,29,success,credit_card
aded2dcd-c4fb-42b7-989a-be8a7f534ded,M0235,2022-10-30,29,success,credit_card
ec52e95d-25c3-4ea5-ad25-39f6d70b6509,M0235,2022-11-29,29,success,debit_card
b43015cc-e9eb-4cd4-b226-a43c9aa90c78,M0235,2022-12-29,29,success,bank_transfer
29a5c373-d672-4875-ab3c-357ec924c36d,M0235,2023-01-28,29,success,bank_transfer
2a19515b-0f22-496e-bce7-af5fe167d51f,M0235,2023-02-27,29,success,debit_card
7573c1dc-758a-4e1f-99f1-224498c2727a,M0235,2023-03-29,29,success,credit_card
f2f9852b-793a-4739-a8f6-cd13d0333cc5,M0235,2023-04-28,29,success,debit_card
826601ac-e29d-446f-9b4d-13aee2dbd1b8,M0235,2023-05-28,29,failed,credit_card
3eeaba3c-fcf1-43da-8e1f-58edf5e23814,M0235,2023-06-27,29,success,bank_transfer
67ce87bc-0edc-419c-a556-404dc6aed100,M0235,2023-07-27,29,success,credit_card
c8a7430a-dd42-4be0-8e3e-0af494779380,M0235,2023-08-26,29,success,credit_card
ad91df55-d8ed-40cd-be3b-8fc6bf3248a4,M0235,2023-09-25,29,success,credit_card
a3148e05-041b-4218-8d7e-0a5a59495a1e,M0235,2023-10-25,29,success,bank_transfer
ec891763-2c8c-4e8d-8128-1acc3c4447e9,M0235,2023-11-24,29,success,debit_card
3c992e8d-0485-40d3-8ca1-597e09efdf86,M0235,2023-12-24,29,success,debit_card
00c4b200-52a0-4067-9835-29b5b9ee45a6,M0235,2024-01-23,29,success,debit_card
bd70139d-c2b8-4eef-ba76-ef47d953bcbe,M0235,2024-02-22,29,success,bank_transfer
7ae00c3b-0cae-423d-914a-3e7aaeb01866,M0235,2024-03-23,29,success,debit_card
40f7c323-8bdc-437e-ab12-16905803b4a2,M0235,2024-04-22,29,success,debit_card
08a515a3-8878-4d4d-a3d2-775440005fb1,M0235,2024-05-22,29,success,credit_card
4fd5da21-3fd7-4948-a762-9611b5bac68f,M0236,2022-04-04,59,success,bank_transfer
a7a8506a-ed15-4d15-8899-ce115c830337,M0236,2022-05-04,59,success,bank_transfer
e82cef6a-faba-446d-8bfb-8c5acf2d40a5,M0236,2022-06-03,59,success,debit_card
17070680-1585-44ad-bfd5-e7669e9da0cb,M0236,2022-07-03,59,success,credit_card
8eb32382-4b08-44b1-a9b5-6497ef490ebf,M0236,2022-08-02,59,failed,bank_transfer
086b1582-092c-4d70-9909-edc32be9dfff,M0236,2022-09-01,59,success,credit_card
27c45316-ccc6-4987-be6e-60cc4f67580f,M0236,2022-10-01,59,failed,credit_card
74a165b8-fd51-4fd2-9f63-215b7c3ba960,M0236,2022-10-31,59,success,debit_card
b6bc37aa-0542-41c9-8a99-0299cc9fa1e8,M0236,2022-11-30,59,success,credit_card
cd6f8392-f663-4edd-a919-c52a01bb8bd0,M0236,2022-12-30,59,success,bank_transfer
d06cb37c-726e-4355-9263-e648d4f3d575,M0236,2023-01-29,59,success,debit_card
49272091-d724-43af-ba76-230c07ddc73f,M0236,2023-02-28,59,success,bank_transfer
5f4d162b-cae0-4048-b165-5f0a2faf0064,M0236,2023-03-30,59,success,bank_transfer
eb11aeba-2b3c-4e06-9dfe-5beeaf16d36d,M0236,2023-04-29,59,success,debit_card
82417408-672b-467c-88ea-f7e4cd098b9c,M0236,2023-05-29,59,failed,debit_card
f8a0c2b4-6227-4f71-a5ad-350428196f46,M0236,2023-06-28,59,success,bank_transfer
ee15cbb6-5690-4583-beab-6778ebc13b06,M0236,2023-07-28,59,success,debit_card
98ae0eb3-f849-44c5-81f1-7f8fd4bb064a,M0236,2023-08-27,59,success,debit_card
fed6e582-1ca5-4cda-82d0-33898eba04a1,M0236,2023-09-26,59,success,bank_transfer
0ba1ba4e-684d-4cef-a389-4cb12e6889dc,M0236,2023-10-26,59,success,debit_card
c84506c7-1726-48d8-ab6a-4c9c32c6498e,M0236,2023-11-25,59,success,debit_card
71a02a10-eff1-4a8b-9824-ad95cf8b59ae,M0236,2023-12-25,59,success,bank_transfer
6945c744-b56d-44d7-877d-5c8d437fff7a,M0236,2024-01-24,59,success,bank_transfer
8cd57802-8614-40e6-bf10-86fc54dd639a,M0236,2024-02-23,59,success,bank_transfer
aff90eea-97fc-43f8-83ff-c811f7af3935,M0236,2024-03-24,59,success,credit_card
91ea612f-fae8-4d75-a1d7-c159b3f5286c,M0236,2024-04-23,59,success,bank_transfer
4445c24e-d805-4eae-8ea4-6c891b1a0ad7,M0236,2024-05-23,59,success,bank_transfer
00b4d979-5c2f-45b1-96ee-20fc139b2769,M0237,2022-02-21,29,success,credit_card
d61baf43-e9ce-46c3-892a-1cb6676695db,M0237,2022-03-23,29,success,credit_card
75e6eb07-f3aa-4832-a59c-b2b081c98e78,M0237,2022-04-22,29,success,bank_transfer
ce3b2f4f-9a62-42ae-a1ad-f250b7be9c71,M0237,2022-05-22,29,success,debit_card
e96bc748-12c2-473c-9ac8-9978f18f1de8,M0237,2022-06-21,29,success,debit_card
9affd5c7-9911-4704-9263-bac358fdc034,M0237,2022-07-21,29,success,debit_card
c62285b5-84cc-471f-912a-930aa38ef56c,M0237,2022-08-20,29,success,credit_card
605e33b4-eb29-4f8e-8c70-96a5e013bce0,M0237,2022-09-19,29,success,credit_card
6661734b-99f6-4c69-820c-f21d4284c429,M0237,2022-10-19,29,success,bank_transfer
d4f7f216-a874-45ba-ac35-20225b632e38,M0237,2022-11-18,29,success,credit_card
695956ea-66a6-4bb7-9243-1afd62ceb20c,M0237,2022-12-18,29,success,bank_transfer
56ec74c5-326e-474a-9e1b-30da022b9f0e,M0237,2023-01-17,29,failed,debit_card
948d121e-4000-44d6-97f2-0994bec7f02d,M0237,2023-02-16,29,success,debit_card
d0988b16-685f-4971-b15d-a38285ff6da1,M0237,2023-03-18,29,success,debit_card
304d3063-0865-4065-9275-1aef3ddbae2a,M0237,2023-04-17,29,success,bank_transfer
4aa7842c-7dab-48a5-89aa-83edf6045503,M0237,2023-05-17,29,success,credit_card
ba3876ed-868b-4f0f-b9b4-808806d1ca2b,M0237,2023-06-16,29,success,bank_transfer
4ded0a25-f7eb-4eb0-8dae-25c5b20176a3,M0237,2023-07-16,29,success,credit_card
5a440353-f18c-4557-83aa-8ea618cc4267,M0237,2023-08-15,29,success,debit_card
7567d342-de8f-4f0a-a112-f6e3dea02bc2,M0237,2023-09-14,29,success,bank_transfer
4e3cf0c2-8018-4c0d-a9a8-277ff2d8fb1f,M0237,2023-10-14,29,success,bank_transfer
652c8b02-6447-4bcf-9d81-bf1bc0a6484f,M0237,2023-11-13,29,success,debit_card
da0c39f6-74c2-4572-b553-81f3eb0e829a,M0237,2023-12-13,29,success,bank_transfer
7d720f6f-d698-4b00-bc03-7e274741a9b9,M0237,2024-01-12,29,success,bank_transfer
aa70031f-ca1e-4bc3-9132-7a137cbefaa7,M0237,2024-02-11,29,success,bank_transfer
835fc422-3bef-4625-a667-532364956b3c,M0237,2024-03-12,29,success,debit_card
7175e4b8-c3f9-4154-8507-d295811deb7c,M0237,2024-04-11,29,success,credit_card
c1f9f2cb-5710-467c-89c5-a6e8344022e5,M0237,2024-05-11,29,success,debit_card
5c2466f0-f1ef-4cc0-b17f-91c75acbe4d3,M0238,2022-07-30,29,success,credit_card
55f666d4-b1e0-48a4-9c39-5a52f72f855a,M0238,2022-08-29,29,success,bank_transfer
c758adc9-e69e-48b1-b8ba-ec9700899862,M0238,2022-09-28,29,success,bank_transfer
ddf3e051-65e4-4520-aedd-5e51d57e9e1e,M0238,2022-10-28,29,success,bank_transfer
33fddbc8-81f8-4a00-b57b-7bdc1a9050b1,M0238,2022-11-27,29,success,debit_card
f1d72e06-42f9-4c54-ac6c-59ab4179cebf,M0238,2022-12-27,29,success,bank_transfer
fd72d180-876d-45a2-b3b0-9dd7db7905a3,M0238,2023-01-26,29,success,debit_card
83e393c2-9c14-4db2-a41a-e6811fa96064,M0238,2023-02-25,29,success,bank_transfer
834447fd-26d3-4b1b-b50a-fa928a3a3c3b,M0238,2023-03-27,29,success,debit_card
6df86fe1-6ba6-4cc3-ac62-0d10ba0f4d8a,M0238,2023-04-26,29,success,debit_card
dee62918-9ac3-4e85-9f75-6025013d21a4,M0238,2023-05-26,29,success,bank_transfer
17bf1008-4038-4eeb-8867-96d9d502303e,M0238,2023-06-25,29,success,credit_card
4c7f06e0-d898-4afe-8868-ecdccb629a36,M0239,2022-12-03,59,success,bank_transfer
40f12aba-3e4d-4652-a88c-33636db32d0e,M0239,2023-01-02,59,success,credit_card
5c27fd41-322d-4f86-a6c9-d9e097c689fc,M0239,2023-02-01,59,success,bank_transfer
10a125fb-7f60-410e-96ce-363a46c8f681,M0239,2023-03-03,59,success,debit_card
d797c9c9-5161-4f08-8981-087f70d32b8b,M0239,2023-04-02,59,success,debit_card
7cd2460b-78e3-47e5-8e7f-83f59fe9bb7b,M0239,2023-05-02,59,success,debit_card
2aebae88-32e2-4104-a76a-77b4f2574390,M0239,2023-06-01,59,success,credit_card
9da4649a-8b90-4044-9b61-9c23374a9d66,M0239,2023-07-01,59,success,credit_card
d10eea9a-cc3b-4bce-9b3b-0d41f269694b,M0239,2023-07-31,59,success,bank_transfer
657ec48c-5a88-4ef0-8e1b-fa01887491a3,M0239,2023-08-30,59,success,debit_card
f3ab0e05-2b6a-44fd-b914-2c09191a61c2,M0239,2023-09-29,59,success,bank_transfer
1faa7144-06ba-4c21-b201-62e3a50b876b,M0239,2023-10-29,59,success,bank_transfer
05cc9e71-5102-4e6a-aa52-56481928b53e,M0239,2023-11-28,59,success,bank_transfer
944a14ff-b441-4648-9f7b-6c8c93ea6048,M0239,2023-12-28,59,success,debit_card
68d94e52-beef-41ed-8a6a-d214fb014790,M0239,2024-01-27,59,success,debit_card
8e2fe3f8-6043-46f4-ac70-d6bb6e6dcfd8,M0239,2024-02-26,59,success,debit_card
00fef0e9-929a-40e6-a546-8374e226c1b9,M0239,2024-03-27,59,success,bank_transfer
9947d065-ac5a-4446-a860-3915f8233a22,M0239,2024-04-26,59,success,bank_transfer
e1701475-55bd-4234-9d5e-6a0a06683cfb,M0239,2024-05-26,59,success,credit_card
7d9d0800-0b12-40ef-bc7d-3f562e5c4c49,M0240,2022-10-11,29,success,credit_card
5c29fc3a-fc41-4f7d-ba2f-2aa406bb43b6,M0240,2022-11-10,29,success,credit_card
55de90e3-9d11-42ea-abca-c0c53e21bb95,M0240,2022-12-10,29,success,bank_transfer
8570d4a3-c97a-4e1e-8a8c-1750a9c48e04,M0240,2023-01-09,29,success,bank_transfer
ed1474da-3e0e-41ed-a357-a0a98741978d,M0240,2023-02-08,29,success,credit_card
f18c933f-73fd-42c0-ac3e-db9ee0e41217,M0240,2023-03-10,29,success,bank_transfer
aad8ed00-11de-443e-a8a2-c901eef49ac7,M0240,2023-04-09,29,success,debit_card
7a72f438-386d-4653-899e-bbc21823d92d,M0240,2023-05-09,29,success,debit_card
71be10e8-5fa2-4cf4-b781-14be9dfdea53,M0240,2023-06-08,29,success,debit_card
56c85dd4-85c6-4bc2-a478-3eb49e817e2a,M0240,2023-07-08,29,success,bank_transfer
27750d63-6edb-4747-b192-1bd48db717fb,M0240,2023-08-07,29,success,bank_transfer
2ab8f11c-af91-4c2e-ba6e-a0ffa906434c,M0240,2023-09-06,29,success,bank_transfer
98019a53-ca38-4c0b-99e8-518d4e3c892f,M0240,2023-10-06,29,success,debit_card
b8d27bb7-7e76-4b8c-a135-73e02a5cabac,M0240,2023-11-05,29,success,debit_card
c801a0f6-a309-41c3-9347-5e680f156daa,M0240,2023-12-05,29,success,bank_transfer
08567eb9-6ceb-4f2c-aea3-eb920503aa51,M0240,2024-01-04,29,success,credit_card
464686d1-f4e2-435c-98b2-ed91603f8e71,M0240,2024-02-03,29,success,bank_transfer
0c69ff53-f9ab-442e-be1f-8a6970f82081,M0240,2024-03-04,29,success,bank_transfer
942ed6f9-1246-4230-bc7e-37b5cdc8b87a,M0240,2024-04-03,29,success,credit_card
6e5619e5-8a22-444e-9797-e325b0b89129,M0240,2024-05-03,29,success,debit_card
b82e61df-643e-41ec-a5d0-adfcd7fe1ff1,M0241,2022-09-14,29,success,credit_card
3dc7d8a0-d13d-4e7d-ab82-2436ce94f472,M0241,2022-10-14,29,success,bank_transfer
f2d80134-8c42-42ee-b8cf-e64b26da64b5,M0241,2022-11-13,29,success,bank_transfer
78790c33-7f85-4f31-965c-6b83c2e94e3c,M0241,2022-12-13,29,failed,bank_transfer
288d7482-55c7-4ba4-a578-aab208675129,M0241,2023-01-12,29,success,credit_card
71521921-db94-4bbc-8f2f-f92dbb2bb323,M0241,2023-02-11,29,success,credit_card
8da43f45-80e1-40c6-934a-b118732d04ad,M0241,2023-03-13,29,success,debit_card
ebd67e3e-4434-419a-833c-2a92d4b0064b,M0241,2023-04-12,29,success,credit_card
2b9b1ac1-8bc9-4eab-8358-06105b06a6f8,M0241,2023-05-12,29,success,credit_card
c3e4f1e8-4732-423a-a0c9-a5ace7af440b,M0241,2023-06-11,29,success,debit_card
1370b7f3-6323-4c17-a835-80e405663512,M0241,2023-07-11,29,success,credit_card
d094aa14-153c-40ba-8940-031ada6863f6,M0241,2023-08-10,29,success,bank_transfer
ae5c3119-2dda-4cc6-a53c-08b624c9cd65,M0241,2023-09-09,29,success,bank_transfer
f470aee0-c4b8-4639-a314-2994eb804adb,M0241,2023-10-09,29,success,credit_card
667a30a0-edd4-4325-ac60-25a030d7030b,M0241,2023-11-08,29,success,debit_card
4868d961-e67b-49a3-9344-99b00b954403,M0241,2023-12-08,29,success,credit_card
2aaf31b8-148f-4571-90ea-9ca48302cf88,M0241,2024-01-07,29,success,debit_card
78b5374a-d838-41bf-87c3-896653aaf75d,M0241,2024-02-06,29,success,bank_transfer
c3455e0b-088c-4fed-83b8-ddb4dd4d0ac7,M0241,2024-03-07,29,success,bank_transfer
cdcf1a93-ad92-445c-bad8-e8dc56e12e7f,M0241,2024-04-06,29,success,bank_transfer
23a1a240-cf21-4058-b5df-4a5d544ee760,M0241,2024-05-06,29,success,bank_transfer
8121d553-017f-4a62-8959-a572f8d3fb94,M0242,2022-01-16,59,success,debit_card
d7700f58-1493-49fb-b2b3-916afad6ed73,M0242,2022-02-15,59,success,bank_transfer
b6cadcfb-edd5-4500-8891-b5886497df9c,M0242,2022-03-17,59,success,bank_transfer
fe6630de-b38b-4b95-af3c-a53fb2dea3f5,M0242,2022-04-16,59,success,debit_card
2c3b8834-16e5-4903-baa7-c80548cde202,M0242,2022-05-16,59,failed,credit_card
7b370685-ced1-41e9-8898-eb226dd30ef7,M0242,2022-06-15,59,success,debit_card
059d5296-011b-4d6b-b92c-8f87904cd9e6,M0242,2022-07-15,59,success,bank_transfer
e04c5117-6cef-4f11-85b4-afbf197317de,M0242,2022-08-14,59,success,bank_transfer
61052e69-e03e-47f1-8f26-1d2d2d412836,M0242,2022-09-13,59,success,bank_transfer
b597d172-5047-45c8-b850-08f31684342b,M0242,2022-10-13,59,success,bank_transfer
672bc173-69c3-42f9-aaaa-1211f984d9ac,M0242,2022-11-12,59,success,bank_transfer
b7c6c820-65f3-4178-87c3-1571f5695187,M0242,2022-12-12,59,success,debit_card
3666538a-171c-40f0-add0-4b24dd5f7421,M0242,2023-01-11,59,success,bank_transfer
450dfa85-855a-4c67-9ac0-4e23bc4bb1cd,M0242,2023-02-10,59,success,bank_transfer
48446e1d-0ae3-4f85-958d-1b84a5037918,M0242,2023-03-12,59,success,debit_card
b1c2dea9-f303-4963-96c7-4b91b34396d3,M0242,2023-04-11,59,success,bank_transfer
3954c2b2-c53b-4bf3-bd7e-bb1049c6f5c6,M0242,2023-05-11,59,success,bank_transfer
11aec8e3-2f8d-4b90-afcd-a124f46d3948,M0242,2023-06-10,59,failed,bank_transfer
91ed8b49-c555-4f6f-9c3f-b37496f79f06,M0242,2023-07-10,59,success,bank_transfer
6b48c73b-e27c-4878-9cda-4467a245751f,M0242,2023-08-09,59,success,bank_transfer
c653ac9c-df6f-4b55-9705-8d5455ea6522,M0242,2023-09-08,59,success,bank_transfer
576f7994-0b81-4b95-8e25-e1b98485493b,M0242,2023-10-08,59,success,bank_transfer
e14354cb-1b8e-4735-8f7e-95889f4dc039,M0242,2023-11-07,59,success,credit_card
f0b591af-5956-44e4-bfe4-8681c206ccc6,M0242,2023-12-07,59,success,credit_card
c26d41ad-2ee0-4267-b383-745be0adc2a9,M0242,2024-01-06,59,success,bank_transfer
d700bd7a-cb5a-4490-b398-01350b8f2124,M0242,2024-02-05,59,success,credit_card
e5487cc7-62fa-40c8-9779-042423b52a49,M0242,2024-03-06,59,success,debit_card
31952814-94a1-47dc-a8d8-b031baf746ba,M0242,2024-04-05,59,success,credit_card
6b8c4321-90b4-4672-9bd5-d650a53cc421,M0242,2024-05-05,59,success,bank_transfer
5f160328-5ba8-47ca-8397-1fa37e0e438a,M0243,2022-01-17,29,success,bank_transfer
50c45f17-72ff-4289-82b7-ae842a6483fb,M0243,2022-02-16,29,success,credit_card
c7583d1e-3df7-4468-a8f3-7ec29c5afc37,M0243,2022-03-18,29,success,credit_card
b045f358-9eca-445b-a896-70eeb3063ff5,M0244,2022-04-27,29,success,debit_card
3c150fcf-ccf1-46e2-b4d4-1dc167a327fb,M0244,2022-05-27,29,success,credit_card
d37b8cfb-f7a7-41d7-a7be-ac13e577613e,M0244,2022-06-26,29,success,bank_transfer
6a02f239-65cf-4fb0-9601-8ed4daf8475c,M0244,2022-07-26,29,failed,debit_card
f01a2376-cf58-444a-84d7-8015321ef6c7,M0244,2022-08-25,29,success,bank_transfer
10d0c168-2282-4333-b897-7d52df047181,M0244,2022-09-24,29,success,debit_card
2d30b5ae-ae78-4b71-8bea-23e62aefb93c,M0244,2022-10-24,29,success,debit_card
11898436-2d3e-4311-99de-1d898de1a804,M0244,2022-11-23,29,success,debit_card
a580a5c7-2235-4e09-af04-e7a712edc5df,M0244,2022-12-23,29,success,bank_transfer
6d24577b-b0c0-45b9-b8f8-761f10d93bb9,M0244,2023-01-22,29,success,debit_card
206bd292-3341-4743-8957-288f690b8d80,M0244,2023-02-21,29,success,bank_transfer
b91a7cdf-ffda-4571-986e-9cd75a841b93,M0244,2023-03-23,29,success,credit_card
be3aaf15-5bcc-4d9a-b8f9-c8d2b4d5a404,M0244,2023-04-22,29,success,credit_card
4dbae797-911d-44c6-8e84-24cd1072216b,M0244,2023-05-22,29,success,credit_card
087bf07c-8699-42c5-8a70-d6e85fb34e3c,M0244,2023-06-21,29,success,credit_card
d70b747f-978f-4e40-9197-8de037357859,M0244,2023-07-21,29,success,bank_transfer
922e1bef-b6d7-42e8-85f9-80b0fc2b7553,M0244,2023-08-20,29,success,bank_transfer
7f166194-9527-495e-a39d-65380ee7e502,M0244,2023-09-19,29,success,credit_card
52b9ecda-d9a6-486b-b469-f0311b6d38ad,M0244,2023-10-19,29,success,debit_card
49c29a67-e672-4c64-bb51-66665ca46861,M0244,2023-11-18,29,success,debit_card
ca17b394-701d-4206-9852-337ebbd353bf,M0244,2023-12-18,29,success,bank_transfer
7d0c7196-69d3-41d0-98af-0359436098f0,M0244,2024-01-17,29,success,debit_card
dafa2f31-273d-40ff-a826-02a9bce86ff6,M0244,2024-02-16,29,success,debit_card
e66a1bee-4788-446d-b874-19fb1b0f7270,M0244,2024-03-17,29,success,bank_transfer
1f8a84c3-255b-4f1d-8775-d2d909793617,M0244,2024-04-16,29,success,credit_card
64501d57-cd38-4f3e-8db9-16429d7ba204,M0244,2024-05-16,29,success,bank_transfer
3b02207f-d1e1-4d0a-9875-51e7a8ad5a8f,M0245,2023-08-31,29,success,bank_transfer
34f95279-f6e2-4798-9aa6-520ee32176b9,M0245,2023-09-30,29,success,credit_card
a4d312c0-e525-4c07-8f63-94697c956bf9,M0245,2023-10-30,29,success,bank_transfer
a350c719-ff67-4c16-a655-058f95f7ed75,M0245,2023-11-29,29,success,bank_transfer
c44be2dc-e90c-401c-a601-d4822ca5f98d,M0245,2023-12-29,29,success,debit_card
c4a6bfa6-9958-48b6-86b6-5f22a6874bb8,M0245,2024-01-28,29,success,debit_card
bfd57daa-440a-49af-a083-f400de6808ce,M0245,2024-02-27,29,success,debit_card
ac24421c-6996-4718-9e47-267cfa67dc2a,M0245,2024-03-28,29,success,bank_transfer
cd0a7a4d-698b-4862-afd1-16a2d77d5007,M0245,2024-04-27,29,success,debit_card
251a3a1c-909f-44e8-9452-2c358a2ad49f,M0245,2024-05-27,29,success,credit_card
fcd83ae6-6b02-4c86-a739-fb68b4b03f99,M0246,2023-11-06,29,success,debit_card
2d9cc55f-4d93-4ba6-a84d-c25ef379c624,M0246,2023-12-06,29,success,bank_transfer
566b5103-c925-4bb7-b5e2-913e4dbcc845,M0246,2024-01-05,29,success,debit_card
c6742b91-7a9e-48a9-8bff-4de50d991482,M0246,2024-02-04,29,success,credit_card
c5845307-739c-4acf-9472-e3e0a689fcf9,M0246,2024-03-05,29,success,credit_card
4f89f5d2-a4e5-4cf1-b999-68b711cf4fa2,M0246,2024-04-04,29,success,credit_card
4f7a6a99-53f4-4214-8bd3-5e54fc240eb1,M0246,2024-05-04,29,success,credit_card
50aeb778-5227-4d3f-8f07-3ca659f219dd,M0247,2023-05-06,29,success,credit_card
9bfda65d-c4e0-497e-a002-9e226d112bdf,M0247,2023-06-05,29,success,credit_card
b6b42ddb-0262-41bd-b381-a48175b37d04,M0247,2023-07-05,29,success,bank_transfer
d248e245-947e-43aa-a822-37dcdb471b72,M0247,2023-08-04,29,success,bank_transfer
2c4e30d9-0d26-4b0b-af99-2ce31729b787,M0247,2023-09-03,29,success,debit_card
3074be9a-0ce7-4aba-be55-95cf63babb79,M0247,2023-10-03,29,success,debit_card
386fa481-6ec0-40f5-8877-1f646fc90fdd,M0247,2023-11-02,29,success,debit_card
58b27e32-7ba1-4360-9fe6-d9ea40016c70,M0247,2023-12-02,29,success,bank_transfer
913a8d39-e93e-4689-94e9-1dd9090018ff,M0247,2024-01-01,29,success,credit_card
3ab2ee83-39bb-4ea3-9a25-f5a94f66fe5b,M0247,2024-01-31,29,success,debit_card
89ff771f-4358-4dc9-9549-f8633349da90,M0247,2024-03-01,29,success,bank_transfer
08fe7bf4-505a-4e7d-8f2a-6fe1545e574d,M0247,2024-03-31,29,success,bank_transfer
ff803fc2-df94-4e15-b7bc-5cfce6b854f4,M0247,2024-04-30,29,success,debit_card
48a0f62c-3bc3-4463-a34c-8b79eaa6f596,M0247,2024-05-30,29,success,credit_card
7f02c52d-177a-4f6e-8173-8809c58476f2,M0248,2023-12-31,29,success,bank_transfer
bb5571b8-2eb4-4c40-8143-dbf234efecdb,M0248,2024-01-30,29,success,credit_card
70ddba86-13f1-4c8d-8f4d-d23f8af74c0b,M0248,2024-02-29,29,success,credit_card
ab06d40c-3b2e-49ad-93c0-5fed949764d0,M0248,2024-03-30,29,success,bank_transfer
abf2a489-6704-4c77-aa73-ae953df16811,M0248,2024-04-29,29,success,bank_transfer
e9a3d6d0-bf09-4d8e-92db-fb36a509adc9,M0248,2024-05-29,29,success,debit_card
d01c07c5-590e-4b92-adf0-b0e82649caee,M0249,2023-09-15,29,success,credit_card
24f44be8-65c4-4b53-8554-0b671236b4d9,M0249,2023-10-15,29,success,debit_card
b81eb387-f014-4928-8329-c2ee65df4cf8,M0249,2023-11-14,29,success,credit_card
2403819b-2c1a-4759-a148-e4547577449c,M0249,2023-12-14,29,success,debit_card
379f0383-1a57-4834-af09-1ff332078296,M0249,2024-01-13,29,success,bank_transfer
ba2369b9-71fd-4cb9-aa64-39b69ef90dbd,M0250,2023-07-16,29,success,debit_card
b94d00af-1c0b-438f-9f0a-a50515b9ee7e,M0250,2023-08-15,29,success,bank_transfer
c48b0da8-78b4-4104-926c-2a8dbde216a3,M0250,2023-09-14,29,success,credit_card
ceaa6ddf-6bdd-45ac-a3fe-4785498627a8,M0250,2023-10-14,29,success,credit_card
52446a97-4e85-4c79-a420-becb98768ed6,M0250,2023-11-13,29,success,debit_card
565474a5-9a47-43dc-ae62-59257bb8ef6a,M0250,2023-12-13,29,success,credit_card
415ad174-912a-4aac-a5f6-96f0991643bc,M0250,2024-01-12,29,success,credit_card
f01547f7-ac12-44ee-9087-a06db22b6e50,M0250,2024-02-11,29,success,credit_card
20ca7ba0-bf4e-48c5-b8a6-7b0d4c408585,M0250,2024-03-12,29,success,credit_card
3169b993-590c-43ad-8623-d6257239d8cd,M0250,2024-04-11,29,success,debit_card
c6b6ab80-bdee-47d5-b45b-dc19a6536d21,M0250,2024-05-11,29,success,debit_card
ae3dbaed-7896-4e1a-a838-5005e94d3de0,M0251,2022-10-29,59,success,credit_card
76a0a374-f5d8-42e9-8645-9e3e20f39ec1,M0251,2022-11-28,59,success,debit_card
57c22313-660b-49f0-8ad0-4757205483d7,M0251,2022-12-28,59,success,bank_transfer
07e62732-706d-4345-a73d-cf9bd406868a,M0251,2023-01-27,59,success,debit_card
b5e0c605-d002-4d85-a32f-65255e5bf808,M0251,2023-02-26,59,success,bank_transfer
542f4bd0-df4c-4445-8feb-60ac97ff07c6,M0251,2023-03-28,59,success,bank_transfer
d4289278-2ba1-46d6-aa63-c1c863f612de,M0251,2023-04-27,59,success,credit_card
be383344-2822-47b3-9860-b3f7347f5f3c,M0251,2023-05-27,59,success,bank_transfer
0db67de3-6b29-4e42-8b5f-6b76e60d3dbf,M0251,2023-06-26,59,failed,debit_card
a7e1cfd8-23d8-419e-8d6e-422d133d0648,M0251,2023-07-26,59,success,bank_transfer
47dd7596-18f4-4a39-9675-cd5439ed2ec6,M0251,2023-08-25,59,success,bank_transfer
f8b8f460-b001-4c0e-ba9a-47ff309cc511,M0251,2023-09-24,59,success,bank_transfer
23003290-9da9-4caf-865a-165144c93802,M0251,2023-10-24,59,success,credit_card
d5014d77-0725-4f20-989a-67708f1e71b3,M0251,2023-11-23,59,success,credit_card
9a7989a2-2f1f-41c8-99c1-620e3bd37ec3,M0251,2023-12-23,59,success,bank_transfer
bcb09156-9186-4b00-93bc-8201a5d98f09,M0251,2024-01-22,59,success,credit_card
a6cb020b-df1d-49b7-9f9d-a55237f402c9,M0251,2024-02-21,59,success,credit_card
7648463e-5272-41d8-9431-bd4ae6c97f77,M0251,2024-03-22,59,success,credit_card
f8f0c425-854e-4287-9512-07ac0a675579,M0251,2024-04-21,59,success,debit_card
00dee730-6c96-4f0a-a0f2-1f3651348601,M0251,2024-05-21,59,success,credit_card
69e90644-296e-4df5-a01e-a8dcb38a8595,M0252,2022-04-28,59,success,bank_transfer
39d73b6a-6c2f-4375-9bc6-8e2c9e4e76ca,M0252,2022-05-28,59,success,bank_transfer
009c5f0c-ceb9-433c-b2dc-a2a80f50746a,M0252,2022-06-27,59,success,credit_card
6f7b22fa-628c-40a4-a91d-fcc8e555bf1d,M0252,2022-07-27,59,success,debit_card
9f3ea3a9-22f0-4c81-9c0c-c84e33d27364,M0252,2022-08-26,59,success,credit_card
218228ff-b5ae-4c40-8751-4d46adaf1e85,M0252,2022-09-25,59,failed,bank_transfer
2d4954f7-9ef5-4e32-b703-f93c8f844987,M0252,2022-10-25,59,success,credit_card
1d314bed-d74a-4f1e-b289-6ec6c7461ea2,M0252,2022-11-24,59,success,bank_transfer
14805c62-3851-4453-87d5-ae578643df75,M0252,2022-12-24,59,success,credit_card
86248cf1-110e-42ce-abea-24d091bde87f,M0252,2023-01-23,59,success,bank_transfer
03df638f-87f4-438d-b2b6-c99f3650e4d1,M0252,2023-02-22,59,success,credit_card
cdfed030-9a73-4410-b42f-cd9ffbc8dbad,M0252,2023-03-24,59,success,bank_transfer
33c5a75b-617d-450e-a507-9c0f4cff6df7,M0252,2023-04-23,59,success,debit_card
facddb69-7d56-4bbf-bc4f-07d1d3101bd1,M0252,2023-05-23,59,success,credit_card
fd3ede23-7869-4a49-85af-3c5738c3bde7,M0252,2023-06-22,59,success,bank_transfer
6eee2db0-d17e-4dea-ace1-7632c60c3cba,M0252,2023-07-22,59,success,debit_card
9ae4899b-139f-4204-8cfd-c30acbf18de2,M0252,2023-08-21,59,failed,debit_card
3d3384a6-a5f0-4b33-b977-5d2ee944621c,M0252,2023-09-20,59,success,credit_card
09cd2aa4-26f4-4e6f-97c2-52be7f51badc,M0252,2023-10-20,59,success,credit_card
aead5dcd-5b3f-448e-85a4-6181877c7e6f,M0252,2023-11-19,59,success,debit_card
e549c635-9222-4179-b2aa-024faaee69bd,M0252,2023-12-19,59,failed,bank_transfer
a838b4d9-0a1d-4c36-9326-368053518bc2,M0252,2024-01-18,59,success,debit_card
29cc93df-eca7-4f58-84c1-9c754861c74e,M0252,2024-02-17,59,success,debit_card
dabc2a97-84d4-450c-aedc-584f4baa4632,M0252,2024-03-18,59,success,credit_card
38ee0afc-efc1-4e3f-9719-291883e0faa2,M0252,2024-04-17,59,success,debit_card
5c5b2576-70f4-495d-a7d0-2a42ad1360ae,M0252,2024-05-17,59,success,debit_card
676e1dd7-203f-4635-99ec-685be2e68cf5,M0253,2022-08-09,99,success,debit_card
1a672863-c788-47fa-8641-022e94cce06b,M0253,2022-09-08,99,success,debit_card
24c4e8a0-3dfc-40df-b71b-b1dd1be44397,M0253,2022-10-08,99,success,credit_card
72e8ab39-7f53-4cbc-9366-84164eb373c9,M0253,2022-11-07,99,success,bank_transfer
0389d2dc-dec2-40db-a4e0-6a8e65c05e78,M0253,2022-12-07,99,success,credit_card
375f806f-3da6-4be1-aa61-80039872b80e,M0253,2023-01-06,99,success,credit_card
ac5574b5-db67-4279-9f3a-cef4f17ac03a,M0253,2023-02-05,99,success,bank_transfer
47e52a60-0897-4ac3-a3fa-4d6b69a79057,M0253,2023-03-07,99,success,credit_card
2aeaec5f-e6e6-41e0-8956-bca654788fc0,M0253,2023-04-06,99,success,credit_card
88d0c5af-f8fd-4ea3-b15f-8dbdd30f2eba,M0253,2023-05-06,99,success,bank_transfer
12a82a6b-9456-4cd9-8084-958d6d858d27,M0253,2023-06-05,99,success,credit_card
f0197054-cb5f-4d35-a0f2-fa11a05b9b7c,M0253,2023-07-05,99,success,bank_transfer
eb410d3e-f265-4626-a84c-b21d1c5b8830,M0253,2023-08-04,99,success,bank_transfer
28ca9131-38fb-47db-b54a-d3b7c2e22ea1,M0253,2023-09-03,99,success,debit_card
39f20ab0-700c-42ad-b12c-41046acc43f7,M0253,2023-10-03,99,success,debit_card
749d89f7-b719-4908-86bf-657da9612c51,M0253,2023-11-02,99,success,bank_transfer
2743d26e-5f7a-4f41-ab79-08f83a42b56d,M0253,2023-12-02,99,success,debit_card
2ca14305-22b0-44c7-9445-b2b2fc17dfe1,M0253,2024-01-01,99,success,credit_card
f5fbc027-b186-461f-b0d2-95755881de27,M0253,2024-01-31,99,success,credit_card
f0be5b6c-9c3d-4705-a9ea-1c7c8a455773,M0253,2024-03-01,99,success,bank_transfer
4203bb48-7502-49ce-8d07-bbd33540893e,M0253,2024-03-31,99,failed,bank_transfer
077c870a-698a-4c8e-8a49-ceb4c63fa7ad,M0253,2024-04-30,99,success,bank_transfer
38ddfac6-7cb0-4323-a999-1a39d44e74f6,M0253,2024-05-30,99,success,debit_card
39309c1b-d1fc-4e7d-beae-dd4181f25a6f,M0254,2023-04-10,59,success,bank_transfer
8ba73fc5-2edf-4b5d-92c6-ddb2e8a7d41f,M0254,2023-05-10,59,failed,debit_card
caf6d448-6277-4562-9395-ff517d09a741,M0254,2023-06-09,59,success,debit_card
ea8ecfe9-9ff1-42b7-bd5c-c905ec3c246b,M0254,2023-07-09,59,success,debit_card
084c4a92-7b6f-4903-a7ad-263d75f1bb92,M0254,2023-08-08,59,success,credit_card
e53f729e-0562-49c2-9dae-d2bf4dae9047,M0254,2023-09-07,59,success,credit_card
0224425c-76c1-4bba-bece-86fc5ffbca42,M0254,2023-10-07,59,success,credit_card
0984ef8c-93df-40dd-b04d-75bf2f66ab2c,M0254,2023-11-06,59,success,bank_transfer
2049e282-247e-4f8c-bf14-4c968130487b,M0254,2023-12-06,59,success,debit_card
4bb624eb-c13a-40fd-bb3a-69df4a919f03,M0254,2024-01-05,59,success,bank_transfer
3e41c9a9-480d-4d33-8832-144803017c68,M0254,2024-02-04,59,success,credit_card
80f8e7c7-ac7b-4f6f-ab1c-bc2815ad8e07,M0254,2024-03-05,59,success,bank_transfer
db3d3001-702a-4e9d-b251-b667b95084c0,M0254,2024-04-04,59,success,credit_card
c9a51545-f840-4c68-b7ae-b08078487bb2,M0254,2024-05-04,59,success,bank_transfer
3999b9ab-ae8b-43f6-b63f-c8fe13e468c2,M0255,2022-11-17,29,success,credit_card
589b8438-9dd0-4eff-be8d-c189870efe91,M0255,2022-12-17,29,success,credit_card
b1ba3e79-af94-487d-86ed-6cf7f4bb1876,M0255,2023-01-16,29,success,debit_card
c09ab74b-9a77-4435-b77c-e7d62003cf33,M0255,2023-02-15,29,success,credit_card
4853681b-7dff-440a-ad02-9839c774a04b,M0255,2023-03-17,29,success,bank_transfer
dc343454-16cf-4bf0-b64d-cb9c29145bfe,M0255,2023-04-16,29,success,credit_card
6ff45b93-3d1c-4060-9f0e-822f8e7244a4,M0255,2023-05-16,29,success,bank_transfer
7ab47592-9d84-4487-b6c8-f958330476b5,M0255,2023-06-15,29,success,bank_transfer
8a2c2531-816c-45cf-adca-a3191e3580c2,M0255,2023-07-15,29,success,credit_card
696a3428-e2de-4322-90cc-a5dea236054c,M0255,2023-08-14,29,success,debit_card
c8744084-0fe7-4f20-95cc-c437a1584904,M0255,2023-09-13,29,success,debit_card
e2a01f1b-d236-440f-a7bc-206bb75178c1,M0255,2023-10-13,29,success,debit_card
e0abdd77-8b39-4e6a-bc7a-5a0415030112,M0255,2023-11-12,29,success,debit_card
ef5263fe-6324-4a2d-839a-545b91fd2107,M0255,2023-12-12,29,success,debit_card
a4c3fa32-5969-48bc-a43e-abbed3d4a56c,M0255,2024-01-11,29,success,credit_card
893ce67f-2816-43b1-abd0-ddded6bde1df,M0255,2024-02-10,29,success,credit_card
cbd1d0b5-a05a-4cbd-ada0-2ac8ce68828f,M0255,2024-03-11,29,success,credit_card
564465af-8193-452f-9a51-a9aa759f24ec,M0255,2024-04-10,29,success,bank_transfer
60d510bb-e904-421f-b2a4-da83a70560d4,M0255,2024-05-10,29,success,debit_card
c306c096-f623-4d09-bdc1-fd61ce05e3a1,M0256,2023-05-01,29,success,bank_transfer
f85a6036-dc9f-4cfd-b1a1-2a6befba92b3,M0256,2023-05-31,29,success,credit_card
df1c288e-d7cf-4023-a55b-4a5eace32315,M0256,2023-06-30,29,success,debit_card
c1f2b41d-ab8d-4ec1-ad07-0fc6a8b9e4e4,M0256,2023-07-30,29,success,debit_card
44045312-d35b-45f3-88a6-ac2ff5021702,M0257,2023-01-17,59,success,bank_transfer
6b22c4df-5c65-4d40-ad33-54c8980526ff,M0257,2023-02-16,59,failed,bank_transfer
6949ac9c-3e50-41e2-86a7-6f18fe5656c0,M0257,2023-03-18,59,success,credit_card
b3d78e1b-fff2-4cb3-8366-0c26e85ed074,M0257,2023-04-17,59,success,bank_transfer
0be25eca-aff0-41af-9feb-ece21eef46d1,M0257,2023-05-17,59,success,bank_transfer
32209df2-3eac-4c09-988b-7f7b09f95fa6,M0257,2023-06-16,59,success,bank_transfer
a1f8ba22-3d99-45d0-b643-1cabfe7337ef,M0257,2023-07-16,59,success,credit_card
f7369a13-80f8-4817-bd2e-24246bcebac5,M0257,2023-08-15,59,success,credit_card
f36043a2-cb7e-40d8-b644-ae920d60e15a,M0257,2023-09-14,59,success,credit_card
44882880-ef57-4f7e-b398-ff26a156dff8,M0257,2023-10-14,59,success,credit_card
b8733c7c-58f3-4139-8d5d-40353f631a30,M0257,2023-11-13,59,success,bank_transfer
5930e1ed-8c69-4f65-91f2-e1c648902915,M0257,2023-12-13,59,success,bank_transfer
84fb3b56-096d-4993-8b53-6cfede47f46b,M0257,2024-01-12,59,success,bank_transfer
b74c82a7-5baa-457e-8817-bce7a7a540d6,M0257,2024-02-11,59,success,credit_card
37655953-1f95-4fe8-b57c-a06fd51d5c97,M0257,2024-03-12,59,success,credit_card
2704d417-395d-4bdf-8ab5-3d70e433d3dc,M0257,2024-04-11,59,success,bank_transfer
f60967fd-e6a1-4350-a59d-98bf1d18c530,M0257,2024-05-11,59,success,debit_card
360da68e-0bed-42d1-8007-77dcc6a9ead2,M0258,2023-07-30,29,success,credit_card
5d5e42b9-4e36-4d74-8d54-2451270bfa6f,M0258,2023-08-29,29,success,credit_card
654fc097-5539-4c75-8019-e0082fd5f207,M0258,2023-09-28,29,success,credit_card
a12eb10c-1646-4342-b108-97eb5d9cca38,M0258,2023-10-28,29,success,bank_transfer
15716889-43b6-4907-bf2d-c9e5c1444fd2,M0258,2023-11-27,29,success,bank_transfer
8dd2ff18-e594-46eb-920b-369eb4836a25,M0258,2023-12-27,29,success,debit_card
debabfa8-96a9-4c7e-8c95-57482376571f,M0258,2024-01-26,29,success,bank_transfer
11c267b8-9db4-4815-8a33-ab52f6b865e9,M0258,2024-02-25,29,success,debit_card
e26e5243-54b2-42d8-832a-f0ec68f1f93d,M0258,2024-03-26,29,success,debit_card
2fd2a15e-bba4-44ad-b105-a2b38ac31aff,M0258,2024-04-25,29,success,bank_transfer
40861f1f-31e5-4296-89f0-e7df49bb6297,M0258,2024-05-25,29,success,credit_card
a56e2c0c-29c4-419e-8af2-a83e5e8550d1,M0259,2023-03-10,59,success,bank_transfer
e4020a3a-4180-45d9-ae69-499f5ece28ba,M0259,2023-04-09,59,success,debit_card
72536a42-37b4-4185-b84c-74127d9598d7,M0259,2023-05-09,59,success,bank_transfer
84a94148-6c7f-4789-8835-dc4f78641571,M0259,2023-06-08,59,success,bank_transfer
f98c9946-29ec-4386-9272-c4191cd07783,M0259,2023-07-08,59,success,debit_card
956a2096-f5f2-400c-bcf5-0d635bdee915,M0259,2023-08-07,59,success,bank_transfer
0fb89196-de78-4c7b-982d-89be154f25a1,M0259,2023-09-06,59,success,credit_card
c832291a-2f43-48ad-82cd-05e06461deab,M0259,2023-10-06,59,success,bank_transfer
e4020293-9d27-4b9e-9328-09cd3d48820c,M0259,2023-11-05,59,success,debit_card
9c80547d-feca-4d1b-9eb5-5eea68ab87a0,M0259,2023-12-05,59,success,debit_card
43a521da-a188-4916-b07e-d07aa205c0e9,M0259,2024-01-04,59,success,credit_card
070f023a-8f3e-4a07-bf58-6876172eb393,M0259,2024-02-03,59,success,credit_card
cd1b011f-8afa-4de7-a6b0-5d8de44af45d,M0259,2024-03-04,59,success,credit_card
4c56defe-400b-45f8-98fc-920d81b9de0f,M0259,2024-04-03,59,success,bank_transfer
2fc76295-f4f6-48fd-b76b-be6adbebe5ac,M0259,2024-05-03,59,success,bank_transfer
4a1abf5f-ca13-4275-a29a-60df969c876b,M0260,2022-11-16,59,success,debit_card
9b6e1d72-b0d5-477d-ba55-d1aa81d73866,M0260,2022-12-16,59,success,credit_card
bb656a2f-dc62-4df3-9960-d029d2cc13b1,M0260,2023-01-15,59,success,debit_card
0d479d6a-fecf-4b97-a9ca-41a31298aa9a,M0260,2023-02-14,59,success,credit_card
4a3784bc-01d3-4517-b3f1-2d5a2e501cbb,M0260,2023-03-16,59,success,bank_transfer
6fb6b5ce-a3e8-4415-b509-059a06b6018a,M0260,2023-04-15,59,success,credit_card
e33d938a-2fd4-4b93-898d-b349f6144be8,M0260,2023-05-15,59,success,debit_card
54f42fc1-33af-4e9b-a05b-2c2bcff62798,M0260,2023-06-14,59,success,debit_card
65e2b045-fd0b-4512-8300-9784963804a7,M0260,2023-07-14,59,success,credit_card
1ecece96-3543-4326-9ced-13dc5123551a,M0260,2023-08-13,59,success,credit_card
02c7eeea-fe8a-4919-af6a-99749d623b63,M0260,2023-09-12,59,success,credit_card
fd888a13-fc1a-4c91-bfa2-54f905ddf803,M0260,2023-10-12,59,success,credit_card
31073a13-4462-40b5-971c-7c5c9ee46dd3,M0260,2023-11-11,59,success,bank_transfer
2cf5a0ae-0982-4938-868d-b3577180b14f,M0260,2023-12-11,59,success,debit_card
2d0684a1-036a-4c2c-8b33-04bd93484caa,M0260,2024-01-10,59,success,bank_transfer
a4a9c0fc-e612-4954-9846-2b451426a61d,M0260,2024-02-09,59,success,debit_card
c01a9232-8e1e-4b10-85a6-4babbb5ae015,M0260,2024-03-10,59,success,debit_card
4a49afaa-9139-4cd0-b593-d129bf4ecf08,M0260,2024-04-09,59,success,debit_card
14938064-135a-490a-ae89-9076fa20a57c,M0260,2024-05-09,59,success,credit_card
60612451-1831-4b17-b7ec-f7b2afd0d5c7,M0261,2023-11-04,99,success,credit_card
b8ea1bd7-103f-4788-9bb6-c626acdb6726,M0261,2023-12-04,99,success,credit_card
4cf91fc3-402d-4d4b-9884-bacf420c611a,M0261,2024-01-03,99,success,debit_card
0aa3bf9f-95c1-4cfe-bf1f-da30515c18ea,M0261,2024-02-02,99,success,credit_card
28a178ab-3943-4e6e-bc68-55c02b53350e,M0261,2024-03-03,99,success,bank_transfer
b40bc5c3-4be3-4107-bbfc-7f1176b94626,M0261,2024-04-02,99,success,bank_transfer
78f485e1-d7f9-4e5a-b363-544d365c1410,M0261,2024-05-02,99,success,bank_transfer
5d975721-2b75-42f6-8b60-878e9e75c7fb,M0262,2023-01-12,59,success,bank_transfer
b4b61811-d3f7-4816-a1c4-49b240dcca78,M0262,2023-02-11,59,success,bank_transfer
58feaab0-975b-4e13-96f2-89471910c25a,M0262,2023-03-13,59,success,debit_card
4d0dd758-9400-4f83-a6fa-55b61e3b87d5,M0262,2023-04-12,59,success,debit_card
9c7172e5-7a37-4160-8584-1e5a174a668d,M0262,2023-05-12,59,success,bank_transfer
3dbacafd-707b-4ca0-8fa0-5c9c3d2a6e71,M0262,2023-06-11,59,success,debit_card
84d3213c-1672-45fd-9cb6-bcc8ab055a45,M0262,2023-07-11,59,success,credit_card
34766e72-40d0-4f62-bd28-bb760082da19,M0263,2023-09-29,59,success,debit_card
93f6bd4c-d21b-4698-89c7-558d785d2d8c,M0263,2023-10-29,59,success,debit_card
96f455f9-9efc-4302-bc52-8754e00a8434,M0263,2023-11-28,59,success,credit_card
a7e2a691-5171-47c5-ad82-bee857340844,M0263,2023-12-28,59,success,credit_card
6e3944a6-0356-4026-b8c0-97954e3a51fa,M0263,2024-01-27,59,success,debit_card
a1b39140-55d4-46da-9f1c-80f981369190,M0263,2024-02-26,59,success,credit_card
4c5c5992-ee49-4956-a685-09f491405751,M0263,2024-03-27,59,success,credit_card
cb801b7b-62f8-4479-8ff7-434c9747da8b,M0263,2024-04-26,59,success,credit_card
5e9d3a0b-0ea8-4522-83bd-70e9983fe57b,M0263,2024-05-26,59,success,bank_transfer
875184d2-0ac1-4c22-a9fc-400a54d879b1,M0264,2023-11-05,29,success,credit_card
38ab41b7-d71a-49ed-9d87-d969893aa511,M0264,2023-12-05,29,success,debit_card
c0737cb9-9218-4f25-ba35-8a02e13b9f36,M0264,2024-01-04,29,success,bank_transfer
95dfc351-0020-41c1-9851-4deb16924488,M0264,2024-02-03,29,success,credit_card
13ef4e53-3983-4bf6-a164-c58d861f243f,M0264,2024-03-04,29,success,credit_card
8988889b-3a3a-4878-864f-aa5b029cf982,M0264,2024-04-03,29,success,credit_card
92bb897f-fa7c-4305-a1f7-25c9c7b95a76,M0264,2024-05-03,29,success,debit_card
6dae5d10-c158-4bdf-ac1b-3b4aa7094e3a,M0265,2023-12-21,99,success,credit_card
a12dcc6c-72cd-4075-8371-5257bc6a77e1,M0265,2024-01-20,99,success,bank_transfer
5e662284-f581-48d7-80cc-8cf48546dbf9,M0265,2024-02-19,99,success,credit_card
8a630aaf-419f-452d-8875-ac90c3eba0c4,M0265,2024-03-20,99,success,credit_card
f88f1089-98ae-439d-aa50-1d8859bc66df,M0265,2024-04-19,99,success,bank_transfer
9885763e-bb41-423d-a43a-015bcce5ab47,M0265,2024-05-19,99,success,credit_card
d0a4bb44-9bbf-4ac5-8670-26ffc1874e9e,M0266,2022-07-05,59,success,credit_card
bff33bfd-c464-4635-9878-6723048e267d,M0266,2022-08-04,59,success,debit_card
9800759a-5aa3-4fee-94a2-66ac6e871783,M0266,2022-09-03,59,success,credit_card
29c24a40-9dc8-434e-8201-74c5e92b34f8,M0266,2022-10-03,59,success,debit_card
dd3b84a4-a3f2-4e93-bc49-27a99e9c1c82,M0266,2022-11-02,59,success,debit_card
34a4b7a0-879b-4651-bc4f-d6c47615d497,M0266,2022-12-02,59,success,debit_card
22a7b9f2-b144-451b-9f89-87a4f99c7c78,M0266,2023-01-01,59,success,credit_card
8bb78e23-6a1d-46e0-9b8b-7f430d7683f0,M0266,2023-01-31,59,success,bank_transfer
92ac64b2-47d4-48d9-aecb-0b7b4b416565,M0266,2023-03-02,59,success,bank_transfer
6df6b447-0f31-4ed0-9475-6d5539837a0b,M0266,2023-04-01,59,success,credit_card
5e53a8c3-b133-4706-8f5e-b9180a45e852,M0266,2023-05-01,59,success,credit_card
841f409e-01c6-415c-849d-02e373d34621,M0266,2023-05-31,59,success,credit_card
84757b2d-9387-49dc-95d7-6519a6b7c464,M0266,2023-06-30,59,success,debit_card
654a5386-e64d-47c3-8050-9d2d03860850,M0266,2023-07-30,59,success,credit_card
b29d9db3-6af6-49f9-a938-526c427e0cde,M0266,2023-08-29,59,failed,debit_card
6e6bb621-eca6-4dec-9888-bb8ff170e0f0,M0266,2023-09-28,59,success,debit_card
646c787e-cfca-43b7-a4f9-983e7c77e8c5,M0266,2023-10-28,59,success,credit_card
0404413c-55a1-4a96-b47c-054aeee5f927,M0266,2023-11-27,59,success,bank_transfer
1fb924a4-d181-43b0-91d1-126d7df38577,M0266,2023-12-27,59,success,bank_transfer
532123c7-3a6d-40c0-94ea-9a9b35c40eaf,M0266,2024-01-26,59,success,credit_card
9c7815ad-6376-4eec-b341-eecb6187f313,M0266,2024-02-25,59,success,credit_card
fae05d7a-4a1b-476d-a08d-58b994ec5bce,M0266,2024-03-26,59,success,debit_card
71fa9126-2225-4fbb-89a0-a11a20a029eb,M0266,2024-04-25,59,success,bank_transfer
b3dea3b1-c680-462e-9ef1-f9c3334120e4,M0266,2024-05-25,59,success,debit_card
56f2c091-cb14-45d7-b359-573dfc5a6001,M0267,2022-05-26,99,success,credit_card
74cf4e2d-3eb5-492e-b250-0346d3c19c41,M0267,2022-06-25,99,success,bank_transfer
d7b97afe-94bd-490f-a523-5f338a31b1c1,M0267,2022-07-25,99,success,debit_card
f6d445a0-72d3-4342-8566-6431e560b1e3,M0267,2022-08-24,99,success,bank_transfer
d903f5d4-80d9-4a8d-8cc5-44c678f283f5,M0267,2022-09-23,99,success,debit_card
358c9327-030b-41ff-a8a3-cc03f395dd06,M0267,2022-10-23,99,success,bank_transfer
539102eb-32e4-4ab5-b332-9390eb7c1ca5,M0267,2022-11-22,99,success,bank_transfer
0e28292a-1709-4e85-b687-81f3ce6a6db0,M0267,2022-12-22,99,success,debit_card
540ad13a-9986-496d-b4b6-74b80e4b6e1e,M0267,2023-01-21,99,success,debit_card
6f013194-74c2-4f0d-988b-f2173fc6b93c,M0267,2023-02-20,99,success,bank_transfer
baa93b07-ca00-481e-99f1-de68e09bb5b6,M0267,2023-03-22,99,success,debit_card
3fbbd215-59b3-4fa5-aa8d-7996630ce74e,M0267,2023-04-21,99,success,bank_transfer
bfd3556e-fc5e-4a29-beb1-d1b79f6442f9,M0267,2023-05-21,99,success,credit_card
8d4664c8-326b-455c-91ad-2053fa37496b,M0267,2023-06-20,99,success,credit_card
48dd7d08-d489-45f4-88ea-80f747893467,M0267,2023-07-20,99,success,credit_card
b7c0f830-ba44-4837-a7b1-9cacff6276c8,M0267,2023-08-19,99,success,debit_card
c17ae98a-1f22-4e41-aac6-6bb6e45b64ef,M0267,2023-09-18,99,success,debit_card
624512b8-cf68-45a1-8cac-3fbcab04c42b,M0267,2023-10-18,99,success,credit_card
85cb8528-cb95-4321-adfc-ca82a5d31330,M0267,2023-11-17,99,success,bank_transfer
0bfefd91-d760-4260-b913-2706d93dc7f5,M0267,2023-12-17,99,success,credit_card
035536ea-a022-46b7-8d31-25543f0c8949,M0267,2024-01-16,99,success,credit_card
1a966e17-be32-4854-9147-b256ecc739d2,M0267,2024-02-15,99,success,debit_card
52dfc332-cd4f-40ef-9444-6b3ad3d0f5b9,M0267,2024-03-16,99,success,debit_card
8a7a2cd3-aab0-4e2d-928f-7238f52fc5f0,M0267,2024-04-15,99,success,bank_transfer
31ed2c9b-6094-4618-bd8f-b7cee91ce08d,M0267,2024-05-15,99,success,bank_transfer
b1d3b1d4-878e-4752-a54a-541e8bdcd427,M0268,2023-06-28,29,success,debit_card
ba0074b2-0111-438d-86d0-65f4a3f8f316,M0268,2023-07-28,29,success,bank_transfer
85d070c3-886e-4500-b832-5259506cb1ce,M0268,2023-08-27,29,success,debit_card
a0cb1350-7ecd-4b42-b17b-87b4d036e499,M0268,2023-09-26,29,success,debit_card
31d97c58-15e0-40eb-aae3-23e9a7e6feab,M0268,2023-10-26,29,success,debit_card
cede62e9-8092-40b1-aa2e-ffc19ab16569,M0268,2023-11-25,29,success,credit_card
3698edc7-c738-4874-9b2f-421022477105,M0268,2023-12-25,29,success,bank_transfer
5f99befc-9a11-497f-b512-a741859025fc,M0268,2024-01-24,29,success,bank_transfer
055af6e0-aeed-4ea6-9d01-f9fba71a8526,M0268,2024-02-23,29,success,bank_transfer
0067648d-3022-4889-9b78-10202e5ff960,M0268,2024-03-24,29,success,credit_card
8e10b995-bc76-464c-8508-2c21e1988520,M0269,2022-11-16,59,success,credit_card
d4c696ac-5c3f-4dd8-99af-40ec117b064a,M0269,2022-12-16,59,success,credit_card
eb25dea7-4601-4a9d-b5ea-5b72701d2f03,M0269,2023-01-15,59,success,credit_card
f9d173ce-f28b-44b2-adba-b87997046d9a,M0269,2023-02-14,59,success,debit_card
9506c85c-d0db-4150-a9d5-ff27214270fa,M0269,2023-03-16,59,success,credit_card
1bd4f992-fef9-4a17-af86-8f5d5d7682a1,M0269,2023-04-15,59,success,debit_card
8dd4f3d6-257d-4a60-bf3d-97febf8f6b5d,M0269,2023-05-15,59,success,credit_card
18e00b24-3218-4081-a367-3d06d0277500,M0269,2023-06-14,59,success,credit_card
85da8957-436d-4bdd-aeff-1f29cc056567,M0269,2023-07-14,59,success,bank_transfer
a9e9b66b-ba31-4b6c-9b06-bd2ef3f41b41,M0269,2023-08-13,59,success,debit_card
506181d4-40fd-499f-b973-add7e4ea670b,M0269,2023-09-12,59,success,credit_card
2ce3ce26-fdbd-408f-ab4e-942e0b231064,M0269,2023-10-12,59,success,credit_card
bfd833b2-1f14-4c6b-9911-f483d3e1b32b,M0269,2023-11-11,59,success,bank_transfer
8de015c8-63b1-4f92-ac5f-f094b0188b33,M0269,2023-12-11,59,success,debit_card
7a14a0a0-dfa9-4de4-b75c-2756ea138463,M0269,2024-01-10,59,success,bank_transfer
580ee8fd-274f-4911-a4d7-d7b7043958fe,M0269,2024-02-09,59,success,debit_card
89d8913e-6b8c-4d6f-bea0-65a41767d56e,M0269,2024-03-10,59,success,credit_card
3abcb0ed-c767-45a1-b047-e43f77de3d9d,M0269,2024-04-09,59,success,credit_card
814545cb-28cb-402a-b1ac-7a07e4343a91,M0269,2024-05-09,59,success,bank_transfer
be70715e-c284-4e00-be63-0093b09cbc60,M0270,2022-03-28,29,success,credit_card
6716227a-0c75-4def-a634-2acac64f6876,M0270,2022-04-27,29,success,credit_card
ad9cfe58-3984-4611-9101-9589d471576d,M0270,2022-05-27,29,success,credit_card
b5d69827-44db-44d1-a36f-66235f8d3a37,M0270,2022-06-26,29,failed,debit_card
92692617-8d86-419b-bbe6-e68f639e9e5a,M0270,2022-07-26,29,success,credit_card
8845d204-49b7-4958-b4ce-5aa0be470879,M0270,2022-08-25,29,success,credit_card
d9930f91-1578-45d7-8985-6cfcc1b2aefd,M0270,2022-09-24,29,success,bank_transfer
e5cb2729-a618-4544-9568-595644f2b993,M0270,2022-10-24,29,success,debit_card
8316ac32-dae6-4f96-a89a-772cb4974386,M0270,2022-11-23,29,success,debit_card
bb630ae2-8e5c-4085-ad08-cbd2220f079d,M0270,2022-12-23,29,success,bank_transfer
09733264-23e4-4cb2-ad76-8b677e3c63d4,M0270,2023-01-22,29,success,debit_card
554c434c-460e-4d0a-8bc1-c37e7e4154ed,M0270,2023-02-21,29,success,credit_card
81217fe0-8069-45d5-873b-9a4d3bbc4e91,M0270,2023-03-23,29,success,credit_card
aa5f79e3-5fa5-41a2-934f-ccf58d5992a4,M0270,2023-04-22,29,success,credit_card
a7973695-f14b-4495-9bac-b390ae0b1764,M0270,2023-05-22,29,success,credit_card
dcf453f4-0092-47fc-8c72-82dc828b38d0,M0270,2023-06-21,29,success,debit_card
47069a01-b83e-45d6-9688-d2867b6a6da1,M0270,2023-07-21,29,success,debit_card
83c5509c-4907-44d9-96f3-f1377df340d2,M0270,2023-08-20,29,success,debit_card
6968088f-c3d1-4424-8e8d-40bf83ba1795,M0270,2023-09-19,29,success,bank_transfer
c95d1e93-f851-4a7c-a10f-7d2e414a3a85,M0270,2023-10-19,29,success,credit_card
362df0bf-39c3-4c7c-861c-29591f6bd454,M0270,2023-11-18,29,success,credit_card
a4a2b1f0-983a-4c61-b8c3-2cc04a7140b1,M0270,2023-12-18,29,success,credit_card
dcc40494-fa86-4c7d-86ab-dcf24e3a8f14,M0270,2024-01-17,29,success,credit_card
86655efa-2841-4bca-9f87-0d66a4f22f58,M0270,2024-02-16,29,success,debit_card
3f6948df-7c83-4206-8d6a-39267395e5f4,M0270,2024-03-17,29,success,credit_card
8cdb54da-d600-4dfe-bba4-78e0f4d01c67,M0270,2024-04-16,29,success,bank_transfer
4b65aa44-25b8-41b7-b6c9-f76855d43a46,M0270,2024-05-16,29,success,bank_transfer
b5c92738-6dd5-4984-9aa5-92e5a00641ff,M0271,2023-11-22,59,success,bank_transfer
b26c204c-48f2-404d-9a39-9f88ebf8e7de,M0271,2023-12-22,59,success,debit_card
2e0e9d24-edad-45bb-bb0d-71f0a476ed48,M0271,2024-01-21,59,success,debit_card
8cad5e22-d602-4100-802d-0228f38adfe9,M0271,2024-02-20,59,success,credit_card
35a32e13-1012-43f1-b151-54c456dab4fe,M0271,2024-03-21,59,success,debit_card
7849aa43-2082-4095-80b6-97055d6b48f1,M0271,2024-04-20,59,success,credit_card
8496f90b-b2c4-4b4b-a03b-b7069042b98d,M0271,2024-05-20,59,success,credit_card
05b03841-52f7-476d-8df8-2ecf7578104d,M0272,2023-03-29,29,success,bank_transfer
b1a1bfdf-06d6-4706-bb0e-95e7637d0f9e,M0272,2023-04-28,29,success,debit_card
a1e5f2b2-3d66-49e6-ba15-0f7d5fc5f079,M0272,2023-05-28,29,failed,debit_card
802689c5-6876-4179-9ee7-258a6ce277f7,M0272,2023-06-27,29,success,credit_card
d30c4176-7903-453a-bf64-97a973ac4222,M0272,2023-07-27,29,success,bank_transfer
85f9a39e-be6e-401c-b368-3acfdb966583,M0272,2023-08-26,29,failed,debit_card
d5034de1-b627-4b7b-92ea-de68df88b68c,M0272,2023-09-25,29,success,credit_card
c35bceec-df30-48d6-b73e-5b7881e90b87,M0272,2023-10-25,29,success,credit_card
4a8d2557-c9bb-445e-aa8d-6d88eb966f9a,M0272,2023-11-24,29,success,credit_card
70bd241d-5a97-4f3d-810f-d5e9a285fcb8,M0272,2023-12-24,29,success,bank_transfer
ffae75fc-a187-43fc-9bf6-be2bc02cf7cd,M0272,2024-01-23,29,success,debit_card
83cd48b1-7646-43d6-ba2c-9282bf3d852b,M0272,2024-02-22,29,success,debit_card
288ae05a-dbf2-475c-a8ae-c9fb5032ec3e,M0272,2024-03-23,29,success,debit_card
9fa734db-cee1-4ec0-8c92-5fb29e91e53c,M0272,2024-04-22,29,failed,debit_card
b9ff0029-7f93-478f-aabd-4294b97d34de,M0272,2024-05-22,29,success,debit_card
847b2f63-5bb9-42d2-81c2-960c6e04571e,M0273,2022-12-20,29,success,debit_card
ebedfa41-0f06-481b-b105-095ae41c76a8,M0273,2023-01-19,29,success,bank_transfer
526d8bd8-2854-4322-8b97-813923e899c4,M0273,2023-02-18,29,success,credit_card
ae51360b-7261-4139-bc74-fddbc2bb2c2b,M0273,2023-03-20,29,success,credit_card
48a94b89-5795-48ee-9f48-acef0d438e8f,M0273,2023-04-19,29,success,bank_transfer
d7e25999-f3d9-49b7-8a74-40ce92f8c141,M0273,2023-05-19,29,success,bank_transfer
36db4f76-57c2-4eff-82de-5cbfd2080557,M0273,2023-06-18,29,success,credit_card
5c418f13-b9bf-4382-b9ec-3e48621529f7,M0273,2023-07-18,29,failed,debit_card
c532ee7b-d10d-4a19-b274-b6b3c02de9fe,M0273,2023-08-17,29,success,credit_card
3656f429-91e2-43ac-af81-df45c3bf4f88,M0273,2023-09-16,29,success,credit_card
e20d296d-ba40-4112-8887-ca9424c75f75,M0273,2023-10-16,29,success,credit_card
53889ff1-0a4f-451c-bc2b-fb1d340c4e69,M0273,2023-11-15,29,success,credit_card
dcef4913-508c-4671-a782-9644b405c368,M0273,2023-12-15,29,success,credit_card
2fe73e45-3c58-4b01-b4a2-267f56060231,M0273,2024-01-14,29,success,bank_transfer
335018c1-fca2-4399-a367-fff34b5d3d1b,M0273,2024-02-13,29,success,bank_transfer
81887942-73b6-4d60-80eb-aaf5e3eff574,M0273,2024-03-14,29,success,bank_transfer
75f8f146-8640-4b2d-ac67-8cb6eef4b384,M0273,2024-04-13,29,success,bank_transfer
2d05f8a6-fd1e-4cba-a90b-678506e6db64,M0273,2024-05-13,29,success,bank_transfer
c299124d-fef9-4094-b525-515a0a257934,M0274,2023-05-14,29,success,debit_card
349876cd-6ccd-42f6-a30e-44ee1d9606d4,M0274,2023-06-13,29,success,credit_card
b63489ad-23e3-4f4d-94c2-c2fd5b116be4,M0274,2023-07-13,29,success,debit_card
21f1e556-0602-4e81-b0ca-99cb0d658bd2,M0274,2023-08-12,29,success,debit_card
4cbc11e8-e1d3-40e5-959c-32a43b7f9d37,M0274,2023-09-11,29,success,bank_transfer
bda16cae-4a70-4ce1-9e2c-d5d713fe0c19,M0274,2023-10-11,29,success,debit_card
1c4dd8a0-f46e-4841-a98c-e3101cdfa4df,M0274,2023-11-10,29,success,bank_transfer
8d3504e0-946b-4ab9-8d8a-62e114deb61f,M0274,2023-12-10,29,success,credit_card
9a27cd4f-0b19-4c81-95ce-33866dbc8675,M0274,2024-01-09,29,success,debit_card
e2763aac-ece8-482b-ab5c-fcad7fbde145,M0274,2024-02-08,29,success,credit_card
17d2202f-10b5-419f-be58-e2ac959e1cd3,M0274,2024-03-09,29,success,debit_card
acb0f199-a7cb-4fdc-a2b0-e91f49ab4beb,M0274,2024-04-08,29,success,credit_card
abe47745-55a5-4c8c-980a-cb01079ab960,M0274,2024-05-08,29,success,debit_card
14fe57f7-119e-4300-8254-d12525e0be74,M0275,2023-09-06,29,success,debit_card
d18d61e2-1583-4b34-8fed-e48ac6fc7de8,M0275,2023-10-06,29,success,debit_card
223f52fc-eb09-4912-8a38-78076beee46f,M0275,2023-11-05,29,success,debit_card
b61295fc-b0a2-4cf8-8080-c6e23c3954ff,M0275,2023-12-05,29,success,credit_card
115d4528-3af1-4dd2-843d-47db750840ad,M0275,2024-01-04,29,success,debit_card
c574d6db-e264-43a9-a5b7-44efa4d189eb,M0275,2024-02-03,29,success,debit_card
0414b5b2-4dc3-44d2-a754-a293375f0f89,M0276,2022-09-19,29,success,debit_card
c7aa7503-c7b8-47fa-9f1a-bd81a90da444,M0276,2022-10-19,29,success,credit_card
b93dc9ce-d1ea-4823-8ece-e42ad9352a7a,M0276,2022-11-18,29,success,bank_transfer
dc14d975-d2fa-4463-9cf8-ce5dc75ea354,M0276,2022-12-18,29,success,debit_card
da82e6e2-80ba-4918-8ca0-e70c9ad6e5c2,M0276,2023-01-17,29,success,debit_card
204ff47b-942d-4905-bbf7-d605eb71d8f8,M0276,2023-02-16,29,success,bank_transfer
cde946ed-83c2-4ecd-a8ab-8972ca575869,M0276,2023-03-18,29,success,credit_card
265deab4-781e-4ed1-9e94-533854cdee14,M0276,2023-04-17,29,success,bank_transfer
52938ea2-1311-44fa-8732-33ca2c2c5cf1,M0276,2023-05-17,29,success,debit_card
8d0248aa-bf94-4247-b5bc-d46a69d27e27,M0276,2023-06-16,29,success,bank_transfer
2f1ffec6-6d65-489c-920d-f9a5e29cb1fe,M0276,2023-07-16,29,success,debit_card
bb43795d-e95d-4df8-82d0-18e29515d007,M0276,2023-08-15,29,success,bank_transfer
f1d74b30-7b94-400f-b137-a40fa1fabb04,M0276,2023-09-14,29,success,bank_transfer
82bdb497-c795-4770-977e-11dae4380fa1,M0276,2023-10-14,29,success,credit_card
008b5cfe-70e6-46a7-a6c9-bf33c3b3d07f,M0276,2023-11-13,29,success,bank_transfer
984813f4-9ca2-4b1c-8709-85510e76b4fd,M0276,2023-12-13,29,failed,credit_card
b0d40c1f-c91d-49d3-b6a0-ace695fa4c42,M0276,2024-01-12,29,success,credit_card
0e2facbc-8eaf-4095-87d8-9bd728675fe9,M0276,2024-02-11,29,success,credit_card
8f8b71fe-3bfa-4b0d-ae1a-ada77f5031f6,M0276,2024-03-12,29,success,debit_card
7cf74d06-740d-4f56-9db2-30357001cbc6,M0276,2024-04-11,29,success,debit_card
3e86e83f-70e0-43c6-979b-b04726428c9e,M0276,2024-05-11,29,success,bank_transfer
be8d6469-0397-4b34-9981-7d2d2e23280f,M0277,2023-03-17,59,success,debit_card
675422c5-4663-4155-9798-fb9e22366cb6,M0277,2023-04-16,59,success,credit_card
ce5abcc6-3077-4cd2-96be-4c6d394ef375,M0277,2023-05-16,59,success,debit_card
350d77d3-3518-4af9-8a62-145c57332232,M0277,2023-06-15,59,success,credit_card
97dbb6eb-19f2-4f7e-9405-cc1e20034840,M0277,2023-07-15,59,success,credit_card
441fcbba-9cae-467d-b68d-be6321118546,M0277,2023-08-14,59,success,bank_transfer
5a1860aa-11dd-4b00-8b6b-6edacd300aec,M0277,2023-09-13,59,success,bank_transfer
25da612b-3ca2-4c9b-b560-d154134a7d31,M0277,2023-10-13,59,success,credit_card
f922bb8e-b8de-454e-9d93-909a8353726d,M0277,2023-11-12,59,success,credit_card
682b39e8-17bb-4b16-aefe-549f39e463a3,M0278,2023-07-27,99,success,debit_card
fe962370-3660-4c6b-921c-91dbafdb7d41,M0278,2023-08-26,99,success,credit_card
40c64874-3942-4cdb-9328-ff555f20f92f,M0278,2023-09-25,99,success,credit_card
0a3fa161-7348-4173-8898-b9cc9a0cd316,M0278,2023-10-25,99,success,debit_card
59a29af3-9ece-4042-84d6-b12ff51b029b,M0278,2023-11-24,99,success,debit_card
1db539d8-e784-46f6-bf12-c995033fab68,M0278,2023-12-24,99,success,debit_card
01f29659-aa0f-4064-b409-7869cbfb3a5d,M0278,2024-01-23,99,success,credit_card
4aec78e0-6ca0-4016-af0c-da9b9c59a812,M0278,2024-02-22,99,success,bank_transfer
14482177-64f0-441c-b8e3-45cc2cda95b9,M0278,2024-03-23,99,success,debit_card
62d53870-91a9-4cae-a795-3a20cabdd90f,M0278,2024-04-22,99,success,credit_card
1f8fc000-ebfa-46ae-8aae-0f400111efd6,M0278,2024-05-22,99,success,debit_card
6e1e48d2-a21d-4634-8051-880d06fccbe0,M0279,2022-02-13,29,success,debit_card
e05ae213-7c75-490a-884b-cb27a073f8b6,M0279,2022-03-15,29,success,debit_card
8bd6191e-b7ab-4e7e-babb-979edfbafed8,M0279,2022-04-14,29,success,bank_transfer
504e4d5b-bfea-4578-babb-c085ab7c8b90,M0279,2022-05-14,29,success,debit_card
4cdd7e8f-e417-4a76-9278-987d99f2625e,M0279,2022-06-13,29,success,credit_card
28a6f800-a90a-49e2-93dd-37ba1629315a,M0279,2022-07-13,29,success,debit_card
faf5f40c-9385-4be9-bd0a-f40e2e3f6b58,M0279,2022-08-12,29,success,debit_card
cbb4051c-6aef-4a24-934c-9f15ad6a9222,M0279,2022-09-11,29,success,debit_card
3bff878b-56d8-4958-9e98-2e46b2f9c3d9,M0279,2022-10-11,29,success,debit_card
8ad04fd2-307a-46e8-8d24-f8acfecbdc4e,M0279,2022-11-10,29,success,bank_transfer
645b0402-92c0-4f30-89a4-58afa98a95a3,M0279,2022-12-10,29,success,bank_transfer
bee109ae-2ff4-4fbb-91cc-9fc522cb6540,M0279,2023-01-09,29,success,bank_transfer
acfd6023-85dc-40b3-b80e-f51d0dcaafb6,M0279,2023-02-08,29,success,credit_card
43dc8c84-c00b-476e-b4d6-30a48e370c4d,M0279,2023-03-10,29,success,bank_transfer
20f79f1c-a071-4aad-9cea-3a2e613c2dfb,M0279,2023-04-09,29,success,bank_transfer
d0ea6cf2-966a-4126-8ea7-f7447676c208,M0279,2023-05-09,29,success,bank_transfer
8b01b94a-e939-4b21-a708-ca3f16f476a3,M0279,2023-06-08,29,success,bank_transfer
e66e971f-b9dd-4910-8dd7-22a27adb8697,M0279,2023-07-08,29,success,bank_transfer
1691e9f9-dcf5-49a5-922f-dcd1124c4cc1,M0279,2023-08-07,29,success,bank_transfer
13b2118a-e149-4923-8345-7fb516271d94,M0279,2023-09-06,29,success,credit_card
c1cea748-ddab-4cce-a671-7933c34eb0bb,M0279,2023-10-06,29,success,debit_card
337c2443-2f54-45fb-84f1-7ac205df93b1,M0279,2023-11-05,29,success,debit_card
dc6b27ae-0b06-4874-b51b-172ca67a5265,M0279,2023-12-05,29,success,credit_card
f279789e-aa99-4edd-ac8b-a5cb7c61d684,M0279,2024-01-04,29,success,bank_transfer
02e0b413-a7aa-45be-9e01-ae7030be1329,M0279,2024-02-03,29,success,bank_transfer
84659892-64ca-4027-b1fb-493dc782e26d,M0279,2024-03-04,29,success,debit_card
00ad2895-a44c-40ff-9625-a9c345d1351d,M0279,2024-04-03,29,success,credit_card
9f42052d-5ce8-4a5f-b4ed-01e11100f181,M0279,2024-05-03,29,success,bank_transfer
cf98a9e3-4b19-43ce-a56f-bebd5df8950a,M0280,2023-08-13,29,success,credit_card
1e2712a8-7870-408c-987a-92d242022689,M0280,2023-09-12,29,success,bank_transfer
644a230a-7278-4514-9c25-6327ea1d392c,M0280,2023-10-12,29,success,debit_card
0a038856-0474-46ed-a8c9-e377bc810317,M0280,2023-11-11,29,success,credit_card
4b250927-2544-421b-a916-6fab2426fe72,M0280,2023-12-11,29,success,credit_card
86cbe464-baad-44d3-ac07-188b1adcd52d,M0280,2024-01-10,29,success,credit_card
fbc17777-0284-4ff7-b996-8b4c351e3126,M0280,2024-02-09,29,success,bank_transfer
4ef8cb27-9906-4089-9136-6b5560d86828,M0280,2024-03-10,29,success,debit_card
c00d795c-e822-4332-aa8e-4bbc733c8e68,M0280,2024-04-09,29,success,credit_card
ac615865-195e-436f-bb90-9d2ba189f063,M0280,2024-05-09,29,success,debit_card
151ef28c-59be-46ab-9e8e-572e95874218,M0281,2022-10-24,99,success,credit_card
ba8314e9-abf8-44fb-b1fd-5e552676d98b,M0281,2022-11-23,99,success,bank_transfer
6780641f-5dee-4324-a73a-cd3c10c38bb3,M0281,2022-12-23,99,success,debit_card
47e93881-3761-4911-9c00-686c36cda4e4,M0282,2023-04-17,99,success,debit_card
c9c6ac22-0232-4bc2-9da3-c092d1d16227,M0282,2023-05-17,99,success,debit_card
e15e0444-19c2-46ad-a2bb-227a185ea923,M0282,2023-06-16,99,success,debit_card
db2a210e-6107-4771-a5f8-686839c9da9e,M0282,2023-07-16,99,success,credit_card
4d696d9e-a233-48aa-b7c8-926e24ee8c57,M0282,2023-08-15,99,success,debit_card
f54dd9d0-2dc0-49e4-8523-35b584c061dc,M0282,2023-09-14,99,success,bank_transfer
3a62e0d4-fe90-4a12-8784-5e7a83476903,M0282,2023-10-14,99,success,debit_card
607065ce-d8c4-4c5f-a4fd-f4c9a9b1ef4c,M0282,2023-11-13,99,success,bank_transfer
912a9bc1-5789-40df-9eaf-174574e99f3f,M0282,2023-12-13,99,success,debit_card
b2fcedd5-d365-402e-9828-450cfe0b3ae0,M0282,2024-01-12,99,success,bank_transfer
fd9cf8bf-6461-4276-b8ed-a80b526ea52f,M0282,2024-02-11,99,success,credit_card
19b511a1-d81d-421a-896b-ecd0ffb6334c,M0282,2024-03-12,99,success,credit_card
20e6f2df-f351-444d-81bd-e90bf136cd2b,M0282,2024-04-11,99,success,credit_card
e6967c15-e184-4ef2-ad30-9a9a67a6a410,M0282,2024-05-11,99,success,debit_card
74fdbbd2-4e68-4a51-abc4-5f5050282b6b,M0283,2022-04-19,29,success,bank_transfer
1432e9c3-1b21-448e-a8ab-560bc9d5f4b8,M0283,2022-05-19,29,success,bank_transfer
3de588b9-ff4f-4f2d-82c8-d37930b9f47d,M0283,2022-06-18,29,success,debit_card
670814f8-e494-41b3-88ad-1f54e583030c,M0283,2022-07-18,29,success,credit_card
492666eb-748a-480d-bead-7b36cd6ad6f2,M0283,2022-08-17,29,success,debit_card
c1b5935a-15dc-440b-9d7e-2b67ebaaa1c0,M0283,2022-09-16,29,success,debit_card
fe8f00fd-a6cd-4a63-9346-dbf1ba8381d7,M0283,2022-10-16,29,success,credit_card
1b42d107-c581-4397-8804-2edcb7fd4c7f,M0283,2022-11-15,29,success,debit_card
e1cc7aeb-103e-4b68-9742-5730d8d887e2,M0283,2022-12-15,29,success,debit_card
a51355e7-2129-4ba0-9aff-acf0b0f74e20,M0283,2023-01-14,29,success,debit_card
5841d24b-705f-48c6-aa01-2db82f310399,M0283,2023-02-13,29,success,bank_transfer
23f15d50-fb58-4656-acda-b5727583435c,M0283,2023-03-15,29,success,bank_transfer
f2d12175-e4e8-43b4-ba18-0172cc3829f0,M0283,2023-04-14,29,success,debit_card
0b67b72a-f00d-4365-8c10-b94112659165,M0284,2022-11-14,29,success,bank_transfer
6ce4fc47-b551-4711-a3bc-db9b7e224036,M0284,2022-12-14,29,success,bank_transfer
d0ad83a9-ee8f-444d-a57a-50760cb40027,M0284,2023-01-13,29,success,debit_card
8d8fe7f3-4e1b-4714-8400-a4a9cb7311d4,M0284,2023-02-12,29,success,credit_card
a3349cf9-5e65-4a81-908f-d053fc7f94ee,M0284,2023-03-14,29,success,debit_card
715e6804-2019-4347-a0d2-3c9cf6bb7af1,M0284,2023-04-13,29,success,credit_card
1b3ceb4d-65d2-4351-aa9a-a66b77fb5a6d,M0284,2023-05-13,29,success,debit_card
20f40025-2ef5-4b95-95bc-0b2799630ea3,M0284,2023-06-12,29,success,bank_transfer
dbda3b9e-7fad-4f94-b61f-664aeee35717,M0284,2023-07-12,29,success,bank_transfer
4b3576cd-49f6-47ed-b2a0-c3f9ec61d36a,M0284,2023-08-11,29,success,credit_card
0f90c341-5141-43fb-9f95-1ed54f2ae343,M0284,2023-09-10,29,success,debit_card
e26f2151-7fd9-439f-a763-2200db5227ba,M0284,2023-10-10,29,success,debit_card
bed76af8-19a2-4840-a863-6271a54ad61c,M0284,2023-11-09,29,success,bank_transfer
6fec5b59-b5af-42cf-b598-4fa23172c54f,M0284,2023-12-09,29,success,credit_card
416fce44-3ddc-47a4-bc62-a84814ff85eb,M0284,2024-01-08,29,success,bank_transfer
4e21abe3-1241-4717-a590-ba68dc539eb7,M0284,2024-02-07,29,success,bank_transfer
cbbe74a2-da87-453c-a175-04363c181dd8,M0284,2024-03-08,29,success,bank_transfer
30945edf-0c5d-409a-9cfa-bcc9a4c59a0e,M0284,2024-04-07,29,success,debit_card
f901fb98-8f51-44ae-b537-2d393a23d6d3,M0284,2024-05-07,29,success,debit_card
9be465a5-7a71-4013-800c-ef638bfcb5c3,M0285,2023-06-07,59,success,bank_transfer
42709ed2-bfeb-4112-8cb9-7ed69e82e2b6,M0285,2023-07-07,59,success,bank_transfer
d3fc2811-c397-4a42-bc35-8309df7968b2,M0285,2023-08-06,59,success,bank_transfer
573e9b3f-a32e-4a09-8bbf-fd3ec25d35cf,M0285,2023-09-05,59,success,bank_transfer
58da5587-c687-4ff8-9ecd-d72e0410e446,M0285,2023-10-05,59,success,bank_transfer
351038e4-c745-4602-8246-c108deea1efe,M0285,2023-11-04,59,success,debit_card
f95a5b42-4d44-4bd7-bd68-a7e60e388e36,M0285,2023-12-04,59,success,credit_card
4f630c8f-58a3-4f49-8a61-afbe31fdd0ee,M0285,2024-01-03,59,failed,credit_card
b6c4d870-a2cd-4f4b-9f9c-339d716f76bc,M0285,2024-02-02,59,success,bank_transfer
efa4f8f2-0ea7-4055-a6ee-70abff21f72b,M0285,2024-03-03,59,success,bank_transfer
dcc0bdbe-a129-45c9-9fbb-ae136736c269,M0285,2024-04-02,59,success,credit_card
d229a65c-13db-479d-b8aa-6130bb6f8e58,M0285,2024-05-02,59,success,credit_card
6b71041c-3744-4d97-b091-d0aabcdd2338,M0286,2022-12-26,99,success,credit_card
465a2dc0-5c61-4ba8-ba9d-ee72991d47b2,M0286,2023-01-25,99,success,bank_transfer
8e190f1e-d704-472f-ae97-2ba2f4d3000c,M0286,2023-02-24,99,success,debit_card
ce90b795-b719-401b-9e77-64dfbb60913d,M0286,2023-03-26,99,success,bank_transfer
a868bc8c-89f6-4c68-8217-7d00291e6ebb,M0286,2023-04-25,99,success,debit_card
992534bc-d3b2-4ec3-ae5f-40c23e51937c,M0286,2023-05-25,99,success,credit_card
0691f27b-40d7-40bf-988c-218583b07fee,M0286,2023-06-24,99,success,debit_card
c1f30cd7-83b0-4c03-9c18-a92be3fd320c,M0286,2023-07-24,99,success,bank_transfer
8878ee69-d92c-4272-a7f6-f2d40f2454d6,M0286,2023-08-23,99,success,credit_card
68f8d950-e1de-4938-8c27-f89ca50ab133,M0286,2023-09-22,99,success,bank_transfer
a4981ee2-8b6a-4c72-9bac-7dcc194dd401,M0286,2023-10-22,99,failed,bank_transfer
f2410e6a-a910-4a22-82a0-8752696f6cc7,M0286,2023-11-21,99,success,credit_card
999d3df7-af47-4f98-92a3-f29ad6897c39,M0286,2023-12-21,99,success,bank_transfer
23b56c5e-97cd-466b-bc1a-1fec3b5bc5df,M0286,2024-01-20,99,success,credit_card
5f0bff77-b2d9-4d06-9d97-505dfb0f39c1,M0286,2024-02-19,99,success,credit_card
dc764c97-2616-4c06-a243-61f61ef10a36,M0286,2024-03-20,99,success,debit_card
db9f358c-7e47-4530-b495-7ee2e76c1087,M0286,2024-04-19,99,success,credit_card
c56f09aa-e34b-4644-8b43-f1f578d3364a,M0286,2024-05-19,99,success,debit_card
667b2a21-723b-4c39-8d30-9d157e12d979,M0287,2022-04-16,29,success,debit_card
17737827-fe24-4ea6-ac9a-5891accf252b,M0287,2022-05-16,29,success,bank_transfer
59c68afe-68fb-4548-829c-e602d86541d6,M0287,2022-06-15,29,success,bank_transfer
baec1191-f259-483a-bdc4-aad809a86dbf,M0287,2022-07-15,29,success,debit_card
11a34d27-4305-4620-8ac8-6e4f850e16a0,M0287,2022-08-14,29,success,debit_card
356ed153-a607-448b-bb22-9abbcb7e22e9,M0287,2022-09-13,29,success,credit_card
fa1d2290-73c4-4097-afad-8ef4cf828d27,M0288,2022-03-19,29,success,credit_card
8e158695-52ba-441a-8578-658150e5260f,M0288,2022-04-18,29,success,bank_transfer
c7d0c46b-1fdf-4d8d-8511-dbc90df2db63,M0288,2022-05-18,29,success,credit_card
5f3ad4b0-b86b-46ab-8919-0f5d9993d4bb,M0288,2022-06-17,29,success,debit_card
e20e091c-0bcf-4f93-8237-689607944925,M0288,2022-07-17,29,success,debit_card
977a7aa6-8cfd-41b3-a4ec-23a3bc2e99e0,M0288,2022-08-16,29,success,bank_transfer
feb7ae0b-29d6-452f-9776-dd437574f764,M0288,2022-09-15,29,success,credit_card
53992aeb-1f0b-40e2-8748-6cc07f12fde5,M0288,2022-10-15,29,success,debit_card
b6fcd3bc-a389-48bc-a973-e0b376aba840,M0288,2022-11-14,29,success,credit_card
ce0140be-0d14-4106-9d57-d362f3f5b2ac,M0288,2022-12-14,29,success,bank_transfer
44bfb677-0f8a-4284-be23-5487bd3dc29b,M0288,2023-01-13,29,failed,bank_transfer
d775131a-f38a-4d3f-9842-12a30d724ea8,M0288,2023-02-12,29,success,credit_card
70a2dd45-c081-4383-adc9-fbef4cd8b096,M0288,2023-03-14,29,success,credit_card
960a1158-1243-483f-aa33-c204bba8d1d4,M0289,2023-04-05,99,success,credit_card
8726dfc9-717b-409b-9195-1e226f0efddf,M0289,2023-05-05,99,success,credit_card
f60c8e61-b167-4f53-93ea-3fb0b625032c,M0289,2023-06-04,99,success,bank_transfer
50ca0db1-51c7-4326-9a3d-c84373e281ca,M0289,2023-07-04,99,success,debit_card
33654d4f-b679-493b-a17a-97d850f5167e,M0289,2023-08-03,99,success,credit_card
bf67e836-16b9-46b4-b93d-98f917bc7d2d,M0289,2023-09-02,99,success,debit_card
047cbd75-8281-404c-9e4b-d32df8dd2bc0,M0289,2023-10-02,99,success,bank_transfer
6376ffb4-11fc-4580-a3cc-0a9043b4579f,M0289,2023-11-01,99,success,bank_transfer
cb8160d2-a53b-4c38-b307-7efbe1878c37,M0289,2023-12-01,99,success,debit_card
26fe2501-7802-4c76-ac88-16b6175c37bf,M0289,2023-12-31,99,success,debit_card
d4018ba2-0e8f-412e-8874-d9ca3516a6ef,M0289,2024-01-30,99,success,debit_card
a20bf24a-c741-470b-8ed8-cdb85ae3242f,M0289,2024-02-29,99,success,bank_transfer
e85f0cb4-1383-4a6f-8a11-f24d68d3ffdc,M0289,2024-03-30,99,success,bank_transfer
09f3c69e-b198-4e02-9911-4b66405e504a,M0289,2024-04-29,99,success,debit_card
51e24478-5738-4789-82c1-827d46d22b29,M0289,2024-05-29,99,success,bank_transfer
0c60ef7d-9f23-4acd-b9c8-76e933b2aef6,M0290,2023-10-02,99,success,credit_card
298f8c07-e863-4b7d-9675-8f33d82636df,M0290,2023-11-01,99,success,debit_card
ee627dec-f591-450d-9dc5-e21d13a7584a,M0290,2023-12-01,99,success,debit_card
54a126e2-5214-4a60-b0ee-2cdad9506f0b,M0290,2023-12-31,99,success,bank_transfer
48539bbd-7436-44ea-bfa0-5eab9c88eb44,M0290,2024-01-30,99,success,debit_card
1ce4a619-596c-4138-8893-14b21410dc8f,M0290,2024-02-29,99,success,bank_transfer
926ee5f1-cd4b-460f-af3e-f9b409889624,M0290,2024-03-30,99,success,credit_card
98afb8a9-ae18-422b-98cb-6d5f8afb5f68,M0290,2024-04-29,99,success,debit_card
9da0bc4c-4b2d-4a5e-9381-21b5d7c88965,M0290,2024-05-29,99,success,credit_card
d9eed1b2-8bb7-4bee-bca6-090c0c61282c,M0291,2023-03-27,59,success,credit_card
515aeeff-ef49-4d3a-9d00-d1f671a0a7db,M0291,2023-04-26,59,success,debit_card
01e60a36-ebf5-403a-94a0-3f6f0c2dfd42,M0291,2023-05-26,59,success,debit_card
49ac1e4e-9305-4fd2-94a5-69008f7a74d9,M0291,2023-06-25,59,success,bank_transfer
69ea0ef5-2f28-4e07-949c-dba0bf80b039,M0291,2023-07-25,59,success,bank_transfer
c295381e-8ec3-4fed-98b3-cad110390e60,M0291,2023-08-24,59,success,credit_card
357b64f2-613a-4400-93af-82ca33154301,M0291,2023-09-23,59,success,debit_card
a968d1ea-c9eb-4342-9b1c-a84bba8e744b,M0291,2023-10-23,59,success,credit_card
ccfa1fd7-2afc-41a1-88b8-ff8565cc2a07,M0291,2023-11-22,59,success,credit_card
4c33b69d-a0ba-4b2d-9261-bdb668d74857,M0291,2023-12-22,59,success,debit_card
555d3257-7ac0-45d5-8e4a-42734a6d2629,M0292,2022-02-27,29,success,debit_card
3adc8ead-d63e-4728-a09e-bafa438982b2,M0292,2022-03-29,29,success,debit_card
ec9b2241-2c4d-453d-991d-60d8a20c5ffa,M0292,2022-04-28,29,success,bank_transfer
ff62c98c-465c-4a6d-86fc-955a10d2c773,M0292,2022-05-28,29,success,debit_card
6243bfc6-fb14-4e14-b1f0-4ace6d4688ec,M0292,2022-06-27,29,success,debit_card
5bf5ec4f-726b-4252-a6ac-3c7c4d2b964f,M0292,2022-07-27,29,success,bank_transfer
469e8691-4dd5-48a7-ab85-7945f642bfeb,M0292,2022-08-26,29,success,debit_card
a6c57f6f-10f2-4f11-b290-e69f9544adce,M0292,2022-09-25,29,success,bank_transfer
f9de7ac6-7b23-42dd-b0a6-a79be8182607,M0292,2022-10-25,29,success,bank_transfer
8d8106ed-b0d5-4774-90b8-5a900f72bdd2,M0292,2022-11-24,29,success,bank_transfer
d4bd2f9f-08b2-49e7-8f39-d9cb59b31b8b,M0292,2022-12-24,29,success,bank_transfer
f8024c6b-e76d-40ce-a7d7-ddc2d945a8ef,M0292,2023-01-23,29,success,bank_transfer
3703d5bf-18f9-4a7e-925d-465217f6e49c,M0292,2023-02-22,29,success,debit_card
09dac3c5-6ba1-40e1-81a3-0262288e609c,M0292,2023-03-24,29,success,debit_card
e82062ee-c4f1-4ce1-856b-dcbe1959f43e,M0292,2023-04-23,29,success,credit_card
b0120f28-c766-4938-9b7c-ea524340792e,M0292,2023-05-23,29,success,debit_card
280553fb-561c-4d2d-9e3f-e1d9a1356344,M0292,2023-06-22,29,success,debit_card
acc34cee-c947-4cb7-ac35-33d54a982f1f,M0292,2023-07-22,29,success,credit_card
48d79129-ee1d-41f3-9251-29efad8e7fb2,M0292,2023-08-21,29,success,bank_transfer
a128e3ee-f1a9-483f-bfe3-89cecb33eaf7,M0292,2023-09-20,29,success,debit_card
4cdcb605-082c-4050-9a38-708abacf9a21,M0292,2023-10-20,29,success,credit_card
660ffab0-621f-464c-893e-25bffbd08482,M0292,2023-11-19,29,success,bank_transfer
ba4e1ded-adeb-4b78-aee1-f54ff2d46c2e,M0292,2023-12-19,29,success,bank_transfer
ebdec65e-6737-49e9-82c7-17cbaebac301,M0292,2024-01-18,29,success,debit_card
9e74b1fa-ed71-4e79-a692-e94ada6b05db,M0292,2024-02-17,29,success,debit_card
1e491da1-a9d7-44f3-9d27-e748d5db62e0,M0292,2024-03-18,29,success,bank_transfer
c57b473f-7fea-400f-b9f5-76c55ffb4a82,M0292,2024-04-17,29,success,credit_card
f710daef-1858-4ab4-8c66-68d109f60e04,M0292,2024-05-17,29,success,credit_card
4e551cf8-39ed-4734-9fc4-9d8546bff52d,M0293,2022-02-08,29,success,credit_card
40518410-909a-47cc-a542-81db1aa1527d,M0293,2022-03-10,29,success,debit_card
f5ce47da-8ccd-4bf1-bd46-787f6ff2b9dd,M0293,2022-04-09,29,success,debit_card
8a1d0999-4289-49bb-b8cb-6ad75e6b8227,M0293,2022-05-09,29,success,debit_card
f4cc93b9-7997-4513-a4ff-ef03f5b4b7c7,M0293,2022-06-08,29,success,bank_transfer
f80ba605-cd83-4be4-a915-1ada54575086,M0293,2022-07-08,29,success,debit_card
849e248d-99c2-4398-b860-54741276aca1,M0293,2022-08-07,29,success,debit_card
9793bf88-629f-4448-b5fd-6967cb209ebf,M0294,2023-09-01,29,success,debit_card
86702edb-4662-4806-b5e8-adec0d5c0676,M0294,2023-10-01,29,success,bank_transfer
245c7054-79bf-4cca-9163-9228910c94df,M0294,2023-10-31,29,success,credit_card
d54414b4-c014-43cf-8d8f-5c61b3285edd,M0294,2023-11-30,29,success,bank_transfer
2d65800f-93a0-4336-9bc5-e798d80ff456,M0294,2023-12-30,29,success,credit_card
52562a3a-c212-4d61-8e0f-9c63819f0d29,M0294,2024-01-29,29,success,credit_card
5ee4fcb0-d049-48a7-8172-d29cccabbc12,M0294,2024-02-28,29,success,debit_card
5b2a07a8-3c06-4446-a3f7-99b9da7fd98c,M0294,2024-03-29,29,success,bank_transfer
c55df46e-ab06-4801-b82e-34978e30f976,M0294,2024-04-28,29,success,credit_card
d1c65373-7d33-4172-ab5e-c6414a3f038b,M0294,2024-05-28,29,success,bank_transfer
3a686251-4f43-4aca-932b-837945a8e509,M0295,2022-02-12,99,success,debit_card
34df8c78-aa98-4890-9949-463002b03fe5,M0295,2022-03-14,99,success,bank_transfer
d1765f2e-3bf1-4653-b1c5-209a33b71558,M0295,2022-04-13,99,success,bank_transfer
825cf334-deb1-4667-85f4-2b2e1aba3e7f,M0295,2022-05-13,99,success,debit_card
9d8ce42a-6124-474a-8119-2cf2e9a9395d,M0295,2022-06-12,99,success,credit_card
e7071772-ac40-44ed-8e56-0cbaf0be41a8,M0295,2022-07-12,99,success,debit_card
42f86d87-8aa6-40cb-ba2c-0027a8980b3d,M0295,2022-08-11,99,success,debit_card
c97e4d64-2244-43fc-9ad2-5be09f75b502,M0295,2022-09-10,99,success,debit_card
5da9fa7c-2339-4fc2-b7b2-202c5b9cd23c,M0295,2022-10-10,99,success,credit_card
3c3a7e25-b188-44a2-b109-0e007c2fe5e5,M0295,2022-11-09,99,success,bank_transfer
4ac501d6-646a-4e85-9bd0-8cc14a53c385,M0295,2022-12-09,99,success,credit_card
a8cb1a4d-23aa-4373-b61e-30f3e246e52b,M0295,2023-01-08,99,success,credit_card
9b383d26-ec89-4f23-bf8e-6706d94a7527,M0295,2023-02-07,99,success,debit_card
5e0363df-e46b-4e1a-880a-4a291b6d4a3e,M0295,2023-03-09,99,success,bank_transfer
254cf854-d7f8-4270-917b-179004cc45f8,M0295,2023-04-08,99,success,bank_transfer
e1112344-dcbe-473a-9db1-458d5dad39e1,M0295,2023-05-08,99,success,debit_card
24a133ba-2537-4e17-96e9-a03642bb8471,M0295,2023-06-07,99,success,debit_card
c1045a83-8a9a-46a0-af4f-05ad8e8f1f9b,M0295,2023-07-07,99,success,bank_transfer
bb49de49-3a1c-4bb1-889a-c73c01fb7032,M0295,2023-08-06,99,success,credit_card
86e7b9c6-e314-4709-b1b5-f91c29cbe598,M0295,2023-09-05,99,success,debit_card
fd2caf62-5b84-4b7c-b47a-d236dd3eb058,M0295,2023-10-05,99,success,debit_card
1c7bdff9-be63-49f3-8c19-621a569c0a24,M0295,2023-11-04,99,success,credit_card
daaf5d7f-7223-4ee9-bcce-722acb4b15fc,M0295,2023-12-04,99,success,bank_transfer
961558f5-a5c5-449c-b5cd-54cf31d52aa3,M0295,2024-01-03,99,success,bank_transfer
176886c3-9469-4990-911f-054de7bc73ac,M0295,2024-02-02,99,success,debit_card
b14e6a64-8813-4498-ba67-a81e70dc6581,M0295,2024-03-03,99,success,credit_card
42bfa1bc-4099-4874-9641-3d82ead1d76b,M0295,2024-04-02,99,success,debit_card
aa71b242-9d09-47cb-811d-7ad2a66a702d,M0295,2024-05-02,99,success,credit_card
7324067b-b57d-4542-b577-5b701c9c1b88,M0296,2022-11-26,59,success,debit_card
6829b86d-5190-451d-a8b7-cef62047ca35,M0296,2022-12-26,59,success,bank_transfer
2886d1ff-14c5-4493-a9a2-61c67af7118d,M0296,2023-01-25,59,success,bank_transfer
4cb7859e-1029-44d6-9b49-2e2f0835e2da,M0296,2023-02-24,59,success,debit_card
6326e71d-2892-47c7-aad1-9383dbdc60b4,M0296,2023-03-26,59,success,bank_transfer
87d65bb2-3a20-4a22-8a7e-1634841ef732,M0296,2023-04-25,59,success,bank_transfer
64521bb3-d0e9-4587-af95-a36de2dd4257,M0296,2023-05-25,59,success,credit_card
f627a27b-4f27-4042-a4f4-25e9789cb64e,M0296,2023-06-24,59,success,debit_card
9b8e588d-0899-4ba8-8033-32d5cf10fd97,M0296,2023-07-24,59,success,debit_card
8ceb7a94-6160-426f-a68e-4692cace923a,M0296,2023-08-23,59,success,bank_transfer
e51630f4-d5df-4298-b2bb-d013d0303843,M0296,2023-09-22,59,success,debit_card
f11daa4b-7ac6-4038-b275-b14a9a7aeb12,M0296,2023-10-22,59,success,debit_card
b51a9429-ca40-47d4-8999-9fc34dc746c2,M0296,2023-11-21,59,success,bank_transfer
2f1d7b7a-34bb-4281-8d03-0fbb17116065,M0296,2023-12-21,59,success,bank_transfer
e6d0aabb-aafc-425a-81a1-ad149d4304f4,M0296,2024-01-20,59,success,credit_card
d90166dd-53fe-44f0-898d-659dceb77b20,M0296,2024-02-19,59,success,credit_card
b9fa48d0-a2ad-48ea-9b64-f2ac53d8f001,M0296,2024-03-20,59,success,credit_card
9e6b35ee-6bbc-46d2-be99-dbf50e220eb4,M0296,2024-04-19,59,failed,debit_card
70b029e2-e283-4125-af41-c6fdffc0ca86,M0296,2024-05-19,59,success,credit_card
40148e22-bf88-431b-8fb3-25fd37ca17bc,M0297,2022-04-16,99,success,bank_transfer
0a37c269-73bc-4d1a-8c67-f992752e4d40,M0297,2022-05-16,99,success,debit_card
0e65596e-43c6-44cc-a191-d3a60570caef,M0297,2022-06-15,99,success,bank_transfer
7615419e-0dae-4d25-bf84-1636321207d5,M0297,2022-07-15,99,success,debit_card
f0322406-9339-4a65-8f61-05b5f7563e88,M0297,2022-08-14,99,success,debit_card
4d33ccf9-2cae-4c4c-9f11-0045f3aa4c93,M0297,2022-09-13,99,success,bank_transfer
00302c1e-0242-4500-b59b-cc1fd8102978,M0297,2022-10-13,99,success,debit_card
1ba5ef1f-45a7-4c58-8d5e-ecc831a062b0,M0297,2022-11-12,99,success,credit_card
0886528b-ee1b-46b3-8bcd-0a326cd4f49a,M0297,2022-12-12,99,success,debit_card
6d0e669f-2e4e-40ad-92aa-ff849e6d132e,M0297,2023-01-11,99,success,debit_card
34244c7e-dc71-4bef-9196-3afd36232ae9,M0297,2023-02-10,99,success,credit_card
745687ac-5090-443d-8760-7675fdef1c75,M0297,2023-03-12,99,success,bank_transfer
fe6e3824-2839-4340-9c05-33b029755aad,M0297,2023-04-11,99,success,bank_transfer
72d5a861-2974-4679-9d23-9cb889a37229,M0297,2023-05-11,99,success,debit_card
c5d10fc2-fbb8-4ab2-9119-d0136164f330,M0297,2023-06-10,99,success,credit_card
e675c854-d31d-4f13-84fa-edf395051150,M0297,2023-07-10,99,success,credit_card
51e01d4d-1df5-4440-94e0-cc16dbdeabeb,M0297,2023-08-09,99,success,credit_card
12348184-322f-487b-95f5-d1a3fde6282b,M0297,2023-09-08,99,success,bank_transfer
80ae4643-318f-47fd-b45e-6a08f0eceb1d,M0297,2023-10-08,99,success,credit_card
434f2d6d-5c10-4c69-bf91-6699070d3ace,M0297,2023-11-07,99,success,debit_card
6da6d2b3-9ea5-48f1-a9c1-1df7dd0a573a,M0297,2023-12-07,99,success,bank_transfer
919524a5-6321-45b8-80d7-0d1ce4c3b489,M0297,2024-01-06,99,success,debit_card
d26ef46b-3c13-4750-a8c6-9e76b451b9f4,M0297,2024-02-05,99,success,credit_card
df72ff0e-2e16-4bc0-8746-a5fca4e9dd97,M0297,2024-03-06,99,success,bank_transfer
6fb7425b-c49b-4e67-baf5-caa37b817f27,M0297,2024-04-05,99,success,credit_card
dfe08506-0c92-42ac-8c37-46b7f5dbab20,M0297,2024-05-05,99,success,credit_card
f01e83d5-7cfc-41b2-9a5a-3d6453a746be,M0298,2023-06-01,29,success,debit_card
0472ffe3-c3f7-4d93-adbe-a65a609df21e,M0298,2023-07-01,29,success,debit_card
63bfced5-ab05-4db0-a64c-390bdec83978,M0298,2023-07-31,29,success,credit_card
820240c1-3b88-4a22-b13c-da922cdbde00,M0298,2023-08-30,29,success,bank_transfer
79a677e4-df4a-4c5f-8476-93178fe11094,M0298,2023-09-29,29,success,bank_transfer
f0e5504c-7bc5-4c5f-8f7d-7a96ce80ee5f,M0298,2023-10-29,29,success,bank_transfer
bfc20b3f-ec6e-44f7-b6d7-2398e3f930c2,M0298,2023-11-28,29,success,debit_card
d29ecf05-5f92-4695-a6e3-b23e15d8b2ac,M0298,2023-12-28,29,success,credit_card
bb685b8d-3dbf-493d-b7e3-5729f0e6fe39,M0298,2024-01-27,29,success,debit_card
4145fffc-2ebb-42e7-bc1b-f4976733b4d9,M0298,2024-02-26,29,success,credit_card
bae40837-93e3-435e-bc6f-fb767e26254d,M0298,2024-03-27,29,success,debit_card
adb2f868-396a-4d70-8705-d13eefab608e,M0298,2024-04-26,29,success,credit_card
43760684-c4b8-4e05-8505-6667b620ee38,M0298,2024-05-26,29,success,credit_card
dbae048e-ce36-4f7c-ab7c-7f1dc9ccad62,M0299,2023-03-26,59,success,credit_card
5736bcd8-dbd4-4afa-971b-ac625dc774f4,M0299,2023-04-25,59,success,debit_card
983dfab8-1530-4e9b-9262-e6a0f0567a6f,M0299,2023-05-25,59,success,debit_card
acb4e876-a27e-4193-8127-766424c95821,M0299,2023-06-24,59,success,debit_card
091b60a8-d9e7-46cf-a2cd-342ba1333fbf,M0299,2023-07-24,59,success,credit_card
6ea1e64c-74ac-42c5-83b3-64fb156388bf,M0299,2023-08-23,59,success,debit_card
46613f69-49ab-47a3-bb3d-1286c06e0c42,M0299,2023-09-22,59,success,bank_transfer
b978fd0f-46e0-45e4-8a31-92f01ccd2474,M0299,2023-10-22,59,success,credit_card
ae40abf9-0dd0-41a9-898a-04215ec21e7e,M0299,2023-11-21,59,success,credit_card
77da7a80-42a9-4537-8a59-560233f30538,M0299,2023-12-21,59,success,bank_transfer
9b0a8a3d-33b6-4675-88a1-74db437a3821,M0299,2024-01-20,59,success,debit_card
1bb438ef-7ad7-4a03-9d8e-5156afb2fdcb,M0299,2024-02-19,59,success,bank_transfer
154638d7-b045-41d0-a3a3-10a934efa174,M0299,2024-03-20,59,success,debit_card
6a140983-ba55-425b-ab54-6aefb9d882b5,M0299,2024-04-19,59,success,debit_card
acef1756-c86d-435d-82e0-9cf45cc7426c,M0299,2024-05-19,59,failed,debit_card
f72bf4a6-5902-4603-8584-5d61523117e2,M0300,2022-10-17,59,success,debit_card
6cf4212f-2c54-4c75-9308-fb8b80c367f1,M0300,2022-11-16,59,success,bank_transfer
14be5522-d30f-40a3-9d1a-0260884adbdc,M0300,2022-12-16,59,success,bank_transfer
a877b4f3-60d1-4941-8e44-c62196eb8dff,M0300,2023-01-15,59,success,debit_card
7fb89da3-45bc-4f45-8911-d817f0e57d78,M0300,2023-02-14,59,success,bank_transfer
c3bbed5d-04de-4614-ac87-893b3dc8e2c7,M0300,2023-03-16,59,success,credit_card
e1bb2e47-aa9c-4e23-935f-207781743793,M0300,2023-04-15,59,success,credit_card
cad6d33f-2317-445e-a4c7-264ff7f455d6,M0300,2023-05-15,59,success,credit_card
db344d49-6fe4-4a78-92af-ebc30f88e73f,M0300,2023-06-14,59,success,credit_card
5de2cf79-18ad-4cb1-9a60-970044c8555c,M0300,2023-07-14,59,success,bank_transfer
c734034a-309c-4318-ad5b-8fdc085c6071,M0300,2023-08-13,59,success,debit_card
45f0b77c-7b1b-4fa8-9ec5-1a172b0f562c,M0300,2023-09-12,59,success,bank_transfer
12a333aa-7098-4489-a10b-8deb745958b7,M0300,2023-10-12,59,success,debit_card
5756e70c-b5bf-477b-a896-22e2ef7ea33c,M0300,2023-11-11,59,success,debit_card
13c6228a-c90d-4b98-ac06-d7308bfc5a8b,M0300,2023-12-11,59,success,bank_transfer
ef761661-b34d-4ffc-a929-f12974364697,M0300,2024-01-10,59,success,debit_card
a88180c6-347f-4fd0-955f-c553df57a9be,M0300,2024-02-09,59,success,bank_transfer
24131355-4ade-42ee-a9f5-5fbe543fb887,M0300,2024-03-10,59,success,bank_transfer
8284e33a-37b1-4774-b523-05d6067fec0b,M0300,2024-04-09,59,success,debit_card
d04b293a-6a01-4033-8f3a-405ad8dbcdc7,M0300,2024-05-09,59,success,debit_card
258ee9d3-6854-4e44-b62b-1116cf4a1b4e,M0301,2022-02-23,59,success,debit_card
6f562828-d3f8-462a-82b9-67b32858bad2,M0301,2022-03-25,59,success,credit_card
3c2d82a5-c221-4cc9-9b7e-1b92171129d2,M0301,2022-04-24,59,success,bank_transfer
55c8acb6-6500-49ca-ad6f-99470ed8bdb4,M0301,2022-05-24,59,success,bank_transfer
5f091f14-6cee-4e08-b96e-8885e97e4dcd,M0301,2022-06-23,59,success,debit_card
c5710035-a1e6-401f-891a-56229063df59,M0301,2022-07-23,59,success,debit_card
d87cd00d-a01e-40a8-904a-4882bba4546f,M0301,2022-08-22,59,success,credit_card
a8a88254-8e33-4c55-806c-74e035d96104,M0301,2022-09-21,59,success,bank_transfer
20d89abc-77b9-4ed7-8b0c-fe3843d65a7b,M0301,2022-10-21,59,success,bank_transfer
b22e387b-4589-4262-ae9a-f7082bd10ad4,M0301,2022-11-20,59,success,debit_card
f44f7362-27ef-4c54-a53a-2484deb3a89b,M0301,2022-12-20,59,success,bank_transfer
3b522226-91c3-4a5a-af6f-fe462ff0b1d5,M0301,2023-01-19,59,success,debit_card
eef8a00c-d57f-4468-832a-09c23d130b22,M0301,2023-02-18,59,success,debit_card
d72501d6-d7db-4a6f-b168-96c50946922f,M0301,2023-03-20,59,failed,credit_card
7ff9d989-66a6-472f-ad54-ea29296aefad,M0301,2023-04-19,59,success,bank_transfer
56b251c8-9b27-4696-84e1-d55e17733ef8,M0301,2023-05-19,59,success,debit_card
531439f0-b2a3-447a-83e0-3b33b5a0cbfb,M0301,2023-06-18,59,success,debit_card
353ba7d3-4517-4a0e-906e-91d19cedd547,M0301,2023-07-18,59,success,credit_card
ff4bba3c-27eb-4de8-af91-22830bd6a15e,M0301,2023-08-17,59,success,credit_card
c2e2128c-7272-4459-8ed1-402e4c0c9beb,M0301,2023-09-16,59,success,debit_card
060f90e4-08ef-442b-9ff1-e57ee1e067d9,M0301,2023-10-16,59,success,bank_transfer
e04ccad7-95a8-4675-85ea-4e9d114e050e,M0301,2023-11-15,59,success,bank_transfer
fa8f6e66-d00d-44ea-a0ad-49a841215edd,M0301,2023-12-15,59,success,credit_card
64c20654-6ec8-4f64-be96-dee875fc1154,M0301,2024-01-14,59,success,credit_card
802e1ae3-141d-46ac-a279-19bd6041f61e,M0301,2024-02-13,59,success,credit_card
16857882-d141-4674-ae75-806fe95a0f3e,M0301,2024-03-14,59,success,credit_card
396f2bbb-49ef-43bf-aab6-3e1d1a6c67c8,M0301,2024-04-13,59,success,credit_card
3d20fa93-e65a-4d5a-9ff2-2800c1394e28,M0301,2024-05-13,59,success,debit_card
d7f8179a-3175-4e57-bf76-ee38d1bf0a6e,M0302,2022-04-07,29,success,bank_transfer
47590a76-55ad-4611-88d2-0d4ec7f33174,M0302,2022-05-07,29,success,debit_card
c99f6576-ca80-445e-bfdd-7fd1b01f9db4,M0302,2022-06-06,29,success,credit_card
3c3461f2-4f15-443e-a1aa-a6ed58683bee,M0302,2022-07-06,29,success,debit_card
26ec8e61-dc57-4bdb-8b66-74229c6c3d03,M0302,2022-08-05,29,success,credit_card
b07149d1-db36-4613-8a73-ba03302e7a70,M0302,2022-09-04,29,success,bank_transfer
f7fb0685-aee2-4076-a69c-d3b0185ca8d4,M0302,2022-10-04,29,success,bank_transfer
7b8d245a-2152-4df7-bd22-bb8b9c0dd820,M0302,2022-11-03,29,success,credit_card
07d21649-8c71-4e16-8554-c488788bcf96,M0302,2022-12-03,29,success,debit_card
64af838b-c1c1-452c-9ca9-62fe1a0ce436,M0302,2023-01-02,29,success,debit_card
a054e8c9-241d-474d-b86c-815eb93325a5,M0302,2023-02-01,29,success,debit_card
b8d82c39-dac7-4211-87c7-b2d0e0a9be56,M0302,2023-03-03,29,success,bank_transfer
7362fc9d-f98d-4e5d-82ce-db78c02b5ea4,M0302,2023-04-02,29,success,credit_card
80a8c479-c855-47cd-9f1f-605c493cd64a,M0302,2023-05-02,29,success,debit_card
a0e6495a-345d-46b0-8040-ee8cc071f9ac,M0302,2023-06-01,29,success,bank_transfer
ca209e54-4c8f-4348-9229-da88df347d8d,M0302,2023-07-01,29,success,debit_card
0e0d6b96-919c-40f1-acc1-a3cbd00ba2dd,M0302,2023-07-31,29,success,bank_transfer
78b28d56-c307-4b36-9093-3ee3f0ef6e40,M0302,2023-08-30,29,success,debit_card
0e743d01-5852-4bea-9779-6b81b5772236,M0302,2023-09-29,29,success,debit_card
ba8acd7f-7092-4b57-b45f-9d21c8b07edd,M0302,2023-10-29,29,success,debit_card
56d0b7f9-c1a3-4cce-9709-8a65e0023173,M0302,2023-11-28,29,success,bank_transfer
1eda2890-a96c-441a-be1d-cd6f044f6cdd,M0302,2023-12-28,29,failed,debit_card
f56c9a80-be43-4580-b8d2-6423a47e88e8,M0302,2024-01-27,29,success,credit_card
44600dd7-58e8-4988-bd72-71aa44635eef,M0302,2024-02-26,29,success,debit_card
24aceb2f-8f9e-4bba-b8e1-7e942d497a8e,M0302,2024-03-27,29,success,bank_transfer
8e8fd417-d0ee-4719-863c-dc5b86eeefb2,M0302,2024-04-26,29,success,credit_card
738a0274-0600-4f67-886f-fca45a9408d7,M0302,2024-05-26,29,success,bank_transfer
39686fe3-44b5-47ab-8bd3-aeabe3a42fe3,M0303,2023-11-04,59,success,credit_card
2db92cac-85ad-49f0-b0d8-357034239b12,M0303,2023-12-04,59,success,debit_card
37c71bde-a876-4a47-a74a-79bad75dbece,M0303,2024-01-03,59,success,bank_transfer
ba851756-ecd5-4f39-b621-70eaf9e765f3,M0303,2024-02-02,59,failed,bank_transfer
70462601-86ad-49c9-bef8-b8737d31e204,M0303,2024-03-03,59,success,credit_card
6e49cf2f-8aaa-45b5-8c2b-40878f0ab614,M0303,2024-04-02,59,success,debit_card
32a996f0-af35-4a1b-bd5b-2785e7002797,M0303,2024-05-02,59,success,bank_transfer
1c1eaf5f-2689-446d-a052-10761b3427ea,M0304,2022-03-25,29,success,bank_transfer
9cdc761e-7798-4a2d-8f18-376e0270fe5a,M0304,2022-04-24,29,success,debit_card
ca2bb39c-e652-4c50-bf70-21b0b0e3866e,M0304,2022-05-24,29,success,bank_transfer
a89ecfac-5d5c-4db2-82b3-2bc4f93eaee3,M0304,2022-06-23,29,success,credit_card
ba1daa51-c7b9-4287-a41f-8220c3196d56,M0304,2022-07-23,29,success,bank_transfer
46cd3889-a15b-4ccd-b0d3-9ae3d3ba7536,M0304,2022-08-22,29,success,bank_transfer
64c04d6f-40ed-4563-b524-5cff9a2f24ca,M0304,2022-09-21,29,success,bank_transfer
743ae104-64a7-4f41-a699-8846a7f2ccb0,M0304,2022-10-21,29,success,credit_card
118cb27d-12e0-43de-9298-923ad7b24950,M0304,2022-11-20,29,success,debit_card
82039ee9-9f7a-4257-8881-e9e1d2e150e8,M0304,2022-12-20,29,success,bank_transfer
95ebf40e-9cbb-4354-9067-e9d46d20a4f6,M0304,2023-01-19,29,success,credit_card
1dc42782-2fa6-4b0d-9e02-202ca4b524b1,M0304,2023-02-18,29,success,debit_card
e456a9ee-499c-42fc-a9e6-e636ed1335a5,M0304,2023-03-20,29,success,credit_card
29bc7817-c33d-4056-9c45-65e8aec9500e,M0304,2023-04-19,29,success,bank_transfer
c5f0960f-9d59-407c-a07b-738540293464,M0304,2023-05-19,29,success,credit_card
4d39625c-021e-49a7-858a-8a4041919c11,M0304,2023-06-18,29,success,credit_card
0007f466-49f1-4db6-a8ae-70f3d9d672a4,M0304,2023-07-18,29,success,credit_card
ecf5a9c1-7f93-45f6-a4ec-acfb88322cf5,M0304,2023-08-17,29,success,credit_card
474b0dae-4ded-4d6c-9809-498a6321fa25,M0304,2023-09-16,29,success,debit_card
2e742252-7190-48a2-a648-3af26d6d50e7,M0304,2023-10-16,29,failed,bank_transfer
4eacaf74-32fc-474f-ae34-06dc1da7ee9a,M0304,2023-11-15,29,success,credit_card
b2df7bc8-096a-4b81-8b3c-deb11157f560,M0304,2023-12-15,29,success,debit_card
a7286623-2465-4c79-910c-27d10270aa01,M0304,2024-01-14,29,success,credit_card
06cd75d5-b9bc-46c6-84de-38d36a444716,M0304,2024-02-13,29,success,bank_transfer
66d97930-0315-42a9-becc-3615947b9012,M0304,2024-03-14,29,success,bank_transfer
e4f0933f-b606-4d43-9da1-66ac8075b3bb,M0304,2024-04-13,29,success,bank_transfer
069218d0-0dfd-4a40-be90-c6975854f927,M0304,2024-05-13,29,success,debit_card
7d175729-0f71-4d7d-901a-3a10b8167af1,M0305,2023-11-03,29,success,credit_card
64d0f5a4-ca4d-42c2-9bbc-5deb67b71d52,M0305,2023-12-03,29,success,bank_transfer
df13f65e-22d3-4821-9e12-e455efa530a0,M0305,2024-01-02,29,success,credit_card
862af570-2645-4b1a-9a34-e997c257871a,M0305,2024-02-01,29,success,bank_transfer
519262a9-ba7f-483e-9d92-3b6b81427252,M0305,2024-03-02,29,success,debit_card
99f560bd-83ea-410c-8129-2578e78fd22f,M0305,2024-04-01,29,success,debit_card
09a65ca8-5823-49be-a484-8079096b0ce7,M0305,2024-05-01,29,success,bank_transfer
bd222ae7-6bd8-4f6b-a836-d183a3f181fe,M0305,2024-05-31,29,success,bank_transfer
5774da56-08df-4f9f-b20c-6457f8209ae5,M0306,2022-03-28,29,success,debit_card
39d14da4-e3d8-4036-b0ba-ed28991474c9,M0306,2022-04-27,29,success,credit_card
3aacb3b1-775b-4b38-9e59-5f00daf737ce,M0306,2022-05-27,29,success,debit_card
fe9e55be-9eef-4053-bfa7-b7cda0cbb07f,M0306,2022-06-26,29,success,debit_card
4dfe6d38-bcc2-4133-93a7-54890f0e62c6,M0306,2022-07-26,29,success,bank_transfer
e798bc11-a1af-4b7c-91cc-9961908d01ae,M0306,2022-08-25,29,success,bank_transfer
5a80a821-a511-42f1-a643-6b9f561f7045,M0306,2022-09-24,29,success,bank_transfer
57f03ad0-c831-4da9-879b-02f6fbcdc526,M0306,2022-10-24,29,success,bank_transfer
19f68a90-9830-41e1-a1ae-30e6a413f5f5,M0306,2022-11-23,29,success,credit_card
bae184ad-cfe6-4d84-b0a3-c589f98de64d,M0306,2022-12-23,29,success,debit_card
4eea15ef-99c9-4556-b50d-3adee8ba4b2d,M0306,2023-01-22,29,success,debit_card
0621a908-4ab9-4508-b18d-f5d7633ef209,M0306,2023-02-21,29,success,debit_card
19672afc-f04a-4ca9-899e-a50d04896a54,M0306,2023-03-23,29,success,credit_card
52937884-6ba4-4ac0-9acf-ff207126d5d1,M0306,2023-04-22,29,success,bank_transfer
6bc21805-d89c-4d98-a97b-cb9096e48528,M0306,2023-05-22,29,success,bank_transfer
07ab7186-9297-45d3-95a3-376803973876,M0306,2023-06-21,29,success,bank_transfer
f4ae3f2c-ab5b-4327-a426-41458afb2a55,M0306,2023-07-21,29,success,bank_transfer
505760f2-d758-4517-8f45-f0345d2d3c3c,M0306,2023-08-20,29,success,bank_transfer
7a655798-b908-42e4-9b17-b378b01c186f,M0306,2023-09-19,29,success,debit_card
932402d5-cbb7-4796-85ae-3ea0d6b71348,M0306,2023-10-19,29,success,credit_card
4ea0219d-31f0-4657-bb65-7d2203272f85,M0306,2023-11-18,29,success,bank_transfer
69ed1aa7-a3aa-4077-9a0d-c5064bc5d154,M0306,2023-12-18,29,success,debit_card
07fb27a9-7876-4ec7-b743-d443878de43e,M0306,2024-01-17,29,success,bank_transfer
98a472fe-21fb-463b-bbbe-ce71d0c3d28b,M0306,2024-02-16,29,success,debit_card
10f3b15b-9afa-4293-b760-476d5ba672e4,M0306,2024-03-17,29,success,credit_card
4971a538-69ba-4e2f-977a-7db5fcada991,M0306,2024-04-16,29,success,bank_transfer
e39ab577-4cc3-4134-98c1-403bb40d1671,M0306,2024-05-16,29,success,bank_transfer
f05ae96e-d06c-4d05-8dc7-5a6cde5ed65f,M0307,2023-11-18,99,success,bank_transfer
06887bdd-9b33-4f2d-a5cb-01f1bfeb1949,M0307,2023-12-18,99,success,bank_transfer
1a8c853a-a661-4260-b9ba-5e71031ae3a4,M0307,2024-01-17,99,success,bank_transfer
2bd68ec6-339a-41c0-899d-47a5e41439fd,M0307,2024-02-16,99,success,credit_card
502d0b9b-f49b-4ea7-95b8-9280a4b43fd2,M0307,2024-03-17,99,success,bank_transfer
ee6016af-5dfb-4e7e-a5c9-e46f64ed325e,M0307,2024-04-16,99,success,credit_card
4e4914cc-fe63-4419-b1d7-431f270b8924,M0307,2024-05-16,99,success,debit_card
576ef9fd-4583-4f6d-81f1-49ab63c27306,M0308,2022-04-06,29,success,debit_card
733a0a0e-94b3-4d9c-a5b3-1e2e7d98be8c,M0308,2022-05-06,29,success,credit_card
9a3fec5b-9f37-4ab4-af79-12547638da75,M0308,2022-06-05,29,success,bank_transfer
1b389df1-1f7a-4ecf-b2c8-ff3c26e37b4e,M0308,2022-07-05,29,success,credit_card
ca63e456-7b74-4885-ac39-00aefffd0a01,M0308,2022-08-04,29,success,credit_card
a16fec5f-d14c-4e50-a775-ee67e4ab4fa3,M0308,2022-09-03,29,success,debit_card
e714aa57-297f-4faa-8640-e17ea1a74805,M0308,2022-10-03,29,success,debit_card
3bfed727-ca3d-474f-87a7-571fa20458f2,M0308,2022-11-02,29,success,credit_card
042d20de-6ddb-4417-b4a9-83203e12040d,M0308,2022-12-02,29,success,credit_card
678388e7-7cad-4d7b-9261-ef9f5eda0221,M0308,2023-01-01,29,success,bank_transfer
408f37c3-9db4-4fd4-93da-2ac74da3c577,M0308,2023-01-31,29,success,debit_card
9a545a05-8b1f-40bc-974c-5371c4c1b284,M0308,2023-03-02,29,success,credit_card
06acf523-3f72-4f1f-addf-e6df1560d6c1,M0308,2023-04-01,29,success,debit_card
8dfe22b3-a749-4f13-8c73-fe17dbd31dcd,M0308,2023-05-01,29,success,debit_card
c7f698f3-5556-4528-9af5-464f74bcd0d0,M0308,2023-05-31,29,success,bank_transfer
c3545694-45e4-4196-a850-1eeaaf6fdf08,M0308,2023-06-30,29,success,credit_card
db260259-2097-42fc-8a31-0bea8e3a6a90,M0308,2023-07-30,29,success,debit_card
bb2acdf4-7c8a-45b9-b04b-e45959176700,M0308,2023-08-29,29,success,debit_card
c0a34310-4782-4d7f-9cba-a8e6680b05f2,M0308,2023-09-28,29,success,bank_transfer
387aac9f-8cad-4a1b-8d30-308973377a9a,M0308,2023-10-28,29,success,bank_transfer
01ad2c6a-396e-460c-ae1d-c226a6dfb9f4,M0308,2023-11-27,29,success,credit_card
f274235b-cabd-409d-b84a-1c4adb059bd2,M0308,2023-12-27,29,success,credit_card
3d07ed2f-26bd-4568-9a03-17715b2bfa2c,M0308,2024-01-26,29,success,bank_transfer
40e7e30d-b06a-469c-8131-1ca8f262d583,M0308,2024-02-25,29,success,credit_card
cf72d6a8-637e-4d9b-ab11-46d4651579c0,M0308,2024-03-26,29,success,credit_card
30f6fd12-5970-4257-9465-959f53f3e724,M0308,2024-04-25,29,success,debit_card
35562a92-910f-4fad-b50e-c6c11761b67b,M0308,2024-05-25,29,success,credit_card
8a8358ac-26bb-48be-8cf8-bb5db71ccf08,M0309,2023-01-07,99,success,bank_transfer
594c2cd8-d6f8-48e2-b6c0-632bc949be07,M0309,2023-02-06,99,success,bank_transfer
aac989ce-6c73-4476-a2ba-1542102138e8,M0309,2023-03-08,99,success,debit_card
f7a2fdda-0458-4ece-8029-ca1c7b8f16c1,M0309,2023-04-07,99,success,credit_card
243f7b98-062b-4fa7-a543-ee634eb2cc20,M0309,2023-05-07,99,success,debit_card
a6258904-d64d-4370-8ae6-8221b47e3f4a,M0309,2023-06-06,99,success,debit_card
1a49b10d-1fd6-4865-a7a6-a258434aa0bb,M0309,2023-07-06,99,success,bank_transfer
482fdb26-381d-45b6-8055-be33240bb761,M0309,2023-08-05,99,success,credit_card
04736899-9351-4640-b3c3-9a15edf1da73,M0309,2023-09-04,99,success,bank_transfer
46ac2a89-705b-4f86-b7a7-ca55a772a288,M0309,2023-10-04,99,success,credit_card
e34e80b6-4377-4638-9bc6-781534fb6d3d,M0309,2023-11-03,99,success,credit_card
d20cc61a-5efb-4d54-9bdc-0c0d0f50495b,M0309,2023-12-03,99,success,debit_card
af17d420-413f-4cb3-8ef3-748ece2ebb30,M0309,2024-01-02,99,success,debit_card
24984ac7-2197-47b0-bc99-a74115dbf869,M0309,2024-02-01,99,success,bank_transfer
e26b2f08-bbf8-4c25-a5bf-9d20fc85c7b9,M0309,2024-03-02,99,success,credit_card
9693c6b4-2ba9-49b1-8ece-cbad83410d7e,M0309,2024-04-01,99,success,debit_card
34d9b2e7-5cd4-4e77-9c66-4ef2a9f69cf5,M0309,2024-05-01,99,success,debit_card
0647a3dc-2a86-432e-9d30-b2f300012ec8,M0309,2024-05-31,99,success,debit_card
a0f1bb69-559a-470b-8f22-9153cef333ee,M0310,2022-07-16,29,success,credit_card
829e33e9-3d83-43d5-b6ed-caf822b08e01,M0310,2022-08-15,29,success,credit_card
a99e4741-e405-4544-a8f4-8e24804ebaa7,M0310,2022-09-14,29,success,credit_card
8c56eee0-8693-4072-86bb-e204660fa547,M0310,2022-10-14,29,success,bank_transfer
63ec6ece-703f-44ea-aebd-50be7fad89b1,M0310,2022-11-13,29,success,debit_card
5799673c-c752-42fd-8462-e55d4c342620,M0311,2023-06-04,99,success,bank_transfer
ca4aa20a-7b8f-4e6c-8445-a9127bb3ed7e,M0311,2023-07-04,99,success,credit_card
c4518eac-e540-44e4-82ed-5825ca63c530,M0311,2023-08-03,99,success,debit_card
c6fd8704-aebc-42e7-8bd7-131f5328adf3,M0311,2023-09-02,99,success,credit_card
c12e8f37-2a24-4580-a411-77b8ed17c796,M0311,2023-10-02,99,success,debit_card
92971af0-07bc-4659-9d71-0dea47e9a83d,M0311,2023-11-01,99,success,credit_card
7ef27d46-efb3-4344-a9ad-3ed78056ccb5,M0311,2023-12-01,99,success,bank_transfer
cbdc41a9-6844-415a-82fc-141c6821a12b,M0311,2023-12-31,99,success,debit_card
b85cae4d-e0a4-4806-9762-35ce604de6de,M0311,2024-01-30,99,success,bank_transfer
968fc004-2f83-4500-980a-c25504585857,M0311,2024-02-29,99,success,credit_card
19aa6307-014f-4f39-99a4-98203699b489,M0311,2024-03-30,99,success,credit_card
e6b0333f-10b8-4137-8926-3214c019d141,M0311,2024-04-29,99,success,bank_transfer
fd0b57d3-41a2-413c-a62e-c96fb79bd8ff,M0311,2024-05-29,99,success,bank_transfer
dd759910-6d3b-4db2-9a9c-31beb4da3673,M0312,2023-11-09,59,success,credit_card
92ecb1e5-f4c3-442f-a6c6-1e21f9fcf959,M0312,2023-12-09,59,success,credit_card
d3fab762-b93d-4ef8-8568-5ba48814a12a,M0312,2024-01-08,59,success,bank_transfer
a202a30e-0d24-41ee-b2b3-2810b512214e,M0312,2024-02-07,59,success,credit_card
89d641a8-b33c-435e-b1e9-d0d0fb6287ee,M0312,2024-03-08,59,success,debit_card
e2a8359c-2d5b-44a8-8507-768657b55187,M0312,2024-04-07,59,success,debit_card
2f60b51c-1dad-42a9-8046-92505df12a69,M0312,2024-05-07,59,success,credit_card
eb4add11-1e43-4361-849a-9a950b468e30,M0313,2023-01-21,99,success,bank_transfer
fc9e2485-b764-4bd0-b50f-0b0827991eb2,M0313,2023-02-20,99,success,debit_card
13ed359c-7f8c-4d0c-bbf6-e422fb0d32ef,M0313,2023-03-22,99,success,debit_card
524477fa-a57f-4da9-8d8d-9e6924614324,M0313,2023-04-21,99,success,credit_card
e36eff59-c98c-4f4e-84b1-f99e55dae100,M0313,2023-05-21,99,failed,credit_card
e8f9a652-a0c6-496d-9715-8852578b47a8,M0313,2023-06-20,99,failed,credit_card
03565d78-5029-492c-bb18-81e654f1e94b,M0314,2023-03-25,59,success,debit_card
a14f174d-88c2-4e33-bb36-f7f4274c6124,M0314,2023-04-24,59,success,bank_transfer
c6b01bba-2629-45df-adb5-45077f532e66,M0314,2023-05-24,59,failed,debit_card
e5f89b60-1735-4d68-8a49-6dafe9e3d116,M0314,2023-06-23,59,success,debit_card
7ee0b0b0-ddf8-4d9f-a3c6-adfd6cb8116c,M0314,2023-07-23,59,success,debit_card
33f48ba0-9541-460c-9269-941a4e3622be,M0314,2023-08-22,59,success,bank_transfer
66e7b216-7bcc-4d0b-a518-fca950cf49c8,M0314,2023-09-21,59,success,debit_card
c121a96a-e0ec-4b8e-8dfb-aedf69d3d28e,M0314,2023-10-21,59,success,bank_transfer
0a8e64d4-2a2e-498f-9b18-de2ea21a670a,M0314,2023-11-20,59,success,debit_card
aaf62cb6-45ea-49a6-86c7-97eb53649ac4,M0315,2023-09-18,59,success,debit_card
a7db8dce-876c-4e43-a613-26cc57f1b0b9,M0315,2023-10-18,59,success,credit_card
665e5db1-829c-45f0-91e8-c1cc27caef55,M0315,2023-11-17,59,success,credit_card
bfe0fd06-0859-4055-96b7-18a58b6822f4,M0315,2023-12-17,59,success,credit_card
97d32182-27dd-4c71-8ff5-2efc4355be7b,M0315,2024-01-16,59,success,bank_transfer
62a96c01-60d6-4daf-bd7b-0cfc18ea9d76,M0315,2024-02-15,59,success,credit_card
531f746d-76eb-4635-9a76-099172a11edd,M0315,2024-03-16,59,success,credit_card
5b6af9a7-dc53-468c-a897-0b7515f0987b,M0315,2024-04-15,59,success,credit_card
bc24b9e5-3d89-4baf-888e-fa5616c74a1f,M0315,2024-05-15,59,success,debit_card
6e2e425a-7f3e-4c66-abbc-473e820503dc,M0316,2023-07-01,99,success,credit_card
1fddfc2d-d4af-493d-9375-c14d7312bd39,M0316,2023-07-31,99,success,bank_transfer
191cc907-2ea4-4338-99bd-455e193e3194,M0316,2023-08-30,99,success,credit_card
dde82c2c-fc4f-4c01-b616-e4ed09313d8d,M0316,2023-09-29,99,success,credit_card
54fd72e8-5772-4bbe-832d-b62b459002b4,M0316,2023-10-29,99,success,debit_card
3c2abc15-90e3-46dc-8313-17124b414060,M0316,2023-11-28,99,success,bank_transfer
655cbc28-7013-46e9-a14e-751ddaef1f25,M0316,2023-12-28,99,success,debit_card
e30cc3eb-94cb-4806-a9d5-85a691fb70cc,M0316,2024-01-27,99,success,credit_card
ef705e10-b839-4152-84a8-b29ef4924fe7,M0316,2024-02-26,99,success,bank_transfer
26665d58-e9e3-4f8c-9986-10f8a51cf768,M0316,2024-03-27,99,success,credit_card
108650d3-51f1-4d24-b285-74247392821d,M0317,2023-11-26,99,success,debit_card
40ab9be7-f374-4216-98bd-a87b649d0d49,M0317,2023-12-26,99,success,bank_transfer
18ae4e76-51b5-477f-aa39-34c1130ed32b,M0317,2024-01-25,99,success,bank_transfer
58bd7067-5d17-4b79-8885-85b9bd6689f4,M0317,2024-02-24,99,success,debit_card
855c86f1-bbe8-481d-9fd4-e757a23b167b,M0317,2024-03-25,99,success,bank_transfer
9479f324-4560-441d-a6f5-abf04180d8fe,M0317,2024-04-24,99,success,credit_card
e0148a19-fc55-4f54-91ff-c46a159c8436,M0317,2024-05-24,99,success,debit_card
a2823134-a82b-44b5-b59f-ca584193f6c2,M0318,2023-01-27,29,success,bank_transfer
040ad6bb-4702-4f1d-b3d0-feea27170fd8,M0318,2023-02-26,29,success,credit_card
01107954-68a3-4c21-a8a5-be974b8b1e07,M0318,2023-03-28,29,success,credit_card
0773708e-105b-4f37-acd6-5f6e11a9c70b,M0318,2023-04-27,29,success,bank_transfer
da989a03-efad-4cb0-96be-c9e81c30aed1,M0318,2023-05-27,29,success,bank_transfer
87e4d798-605d-4cb4-9cc8-9191979fec18,M0318,2023-06-26,29,success,credit_card
bcff32b0-69ec-4ca2-a6b2-da0a3f574fd8,M0318,2023-07-26,29,success,credit_card
67d7680a-4dc0-43c5-a0a8-2b6a493c2dd5,M0318,2023-08-25,29,success,credit_card
72c08deb-28d1-41c5-aaaa-7685a6f63f40,M0318,2023-09-24,29,success,bank_transfer
516e477c-298b-4e46-bcd5-1392d967d4a5,M0318,2023-10-24,29,success,credit_card
a30de0da-3b9c-40ae-828d-6b7b731e0f10,M0318,2023-11-23,29,failed,credit_card
c52ee04e-c912-46dd-a457-1a3fb6494e06,M0318,2023-12-23,29,success,bank_transfer
ebcd7fbc-c0c6-4e57-9b7d-dd51901711ba,M0318,2024-01-22,29,success,credit_card
e1f45438-0571-4dc5-8348-adb4d73db5e7,M0318,2024-02-21,29,success,bank_transfer
5f68ae44-c061-4c62-8ebc-97a58ae87d26,M0318,2024-03-22,29,success,credit_card
7d21402f-33cb-499c-bc99-986c94052770,M0318,2024-04-21,29,success,debit_card
55e11504-62cb-404a-95fe-508c7e1aae3c,M0318,2024-05-21,29,success,credit_card
f4f499bb-7443-4cfb-bc4c-4cc9a3e7be75,M0319,2023-09-12,29,success,credit_card
c7695c97-8216-4f74-9c00-2634f2b73bfa,M0319,2023-10-12,29,success,bank_transfer
04f0c594-913c-4812-9a46-38d1366668dc,M0319,2023-11-11,29,success,debit_card
2589d620-1fbe-456e-9547-374b6be59392,M0319,2023-12-11,29,success,debit_card
a3ad907f-9719-4fc0-b684-e1263bbe5df6,M0319,2024-01-10,29,success,bank_transfer
6cc04eb5-995c-4fba-b59b-975a4bd92c0c,M0319,2024-02-09,29,success,debit_card
e446086f-6357-48d9-89b4-f7ba9711f7c8,M0319,2024-03-10,29,success,debit_card
93024eef-8afc-43f0-ad74-b215da0ce0e0,M0320,2023-07-22,59,success,bank_transfer
cf027442-e623-42e5-a2bb-3d5d0f3de595,M0320,2023-08-21,59,success,credit_card
03a1ad6e-aaac-4495-ad4e-fc8989970669,M0320,2023-09-20,59,success,bank_transfer
98069381-f4e5-4fee-b15a-1fb24d764bb2,M0320,2023-10-20,59,success,debit_card
b7d5e73b-61aa-453f-b0ef-eaaac734b9d9,M0320,2023-11-19,59,success,bank_transfer
9ee8e204-a286-400a-a51b-35203af53482,M0320,2023-12-19,59,success,credit_card
c9e3af8a-8911-423d-87ae-71dbdab27428,M0320,2024-01-18,59,success,bank_transfer
fb95e67b-7d2c-4853-adcf-eb335f9ea1c9,M0320,2024-02-17,59,success,debit_card
8811730d-5f10-4692-b0a1-17f7a20c8f49,M0320,2024-03-18,59,success,bank_transfer
444a3be8-757e-4f92-b473-3ca65d9772da,M0320,2024-04-17,59,success,bank_transfer
8c904b85-fecf-42e6-a1b0-69045f328242,M0320,2024-05-17,59,success,bank_transfer
4c7fbac7-2b53-4dd1-a121-3e98ef7206c7,M0321,2022-10-19,29,success,debit_card
f6762b98-ccaf-407b-b23c-263c6893f03a,M0321,2022-11-18,29,success,credit_card
4c5f8ef4-29cb-4d19-b0bc-caebbd5ebb9e,M0321,2022-12-18,29,success,credit_card
3f4102ae-b064-4091-9d1a-97d1f164318e,M0321,2023-01-17,29,success,bank_transfer
b37826b2-ab2f-4cd8-b52d-107fd9895a96,M0321,2023-02-16,29,success,credit_card
e3bb7026-936c-4886-a4b7-0e31b833b35b,M0322,2023-03-24,99,success,bank_transfer
11092526-dbca-43f1-9836-28412444d3a9,M0322,2023-04-23,99,success,bank_transfer
35c30b0a-c33c-4447-ae61-b289fca79326,M0322,2023-05-23,99,success,bank_transfer
7453227e-ed18-4e02-ad10-bcd6be4a807d,M0322,2023-06-22,99,success,debit_card
75d0d2f6-7003-48b1-8fc9-5010b81447d0,M0322,2023-07-22,99,success,bank_transfer
6feccf59-5b66-4a55-b2b1-c80efc94d9d8,M0322,2023-08-21,99,success,bank_transfer
c5b35ae3-7ae6-45ef-a5d4-53c0915fb238,M0323,2023-03-01,29,failed,debit_card
7506eb79-229c-43e5-b6c6-6a790684af7e,M0323,2023-03-31,29,success,debit_card
3a9737f5-c293-4537-b28d-de7ec685a252,M0323,2023-04-30,29,success,credit_card
4c7736e0-5c9e-4901-b0ea-8bab58a8e563,M0323,2023-05-30,29,success,credit_card
62d7a5ed-7d17-4dfc-8faa-223a597bf186,M0323,2023-06-29,29,success,debit_card
2bd70cad-38ea-4df7-b2f1-78840cd4f496,M0323,2023-07-29,29,success,debit_card
6c5a2d76-c040-45e8-ab34-5676149858db,M0323,2023-08-28,29,success,bank_transfer
5124b0fe-ab86-4903-aed7-a53080248d5d,M0323,2023-09-27,29,success,credit_card
4c2bc012-aafb-4112-928a-8f6d6710806c,M0323,2023-10-27,29,success,credit_card
97e10873-3b19-4645-ae0b-eb928e114fd8,M0323,2023-11-26,29,success,bank_transfer
c0a82e49-4b87-4ffc-8999-aa934139d38a,M0323,2023-12-26,29,success,credit_card
8cff09b7-574b-434b-9ff5-d4aac665a53b,M0324,2023-01-19,99,success,debit_card
a41dcb94-2844-4c4e-be21-8f3c299c9375,M0324,2023-02-18,99,success,debit_card
2b55f254-df08-4bd5-9ebd-9cd81abb06e9,M0324,2023-03-20,99,success,debit_card
156d18c0-23d9-4ac4-9447-face33836f44,M0324,2023-04-19,99,success,bank_transfer
7202c9d4-d020-43ac-86c7-428fc67af5a3,M0324,2023-05-19,99,success,bank_transfer
36e4be4c-2184-421f-b269-64fd3890892b,M0324,2023-06-18,99,success,credit_card
d9f55a45-273a-41dd-be45-3f8e707df05d,M0324,2023-07-18,99,success,credit_card
e861d404-0ff5-464b-851f-342394195ee4,M0324,2023-08-17,99,success,bank_transfer
9a937611-fc04-481a-8e16-5cd6eb210f3e,M0325,2022-12-10,29,success,bank_transfer
5f48cbf6-7cb0-4721-81b9-b1d38debc7b8,M0325,2023-01-09,29,success,bank_transfer
1f09a152-ef7f-4b71-861e-c5249328a3aa,M0325,2023-02-08,29,success,credit_card
6fac9f56-7477-4dcb-b47b-280d71f4a825,M0325,2023-03-10,29,success,debit_card
8f482e16-5256-4b29-b44f-859eab7c8610,M0325,2023-04-09,29,success,credit_card
978f3e27-916e-4949-b291-aaf8062b652f,M0325,2023-05-09,29,success,debit_card
8dd241a2-1abd-485b-af2d-b3c63af9bff5,M0325,2023-06-08,29,success,credit_card
b916b9dc-5864-4031-962a-cc6c7d0801b0,M0325,2023-07-08,29,success,debit_card
7ac52e4d-702d-41f2-afa0-b8bed0e86244,M0325,2023-08-07,29,success,bank_transfer
712d42c4-2c22-4679-bcb8-51f09baa32c6,M0325,2023-09-06,29,success,bank_transfer
73bc776c-a84c-4bc7-82a3-99fcfff41b0b,M0325,2023-10-06,29,success,credit_card
6a4faf92-5d12-4f67-9eb2-b5a78203a999,M0325,2023-11-05,29,success,debit_card
49ab2107-2e92-45e0-896f-96225aa840fc,M0325,2023-12-05,29,success,bank_transfer
5e26ce82-fb53-4d06-98c3-1ab72f460b87,M0325,2024-01-04,29,success,bank_transfer
0c884069-397c-460c-99fb-83420bda4659,M0325,2024-02-03,29,success,debit_card
3212ca4d-dfc4-430d-b0d2-2872444bdbbe,M0325,2024-03-04,29,success,debit_card
9b80507b-a089-4255-9045-e8968eb5d972,M0325,2024-04-03,29,success,debit_card
9a44261a-d281-4319-ac96-5733c964c491,M0325,2024-05-03,29,success,debit_card
8330e5f7-e4b3-49a6-b1bc-62ed55491e3c,M0326,2023-12-14,59,success,debit_card
d9a1f07a-1581-431b-99fd-a7d6ae602a2c,M0326,2024-01-13,59,success,debit_card
09b1e01f-c9a9-4114-a541-f3e6a7d82294,M0326,2024-02-12,59,success,credit_card
cbfe5a65-0921-48bf-8281-70efefa20120,M0326,2024-03-13,59,success,debit_card
41fddd15-fc1e-477d-8706-619ca33e3170,M0326,2024-04-12,59,success,bank_transfer
72361c23-02f7-438b-af2c-f8f23a06baf4,M0326,2024-05-12,59,failed,bank_transfer
dab512f2-5b8b-478d-9517-e45de3740c1d,M0327,2023-09-23,29,success,debit_card
d96be9c2-ac07-4d11-bca5-00db0c26773e,M0327,2023-10-23,29,success,bank_transfer
15558d5d-251e-49c1-893e-894973a6e6e0,M0327,2023-11-22,29,success,bank_transfer
0f0706bd-5ef4-443f-9142-1437ab6f6a47,M0327,2023-12-22,29,success,credit_card
88ec695f-48c2-4f8f-93bc-479d6e3e4d20,M0328,2023-07-16,59,success,bank_transfer
45f0ba34-b0a4-4790-bfc0-80e033ec2bf7,M0328,2023-08-15,59,success,bank_transfer
36032974-2d7e-4e85-a055-5d49b58af697,M0328,2023-09-14,59,success,bank_transfer
608a16a1-95c9-4352-8629-4e1e7bea0a46,M0328,2023-10-14,59,success,credit_card
e1eed21f-911a-4a1b-b244-be5f84316a96,M0328,2023-11-13,59,success,credit_card
306d9ff4-c0ac-439b-8f19-1f283d2dc172,M0328,2023-12-13,59,success,bank_transfer
bcf50df1-0e6c-4216-bb3c-6d83ba4e25dc,M0328,2024-01-12,59,success,bank_transfer
1c2ae5c6-7d87-4a61-a924-3c1f5c40dd10,M0328,2024-02-11,59,success,bank_transfer
a5fe7ad3-5f45-45ae-8b50-b231f1bd0d9a,M0328,2024-03-12,59,success,bank_transfer
f46a4553-d2c0-4974-beb9-2b0eca3821f4,M0328,2024-04-11,59,success,bank_transfer
973502bb-3b66-44b2-ba7a-a956e63f83f8,M0328,2024-05-11,59,success,bank_transfer
b3b20a48-1398-49cd-b4df-c10510b1e146,M0329,2022-10-23,29,success,debit_card
345aaa75-7954-49ba-a9ce-c8d5f96d93e2,M0329,2022-11-22,29,success,bank_transfer
478dbdbe-12de-458a-9b51-1b77a4734eaa,M0329,2022-12-22,29,success,credit_card
d1bd6a67-2f73-43c5-bb43-39c38dabb681,M0329,2023-01-21,29,success,debit_card
b7888f45-eac1-4fc7-bf65-67234d3ce5f2,M0329,2023-02-20,29,success,debit_card
d8c0667a-21de-4471-ac59-d2e859e3150b,M0330,2023-09-30,29,success,credit_card
c3cc7a97-dd44-4728-b865-006082937b97,M0330,2023-10-30,29,success,debit_card
0c4f7e54-a9f1-4d23-bf00-dcff64f9c8e6,M0330,2023-11-29,29,success,debit_card
70bb655f-1f20-4ba4-b026-724bde2af406,M0330,2023-12-29,29,success,debit_card
6b1da0e6-ec24-4b38-8b42-48fbe0eb6aec,M0330,2024-01-28,29,success,credit_card
e6b5fe8f-e2cb-4911-806a-81abcc6e892c,M0330,2024-02-27,29,success,bank_transfer
e372e631-ddf7-4386-935e-f1f9fb3d5a2b,M0330,2024-03-28,29,success,credit_card
7199259d-e3e8-452a-80b2-5f7f927dd144,M0330,2024-04-27,29,success,debit_card
505d7834-2bc2-4618-906e-5e9eb463aa68,M0330,2024-05-27,29,success,credit_card
28173ff8-bd68-437b-9f7a-c78197fc1d8d,M0331,2023-07-03,59,success,credit_card
0268557d-f09b-4c92-aa79-e7361d7fb7e1,M0331,2023-08-02,59,success,debit_card
43917db4-f3aa-47e4-bb63-162cdf176998,M0331,2023-09-01,59,success,bank_transfer
aaf036f1-d871-4f96-b215-8b694f26cc74,M0331,2023-10-01,59,success,debit_card
d8b626b6-71fb-46c4-8138-ecddc2235707,M0331,2023-10-31,59,success,debit_card
852a0a1d-8dc0-4a96-b4a3-4e4ffaa6d5e8,M0331,2023-11-30,59,success,credit_card
b675592d-0e07-44d7-9c61-1fed17aacede,M0331,2023-12-30,59,success,bank_transfer
1d2c0a94-28f6-4904-85b9-8488a3a6cb35,M0331,2024-01-29,59,success,bank_transfer
17b29374-6c87-400b-8b5c-c48cd36b5c17,M0331,2024-02-28,59,success,credit_card
2849b6ed-4b37-451e-90ac-2cc5e544843a,M0331,2024-03-29,59,success,debit_card
0aae5a9f-76b7-4e23-b971-a17b845a278b,M0331,2024-04-28,59,failed,credit_card
d4fad447-150b-4969-b6ea-6b10b3acb979,M0332,2022-10-26,59,success,bank_transfer
006bb7d4-bf6e-4ce2-a4f8-c0e0cab0ab1e,M0332,2022-11-25,59,success,debit_card
0e5f88bb-07f3-4426-bc15-24f11fac43d8,M0332,2022-12-25,59,success,credit_card
68694fdd-bbd5-4bac-acd0-b0c2fc12990b,M0332,2023-01-24,59,success,debit_card
4ace6f7b-6afa-4b40-8966-d39b8cf4bafb,M0332,2023-02-23,59,failed,credit_card
5b900a14-a010-419b-9605-d886041886f6,M0332,2023-03-25,59,success,credit_card
c0081d9e-600a-439c-a9ec-ffe44886cff7,M0332,2023-04-24,59,success,bank_transfer
c75f0171-9370-4a0b-bcda-43622543daea,M0332,2023-05-24,59,success,debit_card
0ca2e2e9-8397-499b-9c79-7f2ead1dc3a9,M0332,2023-06-23,59,success,debit_card
10e4c356-2714-4861-a96c-530a22adad56,M0332,2023-07-23,59,success,credit_card
994d2083-3972-4336-9bbe-90c2ebe1c10f,M0332,2023-08-22,59,success,credit_card
d0137a9d-850f-485c-b89c-e86f2d0aeb08,M0332,2023-09-21,59,success,debit_card
aaf53b36-918a-4099-a86a-1120feb08e94,M0332,2023-10-21,59,success,bank_transfer
0bc9909b-9c02-4d58-b4dd-9e0995672e12,M0332,2023-11-20,59,success,bank_transfer
10ba98c9-2e6a-4062-a962-7f1e00907e52,M0332,2023-12-20,59,success,bank_transfer
44118177-ca82-46cc-a2c6-98b940ed7b44,M0332,2024-01-19,59,success,debit_card
bf6d9dc2-76e5-4268-98ea-74739658a988,M0332,2024-02-18,59,success,bank_transfer
f49760b3-ae96-4f27-a241-0265cdb3495d,M0332,2024-03-19,59,success,debit_card
3243b04e-5bf2-4a82-ba9b-bf519673f3fd,M0332,2024-04-18,59,success,debit_card
b2b7ea44-2341-4fb1-bd5a-e02ad151805e,M0332,2024-05-18,59,success,bank_transfer
5639d096-f23f-4a43-8e2a-98a4f8a44605,M0333,2023-03-03,59,success,bank_transfer
6e74fa2c-68a5-40a2-aa0a-189847527dc5,M0333,2023-04-02,59,success,bank_transfer
df2f6361-1428-4f2c-b53a-6bfe048718d6,M0333,2023-05-02,59,success,credit_card
c5c772be-c845-45c1-a4d5-62b8a09c2ffe,M0333,2023-06-01,59,success,debit_card
26b603f8-4f7d-470f-aadb-b36cb88b3167,M0334,2023-06-23,59,success,debit_card
a0400788-d439-4dbe-89bb-77d1790f5ceb,M0334,2023-07-23,59,success,debit_card
ead93e63-8c42-4cf1-b7a6-de39a04bd9b6,M0334,2023-08-22,59,success,bank_transfer
b3c995f5-5c03-4c06-ba01-80db8b8122ba,M0334,2023-09-21,59,success,credit_card
774c665d-3bbb-4bbe-b816-34622926add9,M0334,2023-10-21,59,success,debit_card
005b5fd5-22ff-46d2-8c2b-e778b3c8ae81,M0334,2023-11-20,59,success,bank_transfer
e4bf57bf-2998-4b4f-93e8-79a7e0162248,M0334,2023-12-20,59,success,bank_transfer
0e368a91-d9e5-4b54-9a73-eed36fceebd8,M0334,2024-01-19,59,success,debit_card
624f346c-f568-488e-9269-5e69826c5a71,M0334,2024-02-18,59,success,debit_card
3b93121f-cbc6-4a95-a721-0c42a4c90e8e,M0334,2024-03-19,59,success,credit_card
6ee24d24-7c0c-4328-828c-39cd0f0557c2,M0334,2024-04-18,59,success,credit_card
35023783-51a9-460f-880d-7ba27cdd3ff3,M0334,2024-05-18,59,success,bank_transfer
db8969ba-b8fe-4ccb-ae9d-85c2296ce532,M0335,2022-01-21,29,success,bank_transfer
a592a69d-1c68-471c-a13a-bb2ca231389e,M0335,2022-02-20,29,success,bank_transfer
921f2240-6a65-4c76-a241-fee564111321,M0335,2022-03-22,29,success,bank_transfer
359c06ff-d3e8-4ada-8541-c0bc9f6aa5eb,M0335,2022-04-21,29,success,debit_card
e92ff71a-bad5-45ef-939e-6a872ee152c9,M0335,2022-05-21,29,success,credit_card
71e7ce7f-9061-423f-965a-071a26740133,M0335,2022-06-20,29,success,debit_card
0373852c-a566-4808-a468-a6c7bf4e2547,M0335,2022-07-20,29,success,credit_card
85173ed8-ee18-4d1c-8283-016ef0ca626c,M0335,2022-08-19,29,success,debit_card
1c72a34e-42ba-4a96-8a9e-ea0bccf81100,M0335,2022-09-18,29,success,credit_card
ad4650c1-2b7d-4453-b4e8-5f23be632887,M0335,2022-10-18,29,success,bank_transfer
2968d3d8-f967-41f0-b6e9-8af5ccd3fc4b,M0335,2022-11-17,29,success,credit_card
4edbd56e-5749-4a5d-b0d4-fd816481a44c,M0335,2022-12-17,29,success,bank_transfer
d42b9c03-4c50-470e-89d2-a8b0b8edac05,M0335,2023-01-16,29,success,credit_card
da9ab92f-1036-468b-b1d4-884912e8a601,M0335,2023-02-15,29,success,credit_card
725f716e-26c7-495c-a266-866c0eb7c815,M0335,2023-03-17,29,success,bank_transfer
00482c8b-1668-421a-a6f7-713cb73b4a0d,M0335,2023-04-16,29,success,credit_card
6bec6a21-8b8b-405a-8f95-d845bdd8f1ba,M0335,2023-05-16,29,failed,credit_card
a8237772-a5a7-43f5-8470-4df343d2927f,M0335,2023-06-15,29,success,debit_card
3e6626b1-debe-4ebe-bd17-4d8d3548bbfb,M0335,2023-07-15,29,success,bank_transfer
78e87d31-d477-484c-8045-bc28cdd031db,M0335,2023-08-14,29,success,debit_card
e0c378a9-b29f-4bcc-8aa9-98f878a8fbf7,M0335,2023-09-13,29,success,debit_card
eb96f1c0-2542-4f19-bc10-321aa8a1589a,M0335,2023-10-13,29,success,credit_card
c2658286-7ce6-4138-b9c4-2ac4c738ed79,M0335,2023-11-12,29,success,credit_card
3e245699-87c0-4751-803e-08fec8bd3cbd,M0335,2023-12-12,29,success,debit_card
6a237d40-3225-45fa-ad64-3b6f3b15796e,M0335,2024-01-11,29,success,credit_card
35e8258e-b923-4ad9-8fad-94b66ea6a2df,M0335,2024-02-10,29,success,debit_card
d8a7ce39-26ae-40fe-8d00-e81de83ebd29,M0335,2024-03-11,29,success,credit_card
c9f36eab-e8a2-4df6-a7d1-87c2d8033f4f,M0335,2024-04-10,29,success,credit_card
bbc09535-8fb2-457b-b465-80bb191afd39,M0335,2024-05-10,29,success,credit_card
0d4e2dd4-af45-412f-a400-c37362312537,M0336,2023-01-18,29,success,debit_card
1e0f471f-5153-4f0d-8be8-e9de4362775a,M0336,2023-02-17,29,success,debit_card
d2b140f3-a63a-4b3a-815c-731a6b606a7b,M0336,2023-03-19,29,success,bank_transfer
4d1055bb-7c9e-480c-981a-a558cb9b37c1,M0336,2023-04-18,29,success,bank_transfer
ae892ede-1347-4fae-94bb-d6d812fb6a05,M0336,2023-05-18,29,success,bank_transfer
043acb9b-052a-4416-8eaf-9251e49e6019,M0336,2023-06-17,29,success,credit_card
7eb21aed-6587-478e-9edf-e25776ee918c,M0336,2023-07-17,29,success,bank_transfer
040e7fea-24a7-4b8b-8825-a46a0349bf42,M0336,2023-08-16,29,success,debit_card
a329c51d-4fd0-40a3-a549-66a8363f67dc,M0336,2023-09-15,29,success,bank_transfer
0a7541c5-90a8-4ea0-a70d-6d296b8a6bf3,M0336,2023-10-15,29,success,bank_transfer
36b2650b-f519-4c79-984f-4c644bc8472b,M0336,2023-11-14,29,success,bank_transfer
e19dc7a7-ceb6-4fb3-b372-e0673f341270,M0336,2023-12-14,29,success,credit_card
06ff8bf6-96fc-4a0b-8400-6ad0e9d408fa,M0336,2024-01-13,29,success,debit_card
d8638918-1b84-4535-bff6-9899cef952f1,M0336,2024-02-12,29,success,credit_card
7c36ce37-4515-4396-9d14-a39f7741a4b4,M0336,2024-03-13,29,success,debit_card
3b193557-f018-4052-90c1-6fd83735b042,M0336,2024-04-12,29,success,debit_card
128f306c-b317-4b1c-961c-70c8ebca6246,M0336,2024-05-12,29,success,bank_transfer
d049801d-c7d2-4869-b870-d764ac0a92b5,M0337,2022-09-04,59,success,credit_card
ede3d9f3-45df-4253-9406-312e9efac81d,M0337,2022-10-04,59,success,credit_card
e5114394-809b-492c-8ab5-43ee1c9e0517,M0337,2022-11-03,59,success,bank_transfer
cad3d46d-2816-4402-b9ec-bdc4458c2317,M0337,2022-12-03,59,success,credit_card
ede12cae-8be3-413b-9434-d8abaf025fc9,M0337,2023-01-02,59,success,debit_card
4f5eaca2-4967-46c4-8eb7-22542c1cfc75,M0337,2023-02-01,59,success,credit_card
41c29d94-4b8a-4454-a943-28e6e95ad34f,M0337,2023-03-03,59,success,credit_card
5a85d7bc-e4af-4427-8242-e8b2f0812e69,M0337,2023-04-02,59,success,debit_card
226399ea-de7f-4178-85bd-19c24a56a2d0,M0337,2023-05-02,59,success,bank_transfer
41a7029f-54e5-41ab-84bb-3a5eaf82c13c,M0337,2023-06-01,59,success,bank_transfer
7d5132dc-fefe-4066-bf68-dfbb99c01cb8,M0337,2023-07-01,59,success,bank_transfer
838d2b41-3716-458f-9885-b9939b443d2a,M0337,2023-07-31,59,success,credit_card
72508dd4-4c9d-4edf-a72e-001aa7e5e00a,M0337,2023-08-30,59,success,credit_card
0d97c6f3-77c4-4428-958b-7e6684a80116,M0337,2023-09-29,59,success,bank_transfer
214dea30-279c-40d4-abcb-53453ee50353,M0337,2023-10-29,59,success,bank_transfer
ce789355-5e53-4627-9cb4-f67e27fb99b0,M0337,2023-11-28,59,success,debit_card
58b42f40-25e3-4f95-8f08-ef9f44f7eef7,M0337,2023-12-28,59,success,debit_card
2f74b675-6b74-40a1-afc3-ecfc82be9201,M0337,2024-01-27,59,success,credit_card
c6ac1083-ba40-4473-91b7-a502793e03aa,M0337,2024-02-26,59,success,debit_card
00ec28df-df08-485e-a70d-5103fca5f56a,M0337,2024-03-27,59,success,debit_card
ab6c4568-c075-4bc5-966e-2efd0c8915d8,M0337,2024-04-26,59,success,bank_transfer
d380b727-e5f7-4a3f-8e2c-68f366d71a76,M0337,2024-05-26,59,success,credit_card
8a1c605b-b300-4fa7-b31c-d023a0df0fff,M0338,2022-12-07,59,success,debit_card
bc63737d-88da-477a-853d-183ce8501753,M0338,2023-01-06,59,success,debit_card
c28ee204-5909-4de7-bc71-103a5213c26f,M0338,2023-02-05,59,success,bank_transfer
0fa959cf-a6ce-476e-9128-fbd976514d8b,M0338,2023-03-07,59,success,debit_card
4b628770-00fc-432b-9143-cb2bb68e92a1,M0338,2023-04-06,59,success,debit_card
d13d6af3-5839-4318-89df-6753f3962987,M0338,2023-05-06,59,success,bank_transfer
064ddae0-2640-4ffe-aea1-8cb896c47e9f,M0338,2023-06-05,59,success,debit_card
67764643-84ca-4f93-b385-4f44a37627c8,M0338,2023-07-05,59,success,credit_card
19cbcecb-96cb-4e09-91c6-3d1ff735a466,M0339,2023-12-03,59,success,debit_card
b646cb75-264d-4c8e-99ff-3ce66a37fc71,M0339,2024-01-02,59,success,debit_card
23116640-261a-4c96-a214-4338db81ebd9,M0339,2024-02-01,59,success,debit_card
fa3f1a7d-9318-4a47-a4df-56646ce9ff1a,M0339,2024-03-02,59,success,debit_card
1854b32c-2bbc-4159-b763-df47f401817d,M0339,2024-04-01,59,success,debit_card
0cdfe705-ce8f-4aee-a18a-6e198340eb9f,M0339,2024-05-01,59,success,debit_card
29240821-2a68-466a-8cc2-7b2b3d4e7144,M0339,2024-05-31,59,success,credit_card
ede510a1-f7a9-4a44-a8a4-323dd970ccf2,M0340,2022-05-19,29,success,credit_card
04727dac-659e-4902-a424-55c87b53d5db,M0340,2022-06-18,29,success,debit_card
affcf3b7-a912-4425-9879-7c5cd0ab8a00,M0340,2022-07-18,29,success,credit_card
3b224e14-b86d-4aaf-8716-555648a0cabc,M0340,2022-08-17,29,success,bank_transfer
0f16b22b-c33f-429b-ad30-be4c8bdb0318,M0340,2022-09-16,29,success,bank_transfer
422bdef1-a6fd-41d2-aa20-ba521e2f0c21,M0340,2022-10-16,29,success,credit_card
0e90cc31-41f8-43ff-9d63-08e2cde527d0,M0340,2022-11-15,29,success,credit_card
cf840fdf-34c2-482a-9eff-900f5134af1d,M0340,2022-12-15,29,success,credit_card
ff157648-b731-4276-9c41-c8ccd7709a8d,M0340,2023-01-14,29,success,credit_card
cf19d96b-5ee4-422e-8640-9380e1e949e1,M0340,2023-02-13,29,success,debit_card
c5d7bbdd-4026-47cd-827b-5097fddef60d,M0341,2022-07-24,29,success,bank_transfer
d4aaee0e-0dfe-4093-af16-202e1fe47be7,M0341,2022-08-23,29,success,credit_card
d870f959-b382-40a3-ad26-5f96f39c9294,M0341,2022-09-22,29,success,debit_card
d5e8f69c-5c6f-44cd-916d-6a1ab361067c,M0341,2022-10-22,29,success,credit_card
d4c99588-076c-4d75-ab74-d31d5fb02d46,M0341,2022-11-21,29,success,debit_card
e0722f4d-45ac-416f-bb7c-5c6e837dac46,M0341,2022-12-21,29,success,credit_card
a7646dc4-9be6-416a-9cb1-7383edb5d9bd,M0341,2023-01-20,29,success,credit_card
05b27dba-e591-45b2-9909-cb12abe8e216,M0341,2023-02-19,29,success,debit_card
a6baedf6-16ec-4218-828e-508b4d720e81,M0341,2023-03-21,29,success,bank_transfer
9a014ab8-4af4-4c58-8682-0816c06e8442,M0341,2023-04-20,29,success,credit_card
f0624f50-1d9a-4391-befe-445d622e031b,M0341,2023-05-20,29,success,credit_card
9cc98090-5657-424e-886e-b82e0bf2c64f,M0341,2023-06-19,29,success,bank_transfer
07a46da6-e13b-498f-a9a9-9638169b8d34,M0341,2023-07-19,29,success,debit_card
6eff14d2-e3f1-4813-b296-f15686256c68,M0341,2023-08-18,29,success,credit_card
b41e9084-5fd4-4557-ab9e-4685c3ab9e25,M0341,2023-09-17,29,success,debit_card
32e2e518-51a5-4084-b293-2b04303b09f5,M0341,2023-10-17,29,failed,bank_transfer
f6ebda2c-a76c-4381-b893-1b8bc9135d1d,M0341,2023-11-16,29,success,credit_card
7852343f-1f5f-40b0-bae0-d3a733eb8745,M0341,2023-12-16,29,success,bank_transfer
5111094f-ca2a-4419-b1d6-53dca52c65d5,M0341,2024-01-15,29,success,debit_card
d520fd87-305b-44cf-a618-ec18f73f4100,M0341,2024-02-14,29,success,credit_card
92b53ab6-c1ee-417e-ba4a-8ddf6a3d752e,M0341,2024-03-15,29,success,debit_card
a1181c66-e0c7-43f8-a212-90f4ca8a902a,M0341,2024-04-14,29,success,credit_card
cd69c2c1-3646-4a89-a853-61c76639a165,M0341,2024-05-14,29,success,bank_transfer
c1e399b4-c4f1-42cc-9103-4845d591205a,M0342,2023-02-12,59,success,bank_transfer
1abc65dd-0597-4903-868a-a8cd00091658,M0342,2023-03-14,59,success,credit_card
39e822f7-9e13-44f0-8404-979b0591fdc0,M0342,2023-04-13,59,success,bank_transfer
56ab5c04-37e3-40c6-9ad6-fd56d25ca3d0,M0342,2023-05-13,59,success,credit_card
ef380672-e6ad-48ff-b533-19e5655ec58e,M0342,2023-06-12,59,success,bank_transfer
1ea81679-2740-429f-9163-fb67eb1b778f,M0342,2023-07-12,59,success,credit_card
45eea00f-b668-49e8-a11d-09b6e33880f4,M0342,2023-08-11,59,success,debit_card
3469e6f3-5db6-46b4-a5ab-5c5ef7cedba7,M0342,2023-09-10,59,success,debit_card
a250e5ed-bdd2-471e-a747-77ecb15f5f4e,M0342,2023-10-10,59,success,credit_card
20dc3e1b-bcea-4f9e-b1e8-735b0275633a,M0342,2023-11-09,59,success,debit_card
b7767e6b-e050-47bf-9030-c10fd901d575,M0342,2023-12-09,59,success,debit_card
e19ca58f-2ad0-49c0-9fde-3ef9678b15ee,M0342,2024-01-08,59,success,bank_transfer
15dd35cb-e960-40dd-b655-273ed6025a0b,M0342,2024-02-07,59,success,debit_card
b5319815-6d71-4483-88e0-f5b73b6c6401,M0342,2024-03-08,59,success,credit_card
13b93f65-14af-4cff-b662-a6bb742eef30,M0342,2024-04-07,59,success,bank_transfer
370a164b-d66d-48ad-8338-3fef0adfde83,M0342,2024-05-07,59,success,debit_card
fecb8635-2af3-486e-9feb-e7e6177e3767,M0343,2023-10-25,99,success,bank_transfer
c7bf20e1-831f-490a-a2fb-df604d5a6b6e,M0343,2023-11-24,99,success,debit_card
e627f986-df4f-43cd-b349-3d7a990882b1,M0343,2023-12-24,99,failed,debit_card
b3aa8b45-f1fa-434a-80da-7e10f140e2a0,M0343,2024-01-23,99,success,debit_card
095e2f72-3fb5-4653-8e4c-aebae5226f7f,M0343,2024-02-22,99,success,bank_transfer
44d90909-c2f8-4ecc-83a0-acd6c56453fc,M0343,2024-03-23,99,success,credit_card
70196ddd-ebb6-4079-bd91-4596ee02d0c0,M0343,2024-04-22,99,success,credit_card
86ae3b5a-bae7-47e5-9dc0-2070fcd87d93,M0343,2024-05-22,99,success,credit_card
69eb1674-f7cd-40a7-baa0-2e29b3cdf5b9,M0344,2022-12-06,59,success,debit_card
5690affc-70c3-4951-be39-4f2732e55df5,M0344,2023-01-05,59,success,bank_transfer
e0cab70a-b81c-41d3-92fa-0b059cdf8f64,M0344,2023-02-04,59,success,credit_card
7a05c18d-dbaf-4359-b75b-ee8a0a4f9a86,M0344,2023-03-06,59,success,credit_card
5c974092-92d2-4530-a3b5-04d1ce1ce3a3,M0344,2023-04-05,59,success,credit_card
a349ada9-06a2-4956-8def-fb4ecf006405,M0344,2023-05-05,59,success,debit_card
dfb01811-4d4e-4ea5-bc43-232159abe171,M0344,2023-06-04,59,success,credit_card
02e04d68-518c-4057-9587-b131ef8167bd,M0344,2023-07-04,59,success,bank_transfer
267905fc-434f-4050-9650-fc860891e90b,M0344,2023-08-03,59,success,bank_transfer
824ed58f-b2ce-493f-b2af-7a031ea16b01,M0344,2023-09-02,59,success,bank_transfer
26eb2571-fb2e-472b-9f7d-0d861b17c86b,M0344,2023-10-02,59,success,credit_card
9b57581a-8e81-4c43-a0a0-615b945b2e53,M0344,2023-11-01,59,success,debit_card
8a30f6f6-eeb8-4f54-bd13-c4ed1b64dbbf,M0344,2023-12-01,59,success,bank_transfer
b1ed4959-ec58-4f04-bf17-5121ef1a7a8b,M0344,2023-12-31,59,success,credit_card
3a222373-f615-4371-ba10-44ffb7e67447,M0344,2024-01-30,59,success,bank_transfer
e6b601c0-9386-4b58-83ee-adc4abdf599f,M0344,2024-02-29,59,success,debit_card
7ab45ac8-0e21-4970-941c-9eee21c4baac,M0344,2024-03-30,59,success,debit_card
bc619e97-9162-467b-8553-91484974e63c,M0344,2024-04-29,59,success,bank_transfer
9d67fe58-b454-4bee-9500-051d5983a032,M0344,2024-05-29,59,success,bank_transfer
60c70610-f5f1-4088-be2a-7e7f7f2baf8a,M0345,2023-03-27,29,success,bank_transfer
e5240564-f85b-4fb6-b796-c83fd13ca5d4,M0345,2023-04-26,29,success,debit_card
371c7056-1d54-4d3d-9e2e-828322f2aacf,M0345,2023-05-26,29,success,bank_transfer
709f6b69-aa89-4815-8e14-beac1f9a891a,M0345,2023-06-25,29,success,bank_transfer
80054718-6344-487b-bd36-3526f0b9d5f3,M0345,2023-07-25,29,success,credit_card
1cdfe483-5254-4af6-9280-ca57c9523b60,M0345,2023-08-24,29,success,debit_card
f9021e2f-6278-4dbf-a7af-b60909e33094,M0345,2023-09-23,29,success,debit_card
df1fee87-6d8a-45fc-a26d-8555f696926d,M0345,2023-10-23,29,success,credit_card
d5a06020-82b3-4deb-9c90-8e44b78ffd26,M0345,2023-11-22,29,success,bank_transfer
cf90c7ff-95b6-4ca2-83f1-1dab2833dc8e,M0345,2023-12-22,29,success,credit_card
48e0f445-f478-471c-9b06-6b9250485bdb,M0345,2024-01-21,29,success,credit_card
37e74c50-182c-42ac-a29b-05dce7fec088,M0345,2024-02-20,29,success,debit_card
9e411454-6d1a-4d6a-83cb-30fb01db3c06,M0345,2024-03-21,29,success,bank_transfer
4b2f9339-2af3-47ca-8690-2ea9e193ce67,M0345,2024-04-20,29,success,debit_card
2f3a9bc9-51bb-4ad6-8bb5-8953cd4860e0,M0345,2024-05-20,29,success,bank_transfer
1e8726db-3e0d-4065-9046-04bf2e36e6cf,M0346,2023-12-10,99,success,credit_card
8f15932c-6ed4-467d-be09-1357ed87aaee,M0346,2024-01-09,99,success,debit_card
81f5bc34-4fe1-4b13-aaf3-d1be407bff1d,M0346,2024-02-08,99,success,bank_transfer
f347c74a-2c50-4a7a-a9b4-f85df1e3a697,M0346,2024-03-09,99,success,bank_transfer
13181f35-67e7-44e5-ad2e-7a0d3a331be0,M0346,2024-04-08,99,success,debit_card
823435cc-5075-48a8-8f1f-31ec0133cccc,M0346,2024-05-08,99,success,debit_card
9a7c81f4-5e47-4ad5-a4d2-c094f4cb90d4,M0347,2022-03-26,29,success,credit_card
938b4d56-c10c-4109-b5cf-fb1178330b96,M0347,2022-04-25,29,success,bank_transfer
d9db2024-2eae-40c6-9f32-36820d4f4c9c,M0347,2022-05-25,29,success,bank_transfer
1be10a8b-4e70-4b81-956b-b9d71abf2937,M0347,2022-06-24,29,success,debit_card
63eb7025-9b7f-4795-b3cc-390c9521575e,M0347,2022-07-24,29,success,debit_card
a63d1014-dd99-4159-8322-1ffbb5337e1e,M0347,2022-08-23,29,success,credit_card
63710f3f-800c-455d-97e1-c682a02fd316,M0347,2022-09-22,29,success,bank_transfer
f554df7b-1133-4561-a9b8-52a9f4c5d6f4,M0347,2022-10-22,29,success,credit_card
80fda91a-18ff-4309-b64d-4eb90cd82038,M0347,2022-11-21,29,success,bank_transfer
f455f17b-468a-479b-b608-4a6661ec9155,M0347,2022-12-21,29,success,credit_card
0e1719e4-7aa2-4ae5-ba1f-58e42fe79d13,M0347,2023-01-20,29,success,credit_card
256db92a-cf79-4478-98e0-39d809ae8933,M0347,2023-02-19,29,success,credit_card
aafbfd60-0c88-46f0-9cf6-6c915b2f5e55,M0347,2023-03-21,29,success,credit_card
34bae60a-430a-4b85-a420-ecddfa11b599,M0347,2023-04-20,29,success,credit_card
0a4d4236-5560-4d82-94de-6e80c4d9cab4,M0347,2023-05-20,29,success,credit_card
aaf2fece-1a2c-4f8a-84d8-93b46bee25bb,M0347,2023-06-19,29,success,debit_card
f3d92872-1262-4189-b6d4-5a2fbaa77b34,M0347,2023-07-19,29,success,bank_transfer
36d09d9f-8fb1-4fcf-b403-2fc73d866608,M0347,2023-08-18,29,success,credit_card
d65c1876-4503-4498-b08b-58e06afcbded,M0347,2023-09-17,29,success,bank_transfer
5409c759-2825-412c-85da-6b0bfcbba331,M0347,2023-10-17,29,success,credit_card
d4c13107-6638-4a43-9633-ae5dd18ec782,M0347,2023-11-16,29,success,credit_card
5a5d8500-4539-4d5e-b9d5-085d806d8a09,M0347,2023-12-16,29,success,debit_card
ab0ce2c9-d61c-4b3b-99dc-6707f7e9c573,M0347,2024-01-15,29,success,debit_card
224259d5-8e0e-48b2-aebf-a3824c06d9ae,M0347,2024-02-14,29,success,debit_card
ab52c5c1-354e-49eb-9fa4-2a91b102b538,M0347,2024-03-15,29,success,debit_card
6837b9a9-6a13-4483-97b7-83ad7a7c3edb,M0347,2024-04-14,29,success,bank_transfer
f865d78e-9ccb-4c45-ad68-4abef2f67546,M0347,2024-05-14,29,success,bank_transfer
f2c7f271-cb6c-49a3-ab87-2146e882ccc5,M0348,2023-07-13,29,success,bank_transfer
d6a384e3-eeba-4fda-8d06-af309afcdb17,M0348,2023-08-12,29,success,bank_transfer
59883e4d-2bc0-4e0d-9bc3-18c5ffc8b8ca,M0348,2023-09-11,29,success,credit_card
26a01078-64a7-4d7b-bc31-84e4dc7519a6,M0348,2023-10-11,29,success,credit_card
1b928da1-fb93-42ad-9333-5cf18d5455df,M0348,2023-11-10,29,success,bank_transfer
8708c222-8abb-494e-877f-c5caf07ac951,M0348,2023-12-10,29,success,debit_card
a2d864ee-8f00-4af4-a8f7-892962080032,M0348,2024-01-09,29,success,bank_transfer
d4da9e7a-85f6-4d1b-8032-18d358fd23c2,M0348,2024-02-08,29,success,bank_transfer
d5b4ee91-c2f6-4bbe-b480-3b779cc10ea6,M0348,2024-03-09,29,success,bank_transfer
a1bfb51a-7509-4a92-8c49-26bfb830b6e2,M0348,2024-04-08,29,success,credit_card
cdd4cb2a-bbcf-4732-8301-e0303a373277,M0348,2024-05-08,29,success,credit_card
3a8325c2-fe5d-47f0-a8ab-b73daf8df585,M0349,2022-10-30,59,success,credit_card
cc125822-f4a8-49f9-861c-ab0ee4d3ebd2,M0349,2022-11-29,59,success,bank_transfer
ef62e70d-0b53-4d59-bf26-7ad2878b6fb7,M0349,2022-12-29,59,success,credit_card
684c4a4b-620d-430c-9fd7-13586f2c715c,M0349,2023-01-28,59,success,credit_card
128aaf02-92ca-4fc4-81db-19f2905bc7c7,M0349,2023-02-27,59,success,credit_card
c5580277-8a96-4bc6-803e-0af9ecf23a07,M0349,2023-03-29,59,success,debit_card
97df415f-2214-4cea-95c5-2d0c471defd5,M0349,2023-04-28,59,success,debit_card
b099905a-a6bd-4f8f-98ed-491bed39f660,M0349,2023-05-28,59,success,bank_transfer
9d9353dc-ee76-4d73-9348-370bde7db4df,M0349,2023-06-27,59,success,credit_card
48e9e402-6730-4c37-84e4-ffb0f3c6efcb,M0349,2023-07-27,59,success,debit_card
7190b856-1e60-4688-a4fe-a6d073135af9,M0349,2023-08-26,59,success,bank_transfer
a3791f7b-229e-4b0b-aa8a-60dffb790708,M0349,2023-09-25,59,success,debit_card
f7856720-3eed-4b8c-a765-189ff6c91184,M0349,2023-10-25,59,success,debit_card
d9c0f6a3-a644-47ed-a9fa-4a8804bdf113,M0349,2023-11-24,59,success,bank_transfer
8b72d6e8-516e-4cae-9d47-9b844321492a,M0349,2023-12-24,59,success,credit_card
ae0d33b0-8d5f-456c-a8fa-a51b83a26ae6,M0349,2024-01-23,59,success,debit_card
3ae0348d-6fec-4622-81c9-6f94451666a2,M0349,2024-02-22,59,success,debit_card
3d0c20bd-476c-4198-93ce-2ba609104522,M0349,2024-03-23,59,success,debit_card
239f642f-742a-4e97-bfdc-6b1955ec0696,M0349,2024-04-22,59,success,debit_card
12ccdeab-2d78-47e5-9c93-278659442545,M0349,2024-05-22,59,success,bank_transfer
432bde9b-8919-42c6-b9a9-b011c1ff2b99,M0350,2023-12-08,29,success,bank_transfer
3d6a71cc-3688-4f55-929c-30d457f0f0f1,M0350,2024-01-07,29,success,credit_card
4901628a-b8e1-455a-83b9-34c8f7d45a11,M0350,2024-02-06,29,success,debit_card
146c1f03-fd27-4bb2-8a4c-d4a97eaa87f4,M0350,2024-03-07,29,success,debit_card
003b1264-8e9e-4a1b-948a-9447ab55136f,M0350,2024-04-06,29,success,credit_card
ce203518-2abc-4972-ae3e-32fbeb51e32e,M0350,2024-05-06,29,success,credit_card
509d6074-4aa7-4b7a-a7c1-28e2176be4b9,M0351,2023-09-22,29,success,credit_card
97cf703c-da35-486b-a0bc-99d0aa95579b,M0351,2023-10-22,29,success,credit_card
89f64236-e24f-422b-9d98-821bf6ebc586,M0351,2023-11-21,29,success,debit_card
b8b98c32-ae39-4120-8354-77c592af2d6f,M0351,2023-12-21,29,success,credit_card
8a36522e-f06d-4535-ade9-ee9ef573aafd,M0351,2024-01-20,29,success,debit_card
38b4bebf-f115-4386-a79d-bb9efa43e578,M0351,2024-02-19,29,success,debit_card
ff61afa3-d7cb-4f0d-a14c-2be2f2de511e,M0351,2024-03-20,29,success,bank_transfer
83f276a7-b1c1-4f7e-8953-6c6f64b87536,M0351,2024-04-19,29,success,bank_transfer
09056209-3c47-4310-89f6-4f17d2f3dc17,M0351,2024-05-19,29,success,bank_transfer
7936b528-96e1-4de1-ac38-6c8101f3864f,M0352,2023-11-19,29,success,debit_card
a5b59e1e-3a75-415e-b45e-5836c616d313,M0352,2023-12-19,29,success,bank_transfer
4bdb06d6-43e3-4a57-89b3-d5f49daae83f,M0352,2024-01-18,29,success,debit_card
1f90afab-d337-4d7d-8f9a-0328a4f70ca1,M0352,2024-02-17,29,success,bank_transfer
b2e6e8c7-1a20-4493-b2b1-61396fe4883c,M0352,2024-03-18,29,success,bank_transfer
f448ac53-f5d4-41b7-a260-faba83635fab,M0352,2024-04-17,29,success,bank_transfer
67b46892-8e32-476b-9c2c-5e0c2ad6cbfd,M0352,2024-05-17,29,success,debit_card
af915255-807e-4a0b-b75e-2c8262a82d94,M0353,2022-06-13,29,success,bank_transfer
e9cb31cf-39cb-4680-ad43-47481c812db8,M0353,2022-07-13,29,success,bank_transfer
7f7f45ca-dc4c-4f08-a83d-00f6fcbd761f,M0353,2022-08-12,29,success,credit_card
8f7b0b06-2437-4bd2-b451-2fb25ae2bca4,M0353,2022-09-11,29,success,bank_transfer
8cfb1d7a-6aab-4df3-a7a7-01a7d4e90804,M0353,2022-10-11,29,success,credit_card
40fa1f19-d51b-4246-b45a-a8cf86ae46cd,M0353,2022-11-10,29,success,credit_card
cb8c1f97-41e4-40ca-81a6-4ee7d843c623,M0353,2022-12-10,29,success,credit_card
0daf0f0f-a872-4d89-9d76-44863f68eba6,M0353,2023-01-09,29,success,credit_card
13c1db66-43ce-4b58-b120-a82d39e58c42,M0353,2023-02-08,29,success,bank_transfer
e242842d-cb0c-4aee-91d5-4e57e9e3ce8b,M0353,2023-03-10,29,success,debit_card
473435cc-3c5c-415f-8ad1-4e2448cf2456,M0353,2023-04-09,29,success,bank_transfer
9544cbd8-73ad-4ee3-96ce-cb10a7e5d00f,M0353,2023-05-09,29,success,credit_card
37780a9d-2b49-4181-9caa-61d1a1829975,M0353,2023-06-08,29,success,bank_transfer
35f4e6d5-1fb5-47a1-9586-824bebf72227,M0353,2023-07-08,29,failed,bank_transfer
3bdaeaf3-9f03-4899-8453-546f01c04204,M0353,2023-08-07,29,success,debit_card
89e28ab2-f13d-4a7a-815b-932e55128d62,M0353,2023-09-06,29,success,credit_card
0c8c9b92-07b1-4914-a4d3-204def2d3b56,M0353,2023-10-06,29,success,bank_transfer
2c49e451-1e5a-476a-9a1f-e824afe729f4,M0353,2023-11-05,29,success,debit_card
14965597-c181-40cb-95ca-a50db07dd40a,M0353,2023-12-05,29,success,bank_transfer
1ad9da41-7ca4-493d-92ad-3b714d93c57a,M0353,2024-01-04,29,success,bank_transfer
87c9f2ba-46c1-4d24-88bd-cff9c08575c0,M0353,2024-02-03,29,success,credit_card
c70bb57f-2327-4b3e-a2c8-9d8f14a4bfcd,M0353,2024-03-04,29,success,bank_transfer
15a4d466-18cf-4e14-bcf7-f608f40a8d2a,M0353,2024-04-03,29,success,debit_card
8aa253de-124f-46df-a194-37786d645587,M0353,2024-05-03,29,success,debit_card
455483cc-8a32-41ea-8cb3-dad5faac55b7,M0354,2023-03-25,29,success,bank_transfer
e71d8085-70ab-43bd-8697-829a8b406a71,M0354,2023-04-24,29,success,bank_transfer
f711f2e8-ec58-44ff-8c4e-9155f0d6be50,M0354,2023-05-24,29,success,bank_transfer
43bed58f-6235-4a81-afbc-74c32feb756c,M0354,2023-06-23,29,success,credit_card
e91253ba-4b66-4f09-a9d9-01e3192d66fa,M0355,2023-01-06,59,success,bank_transfer
5d6213ef-086c-4f28-9fdd-47ed19ff0cc5,M0355,2023-02-05,59,success,debit_card
182ff7dd-f760-4165-94b2-a1d130667be8,M0355,2023-03-07,59,success,bank_transfer
13d39000-5efc-479d-b086-2b624e7f6aea,M0355,2023-04-06,59,success,debit_card
52f8ea08-3baf-4b8e-bff1-fee05f4df31b,M0355,2023-05-06,59,success,credit_card
a560eaa5-2b33-4292-9008-14262ef4f985,M0355,2023-06-05,59,success,credit_card
d535d3f0-09bc-445a-9c2c-e3fac33da994,M0355,2023-07-05,59,success,bank_transfer
e76460f1-a645-43b1-b5d5-c45b75de35c5,M0355,2023-08-04,59,success,credit_card
7a205583-db5c-4fc6-b549-8c0fd3ec1088,M0355,2023-09-03,59,success,credit_card
1eacaa55-18f8-4a91-bc30-469e739db8d5,M0355,2023-10-03,59,success,debit_card
c252352d-52af-452f-993e-005e4fdfb6d0,M0355,2023-11-02,59,success,bank_transfer
9f669f31-3495-4480-b63a-cf22900df481,M0355,2023-12-02,59,success,debit_card
9adabd77-4396-406e-874c-e3cc2e7c74bc,M0355,2024-01-01,59,success,bank_transfer
473326f6-3a45-44bf-8911-12681f0e12c2,M0355,2024-01-31,59,success,credit_card
192c6519-b6a7-4791-a8da-bae23f94d90b,M0355,2024-03-01,59,success,bank_transfer
6c848eb2-4d37-44a7-9f9c-1a45deff4cea,M0355,2024-03-31,59,success,credit_card
0a8efe5f-b6c7-411c-a6d1-16d2870a76db,M0355,2024-04-30,59,success,debit_card
f00b293d-1f3b-4daa-8db3-c1848881a1d9,M0355,2024-05-30,59,success,credit_card
79ff527d-ad23-4d7f-b638-a6bd21a2d634,M0356,2023-11-27,29,success,debit_card
c5796a75-e539-4792-917e-14d80c5a68de,M0356,2023-12-27,29,success,credit_card
e460551c-d99e-4681-b76e-4561c3df0611,M0356,2024-01-26,29,success,credit_card
177817fb-423c-4f9f-a090-47e570d6df2d,M0356,2024-02-25,29,success,debit_card
0bf6d496-2a56-4e84-b9f4-1c5e877e47ad,M0356,2024-03-26,29,success,debit_card
b3d27ac6-177d-47da-acbf-1a39b4c19607,M0356,2024-04-25,29,success,debit_card
456576b5-131f-4edc-80dd-83e4ec28246f,M0356,2024-05-25,29,success,debit_card
47c14d9c-1076-401c-8376-a8bcc809328b,M0357,2023-08-11,29,success,bank_transfer
f8568946-a060-45ef-a0e9-88d5cdb39ede,M0357,2023-09-10,29,success,bank_transfer
7404d044-6a26-49d1-9c8c-c5525dc0a0e8,M0357,2023-10-10,29,success,credit_card
2325500e-183d-4026-8e97-ef927db49d4e,M0357,2023-11-09,29,success,bank_transfer
49d34292-64be-4f5f-97fe-8adf3ce104e9,M0357,2023-12-09,29,success,bank_transfer
de610a4f-215d-49cd-a8da-165fe5737b90,M0357,2024-01-08,29,success,bank_transfer
0fc4e077-3be6-4669-a99e-a2a9117c1353,M0357,2024-02-07,29,success,bank_transfer
91a9b922-ba91-4aa6-a5d0-f11360d18d60,M0357,2024-03-08,29,success,debit_card
0877429f-4934-40b7-b79f-406e46a28e97,M0357,2024-04-07,29,success,bank_transfer
0e1d0a96-e950-4c9a-bd29-12855aa0c95f,M0358,2022-09-13,29,success,bank_transfer
932ede3f-5a4c-4143-b75e-5207b453b263,M0358,2022-10-13,29,success,debit_card
affbde61-cd9c-4487-adf5-3c86974e682a,M0358,2022-11-12,29,success,credit_card
806400d8-329c-4d4f-acb8-2d04e465c715,M0358,2022-12-12,29,success,debit_card
5daca336-3196-4d05-8843-19ae9cc95264,M0358,2023-01-11,29,success,credit_card
375bfaa8-2a2d-4668-8758-65881eace37f,M0358,2023-02-10,29,success,bank_transfer
f342c89c-7190-4bdd-812b-717975959500,M0358,2023-03-12,29,success,credit_card
f281d712-5a8b-4d6b-910a-444dc62fd72f,M0358,2023-04-11,29,success,debit_card
41cadb01-1a73-4109-b2c0-2a8f9f5cb92a,M0358,2023-05-11,29,success,debit_card
a052f23a-ec50-4f25-a5d4-6d813aef05a3,M0358,2023-06-10,29,success,credit_card
df17e3ef-a8b5-49ca-96af-772b95d0330d,M0358,2023-07-10,29,success,credit_card
9f7ff664-0cf1-4280-9a47-8a17c135442c,M0358,2023-08-09,29,success,credit_card
f56e030e-6634-42be-8616-22f793518b54,M0358,2023-09-08,29,success,debit_card
28b2a608-c403-4e1b-ad9c-20d66602fd63,M0358,2023-10-08,29,success,bank_transfer
73ff621a-6797-4e67-b534-a4fb01d9e635,M0358,2023-11-07,29,success,credit_card
a9f066bf-65ab-43f8-8207-b430e735c2e3,M0358,2023-12-07,29,success,debit_card
40eb53de-0fb5-4db0-9be3-e1f98e98efbc,M0358,2024-01-06,29,success,bank_transfer
bba1dcbd-ff9d-4158-8b4f-5ef3d4c11b03,M0358,2024-02-05,29,success,credit_card
1ce9910f-6ba8-4a33-9987-29412680a4cb,M0358,2024-03-06,29,success,bank_transfer
e4f0e953-17bb-4a33-9534-3dbd48f4809d,M0358,2024-04-05,29,success,bank_transfer
7ea7396e-405a-4f2c-84d8-f98e5e84fcea,M0358,2024-05-05,29,success,bank_transfer
6c59e0ce-bd55-4da7-a5df-2a012f766171,M0359,2023-06-15,59,success,credit_card
d8b05b8a-0964-4fa2-ab18-d298cc5d4867,M0359,2023-07-15,59,success,debit_card
86d4d8fa-9843-4059-8938-958be06b9c34,M0359,2023-08-14,59,success,debit_card
2380bbf4-12f3-457b-8e1b-a89a058d0fc1,M0359,2023-09-13,59,success,debit_card
a20fd039-1bad-4345-a8bd-dcc16d6f051f,M0359,2023-10-13,59,success,credit_card
447a5518-7963-44c3-8c4b-a81055c983ae,M0359,2023-11-12,59,success,bank_transfer
cb4588e1-8f81-448d-a7e1-e0fe4bf4d44b,M0359,2023-12-12,59,success,debit_card
4248c669-4fe8-4c5c-bb62-db2228986219,M0359,2024-01-11,59,success,bank_transfer
0838c532-b02f-4946-a498-33d3d21089b4,M0359,2024-02-10,59,success,credit_card
7aa5762e-5ab1-44c6-9fc0-331878d38057,M0359,2024-03-11,59,success,credit_card
8d105516-b030-47d2-93de-733791a10d96,M0359,2024-04-10,59,success,bank_transfer
f77d7337-51a8-4724-b752-e2de380a2038,M0359,2024-05-10,59,success,bank_transfer
1f52f6e6-09ad-4f76-a886-97774dcbf054,M0360,2023-12-22,99,success,bank_transfer
3624a323-e55b-4e65-aa90-4ba77432bb41,M0360,2024-01-21,99,success,credit_card
bce0c63d-2e2e-4908-88a3-dde2f331a08e,M0360,2024-02-20,99,success,credit_card
e4db5606-7b58-4820-986c-fe6b32749d40,M0360,2024-03-21,99,success,debit_card
92479a31-e684-4311-933e-872f3e3e720d,M0360,2024-04-20,99,success,credit_card
17aa8698-a81d-4817-851c-a8f14bd7a0a2,M0360,2024-05-20,99,success,debit_card
8c0cd8c7-bf9b-4e81-8c1d-a169aca2f76e,M0361,2023-05-18,99,success,debit_card
d5728932-7666-49ad-9416-92536726b2d3,M0361,2023-06-17,99,failed,credit_card
c4b19979-2281-468b-a1ab-0fe1c98fb80a,M0361,2023-07-17,99,success,credit_card
7588f151-3347-4ad6-9ac9-5f54574b6f2d,M0361,2023-08-16,99,success,credit_card
978a7d67-44ff-40ec-bfec-856afd8f18ca,M0361,2023-09-15,99,success,credit_card
1fb47a5a-bd1e-458a-b3a3-c5516692f391,M0362,2024-01-01,29,success,bank_transfer
291dba17-af8c-496a-8f1d-91b2e2e2bbc5,M0362,2024-01-31,29,success,bank_transfer
0c123c39-eec1-413b-ad92-7c9108addc77,M0362,2024-03-01,29,success,debit_card
3ac51ccf-1c1f-42c7-8727-37013794e7f5,M0362,2024-03-31,29,failed,credit_card
d233bd3c-5f07-4f0b-9656-e627e51f5dc0,M0362,2024-04-30,29,success,debit_card
dd8bf50d-3983-49cd-8b76-7f22e26b5bd7,M0362,2024-05-30,29,success,debit_card
f3591c08-c86c-4ca4-8039-b9f7eb16ee6b,M0363,2023-11-15,29,success,debit_card
4bc33adb-7e3f-4bee-a750-db5d358cf865,M0363,2023-12-15,29,success,debit_card
cbdba0c9-8dcf-4bed-bb54-981f68541e7e,M0363,2024-01-14,29,success,credit_card
4b3e97a9-7d2c-4bc6-8545-9e6242498cb6,M0363,2024-02-13,29,success,debit_card
a5a759ff-65ea-41d6-94e4-832f7c562cdf,M0363,2024-03-14,29,success,credit_card
4084ffff-1504-416c-8463-bc547a0588b9,M0363,2024-04-13,29,success,debit_card
d90d85e9-3ca8-4278-a98e-98a2c6564c97,M0363,2024-05-13,29,success,bank_transfer
7334ad7a-16a1-4d69-96f1-5f0327c92cc6,M0364,2022-11-04,59,success,debit_card
2b363d6a-0061-40b8-b9a0-ef061634366a,M0364,2022-12-04,59,success,bank_transfer
8eec995e-4d0f-40ab-91ea-608aab91fa8f,M0364,2023-01-03,59,success,debit_card
7d499a50-3f96-4c31-8f7e-f8c012afa264,M0364,2023-02-02,59,success,bank_transfer
883f9dcc-0e7b-4596-af5a-a48b37234172,M0364,2023-03-04,59,failed,bank_transfer
91c99035-87f7-481a-af86-5ec352ec56d2,M0364,2023-04-03,59,success,credit_card
620465be-b240-4f07-aaf9-2098c6e958f7,M0364,2023-05-03,59,success,debit_card
413f7bac-fde6-4ca2-8490-4d36e56e7d3e,M0364,2023-06-02,59,success,credit_card
f61de2ee-cde1-49eb-9e7e-5234ded03470,M0364,2023-07-02,59,success,debit_card
fe4dd824-11c9-4c0f-9c58-221d81f087a2,M0364,2023-08-01,59,success,bank_transfer
464707c3-484f-46e0-aef6-7f876ffe8ae4,M0364,2023-08-31,59,success,debit_card
ad80fed3-278f-4d4b-8a39-519e9d5fa0eb,M0364,2023-09-30,59,success,credit_card
5c42760c-9c97-430f-86ca-4a60ebf1a62d,M0364,2023-10-30,59,success,credit_card
2ae16538-bad7-44f5-83b3-9b7940131842,M0364,2023-11-29,59,success,bank_transfer
13a6defd-b9af-4982-b76d-90c4711ac068,M0364,2023-12-29,59,success,credit_card
0c49dcce-15cb-4ad9-9798-627dfca56065,M0364,2024-01-28,59,success,debit_card
580272c1-3b26-42af-829c-c24129662ee8,M0364,2024-02-27,59,success,debit_card
6da53ae4-66d6-464c-8897-21ab4cd2ec87,M0364,2024-03-28,59,success,debit_card
0cb7b499-01d1-4f4d-8bdf-44936e4ab666,M0364,2024-04-27,59,success,debit_card
2bfda480-6b2d-4b11-bd7b-b15de55fed1c,M0364,2024-05-27,59,success,credit_card
4423f3d5-b514-4983-b519-86d20dd76f3e,M0365,2022-06-28,59,success,credit_card
98df7b11-6dc4-4b09-9277-6b0f3aec2c8d,M0365,2022-07-28,59,success,bank_transfer
53a941da-5139-4786-a015-030d8b03efa1,M0365,2022-08-27,59,success,debit_card
b261d7d8-06ef-4811-944d-ff4fda565be7,M0365,2022-09-26,59,success,credit_card
c9c97aef-f6f1-4aa6-9994-1b757a3a3753,M0365,2022-10-26,59,success,credit_card
eafdecde-eee4-4392-90f0-a48524404c0c,M0365,2022-11-25,59,success,debit_card
cf218bea-bfeb-427c-9b2c-7e38032693fe,M0365,2022-12-25,59,success,credit_card
3845816b-2f89-452f-a883-9df204fc58e8,M0365,2023-01-24,59,success,bank_transfer
a1bb69cb-8e7d-4a89-98fe-ecd76392ab8a,M0365,2023-02-23,59,success,credit_card
2cde7a8d-5ca2-4030-9039-524acbb9562e,M0365,2023-03-25,59,success,debit_card
c7f09980-6085-4c54-ad78-fc1162a54e46,M0365,2023-04-24,59,success,credit_card
8b701e0c-8621-45ea-9958-aaa9ea793f8e,M0365,2023-05-24,59,success,debit_card
f10528a9-ba87-4710-baba-51770a908f2b,M0365,2023-06-23,59,success,debit_card
925e4f31-10e1-40ed-82b8-8d6b8e256a71,M0365,2023-07-23,59,success,bank_transfer
abd9a084-9d35-4311-8f90-ec532e686c5a,M0365,2023-08-22,59,success,credit_card
b138587e-bafc-4f5a-b819-472d277c62cd,M0365,2023-09-21,59,success,debit_card
a62f0316-5bd3-49f2-b8b8-ab6b66398cbd,M0365,2023-10-21,59,success,debit_card
5ba115f3-902e-4f7a-ae04-713b750ccb49,M0365,2023-11-20,59,success,credit_card
1a7de708-01e0-4b94-99a9-69ca7b230d72,M0365,2023-12-20,59,success,debit_card
90f8df2a-cfa3-452f-be5c-2b7417b2d3f7,M0365,2024-01-19,59,success,bank_transfer
9bbc7f99-6ce6-4272-b298-3c3d00470f94,M0365,2024-02-18,59,success,credit_card
25cd19bf-5347-42a6-80d7-7cbb6f2444ac,M0365,2024-03-19,59,success,bank_transfer
5f42e4a0-5eb1-4085-b342-f9571bf7bcfe,M0365,2024-04-18,59,success,debit_card
44844163-aad4-4cc3-8bc6-caf27ad4b2e3,M0365,2024-05-18,59,success,debit_card
ae6c453b-2b77-4d11-af2d-bac553736501,M0366,2022-05-23,29,success,credit_card
9417c8a9-6b25-459b-a789-967e6b2b0684,M0366,2022-06-22,29,success,debit_card
8062687a-73bc-40cc-9a4c-b14e2b22d0ac,M0366,2022-07-22,29,success,bank_transfer
3a3d3e3a-aed0-4ec3-8b23-582c2bf64b34,M0366,2022-08-21,29,success,debit_card
608893ec-018b-4ed6-b4e1-84f605e3bd5b,M0366,2022-09-20,29,success,bank_transfer
698ca369-b86f-4f15-a3ce-cb7e6cdf4175,M0366,2022-10-20,29,success,credit_card
43e60c8c-6c36-434e-9187-b3f84612ab68,M0366,2022-11-19,29,success,credit_card
f9a9aadb-1c87-4c48-8718-664b6cb507d9,M0366,2022-12-19,29,success,debit_card
61f20156-f167-4fca-94eb-56b7f0c2da0f,M0366,2023-01-18,29,failed,debit_card
bb34bd41-a7e9-49cd-a4ca-1dc3b325b64f,M0366,2023-02-17,29,success,credit_card
528b8e99-ae7e-4921-a552-dc8601aeb4a5,M0366,2023-03-19,29,success,debit_card
716a8fd7-73bc-42a1-a68c-a51b157bd5ed,M0367,2023-01-13,99,success,bank_transfer
e8bbe5aa-0936-425c-81ff-7b27b5ae7cc7,M0367,2023-02-12,99,success,credit_card
887d758a-6777-4487-9259-7254d8e8d7ee,M0367,2023-03-14,99,success,bank_transfer
5a3496f2-1f36-4f74-a43f-c594fbf9e04e,M0367,2023-04-13,99,success,bank_transfer
c5e55010-8cc0-45db-b114-cf3779a1060b,M0367,2023-05-13,99,success,debit_card
8dfdca02-cacd-428a-86bf-171436ab9c7b,M0367,2023-06-12,99,success,debit_card
c07e5e66-5406-4287-b1bb-d255310ac6ea,M0367,2023-07-12,99,success,debit_card
a53b3871-b8b2-4303-a2e2-fe1d36af219f,M0367,2023-08-11,99,success,credit_card
17e30e1f-5520-43a8-a64e-adb0ada094a4,M0367,2023-09-10,99,success,bank_transfer
9d7a9882-9958-4705-98c5-45ecfcc2f8fd,M0367,2023-10-10,99,success,bank_transfer
b46ef651-e67b-4f88-aa6b-dfa827b5bccc,M0367,2023-11-09,99,success,credit_card
faee1d51-ae86-46c4-9736-caa0ed755f92,M0367,2023-12-09,99,success,credit_card
e078ab11-970a-4bb2-b3d0-4319532217cc,M0367,2024-01-08,99,success,bank_transfer
965f7b22-eafc-4876-af26-f2b9c53dd477,M0367,2024-02-07,99,success,credit_card
23caa0e1-16e6-4337-966e-2f0a28900131,M0367,2024-03-08,99,success,bank_transfer
bffa4bbd-7bd3-4883-9d16-51e32fb6a96a,M0367,2024-04-07,99,success,bank_transfer
f22b8e56-3521-4942-8efb-f744766fdebc,M0367,2024-05-07,99,success,debit_card
17cc0fbb-dee1-4cf0-90eb-36814c09f18e,M0368,2022-03-30,99,success,credit_card
7e783eb4-d158-45d2-8231-516bcb055dc9,M0368,2022-04-29,99,success,debit_card
70540ab2-95ac-4f99-b6f1-ddd29be97d3d,M0368,2022-05-29,99,success,bank_transfer
528edd60-32a5-40c8-a3a8-ab58f04b9877,M0368,2022-06-28,99,success,debit_card
8a34ccde-db4b-4990-a1cb-7173b77826c2,M0368,2022-07-28,99,success,credit_card
2e649626-64c4-464c-9c07-834232d2d3ef,M0368,2022-08-27,99,success,debit_card
e217725a-1082-4e1b-b39d-40089bf6c879,M0368,2022-09-26,99,success,bank_transfer
ed394b9f-6e63-4b81-a543-56cdbeed69d9,M0368,2022-10-26,99,success,credit_card
34acbe73-3567-4810-b82b-899c03f194f1,M0368,2022-11-25,99,success,credit_card
590ccee3-c901-49a3-a431-c900b3b7f7ce,M0369,2023-06-23,29,success,debit_card
75d72125-8db2-471b-904d-ed438d36a7c9,M0369,2023-07-23,29,success,debit_card
0ae4cbc3-b504-43e2-9930-a858854678fb,M0369,2023-08-22,29,success,bank_transfer
058410fc-c624-4eef-8f2a-e7699b427dc8,M0369,2023-09-21,29,success,debit_card
aff1bff9-9a90-4003-89dc-27dbea380df2,M0369,2023-10-21,29,success,credit_card
5c59bb09-7173-4db4-b33d-ed1671dce0da,M0369,2023-11-20,29,success,credit_card
b5f94d7c-0eeb-4833-a83a-403346d2df2a,M0369,2023-12-20,29,success,debit_card
179ffe9a-eada-44b6-98a6-ca09e8ca7bc6,M0369,2024-01-19,29,failed,credit_card
f901f7bc-a59e-4779-a4e6-f945650f36fa,M0369,2024-02-18,29,failed,debit_card
3167d1c0-3dad-43fb-957a-c3cbeb2e0e37,M0369,2024-03-19,29,success,debit_card
e4886dfc-a206-4d9a-a242-3ff7ce32e8c5,M0369,2024-04-18,29,success,bank_transfer
e50c10e8-b711-4e16-b95b-ca1fb1e4f563,M0369,2024-05-18,29,success,bank_transfer
445216b6-0751-43a3-b952-af4f6714675b,M0370,2022-05-09,59,success,credit_card
103b87d2-23a9-4a02-bfc5-c3b87b5143fe,M0370,2022-06-08,59,success,bank_transfer
919a6db2-d02a-4eb6-ad0a-d4e34bc9b66f,M0370,2022-07-08,59,success,credit_card
f29579c3-aa5b-41c1-b869-65dc79485f56,M0370,2022-08-07,59,success,bank_transfer
2a82779a-81d5-42ee-bfce-0c39178ca5c2,M0370,2022-09-06,59,success,debit_card
676744a8-f016-4c08-8106-9e82243d5e4c,M0370,2022-10-06,59,success,bank_transfer
219dc303-bc52-4cac-bf78-5a10af2ad423,M0370,2022-11-05,59,success,bank_transfer
a76222b9-899c-425f-bcd6-a6abb6584334,M0370,2022-12-05,59,success,bank_transfer
562af7c2-7cdb-4bd0-8e3e-dafa832cbbb1,M0370,2023-01-04,59,failed,debit_card
f98cde65-6f92-4321-b6e4-17563895aa2c,M0370,2023-02-03,59,success,debit_card
5f32c426-521e-46c2-80df-54a40e05a14a,M0370,2023-03-05,59,success,bank_transfer
b11a6d17-fafa-4d7d-8903-cccfff4db7d1,M0370,2023-04-04,59,success,bank_transfer
f8de6b6e-a407-4ca0-884f-c33b942f95d5,M0370,2023-05-04,59,success,bank_transfer
80b3c8fe-fd82-4f33-9b37-ff2ec61d3684,M0370,2023-06-03,59,success,debit_card
4044cd69-367a-4ddb-b13d-c7cf3bbabfa8,M0370,2023-07-03,59,success,bank_transfer
6136c90e-a97b-4a78-b2bb-699fe6d77942,M0370,2023-08-02,59,success,bank_transfer
bc28e2b5-9a89-4d1d-9e74-ac3d8a832524,M0370,2023-09-01,59,success,debit_card
9f8bf1a5-3ec8-4d6a-88a4-efc017ad1390,M0370,2023-10-01,59,success,bank_transfer
e0a2822a-4434-4415-a522-72afe195988e,M0370,2023-10-31,59,success,debit_card
73228e85-140f-4cd5-ad5b-be55f8f31e55,M0370,2023-11-30,59,success,debit_card
289e8aad-83f7-494b-afa2-05f1e3327acf,M0370,2023-12-30,59,success,debit_card
165c6ce3-05f7-4049-8454-5d8688de82ed,M0370,2024-01-29,59,failed,bank_transfer
74006bf3-06e0-4935-87c3-0b272b6e6d80,M0370,2024-02-28,59,success,bank_transfer
4799ae42-368f-45e9-94de-440a3e215aea,M0370,2024-03-29,59,success,debit_card
5060bfe0-97bc-4ac8-b40d-9116d66129fa,M0370,2024-04-28,59,success,credit_card
ac8f0272-3b6f-4155-9bcb-4e938f1fe584,M0370,2024-05-28,59,success,debit_card
db27401a-cb81-417c-a471-d72e061f5237,M0371,2023-11-28,29,success,debit_card
bafa08cb-ad56-4c17-9aee-9da2dbf393ad,M0371,2023-12-28,29,success,debit_card
34feb6c0-da41-461f-beac-5cc50fa1c4d3,M0371,2024-01-27,29,success,credit_card
3fc9c4ec-6af8-49da-b5e2-500ad2fecb2f,M0371,2024-02-26,29,success,credit_card
fd16a263-8303-4fa0-bba1-5fe70e0b8928,M0371,2024-03-27,29,success,credit_card
e0c42367-fcb1-4cfe-923a-4ce017587d85,M0371,2024-04-26,29,success,credit_card
9c2762c7-c824-4a76-90a3-b76cd6e159c9,M0371,2024-05-26,29,success,credit_card
a1bd9337-9c4e-4e18-86a8-c09b42e5872b,M0372,2023-08-25,29,success,bank_transfer
cede3741-3d1d-49f0-8deb-7617156b6d81,M0372,2023-09-24,29,success,bank_transfer
d70df5f7-c102-4c02-ad28-39ef3f073e48,M0372,2023-10-24,29,success,credit_card
37aa8b9d-9c72-4d9e-a2c9-424ff83306c3,M0372,2023-11-23,29,success,bank_transfer
33bd99fc-a8ac-44a8-bf37-5e26d07e2618,M0372,2023-12-23,29,success,debit_card
40c8d90d-ac57-478f-8a09-2857afaad481,M0373,2023-06-15,29,success,bank_transfer
f64781a2-c944-4ac2-9764-ca760b937734,M0373,2023-07-15,29,success,bank_transfer
febfeb1c-ce7c-4219-993a-de555c5ce31e,M0373,2023-08-14,29,success,debit_card
50563276-67a8-44de-b40b-93feb2941783,M0373,2023-09-13,29,success,bank_transfer
0d101b67-fbec-4fbc-a37b-cc1e739d2030,M0373,2023-10-13,29,success,debit_card
f3ef441d-d617-474d-831f-318623db8bd2,M0374,2022-12-21,59,success,debit_card
808251e9-519d-4a06-b675-45dc40f28ef1,M0374,2023-01-20,59,success,debit_card
2bdc4a37-bf01-4b82-82a2-5f716a56322e,M0374,2023-02-19,59,success,credit_card
683bbed0-cb85-4906-95bb-7b4a7fa3d893,M0374,2023-03-21,59,success,credit_card
2418f2a1-ef8b-43f2-b206-adf7be0d6292,M0374,2023-04-20,59,success,debit_card
e857d6fd-e02e-434f-865e-1c32e9b2c6f5,M0374,2023-05-20,59,success,bank_transfer
db32923b-db10-4a8a-b984-61a69e24432d,M0374,2023-06-19,59,success,credit_card
ca16c0e5-4763-4b95-92d0-943330eda037,M0374,2023-07-19,59,success,bank_transfer
4d347dde-a653-45be-9335-be4072165f8b,M0374,2023-08-18,59,success,debit_card
5e649c61-ff09-4661-99f0-0df94eda912c,M0374,2023-09-17,59,success,bank_transfer
525893e9-40b9-4824-b8ae-cf9c875a9f87,M0374,2023-10-17,59,failed,credit_card
5c8e0c8c-2de8-4e3b-99cc-46066b95d129,M0374,2023-11-16,59,success,bank_transfer
7e39500a-2d33-422c-814e-3fdef20640d9,M0374,2023-12-16,59,success,credit_card
44ab54b7-d9d5-4a31-8e58-62db55d6bcc9,M0374,2024-01-15,59,success,bank_transfer
95234297-c5f6-4f43-9b79-4b90657d0c09,M0374,2024-02-14,59,success,credit_card
bdce4cfc-a42b-4e09-8a3e-f4e1a43faea3,M0374,2024-03-15,59,success,credit_card
a1930005-9dec-459c-bebd-5e152f41b261,M0374,2024-04-14,59,success,bank_transfer
28a26d15-173c-482b-a4a2-42609fe9cffe,M0374,2024-05-14,59,success,credit_card
adcc0231-298f-4536-adc1-dff4a95cbe3b,M0375,2022-09-14,29,success,credit_card
b85cdb2d-cb2e-4ba6-a38b-078f4449f6f1,M0375,2022-10-14,29,success,bank_transfer
882b0c9b-6342-46af-8ea7-49782e77eecc,M0375,2022-11-13,29,success,bank_transfer
b11bb280-cb18-4bb4-938c-bc8b757fa5f6,M0375,2022-12-13,29,success,credit_card
27036f6e-535f-42ad-844b-59497a6fd196,M0375,2023-01-12,29,success,bank_transfer
d57a1d48-cbdf-45b9-ad63-a23e0623ce61,M0375,2023-02-11,29,success,credit_card
5e3386fa-9178-4ddc-be1c-f38f3f5284e0,M0375,2023-03-13,29,success,bank_transfer
2fcfab82-ad8f-41d1-9bc2-c800af189758,M0375,2023-04-12,29,success,debit_card
3d231339-3693-4ba2-bbed-d218e2785d25,M0375,2023-05-12,29,success,credit_card
38ebcf9e-ba41-4e3a-932a-d4fd1abe008c,M0375,2023-06-11,29,success,credit_card
817a46c6-0060-4a94-8bf4-7331986562c5,M0375,2023-07-11,29,success,debit_card
8f88082b-1bd2-4ce5-9b07-92d029cf2507,M0375,2023-08-10,29,success,bank_transfer
bb9f9642-bc50-484b-95c5-8d3e134c44a7,M0376,2023-09-22,59,success,credit_card
99635c9b-6b17-4a9b-8928-878fddac3f0a,M0376,2023-10-22,59,success,debit_card
6ba67a6a-5f81-4d25-9eaf-d026a93ec588,M0376,2023-11-21,59,success,credit_card
b7d3dd29-e1ef-48bf-99ee-8a8d0d92e3a4,M0376,2023-12-21,59,success,debit_card
330887f7-0b65-4f10-a588-936075f47d62,M0376,2024-01-20,59,success,credit_card
88ee8e31-90e0-42eb-add8-ed57aae43127,M0376,2024-02-19,59,success,bank_transfer
639e7e9c-18b9-42fd-af0f-e9b4755bba3b,M0376,2024-03-20,59,success,credit_card
7c44fdc0-8d6a-4d78-a462-4aee1afb528d,M0376,2024-04-19,59,success,bank_transfer
f55021f2-1339-4ca5-9ff5-4e4f86ecd2d5,M0376,2024-05-19,59,success,bank_transfer
bba12ef4-9099-42c1-9c02-29aa0c1b59ef,M0377,2023-08-18,59,success,debit_card
275f6554-fea3-4d55-a0d5-150329e25c80,M0377,2023-09-17,59,success,debit_card
f58264ab-144e-4475-b10f-c27471a49970,M0377,2023-10-17,59,success,bank_transfer
5b0b836b-2d36-462a-a76a-edf89f337c6f,M0377,2023-11-16,59,success,bank_transfer
39261004-c1cb-46cc-acda-694e1af38be0,M0377,2023-12-16,59,success,bank_transfer
dcf2fda8-4dcd-4f5b-adb0-06488ff2d532,M0377,2024-01-15,59,success,bank_transfer
ca18afe5-da9a-4e80-b236-e6c343d1f9cf,M0377,2024-02-14,59,failed,debit_card
baecc002-c84a-4604-928d-eed623d45e41,M0377,2024-03-15,59,success,credit_card
814b48be-40f9-405b-bb26-24adf6aa9ebb,M0377,2024-04-14,59,success,debit_card
e6645f39-fab2-43c8-9e5c-702b2a89f7f2,M0377,2024-05-14,59,success,bank_transfer
45109b3c-7986-4a08-90c7-cfff7d2587ce,M0378,2023-08-01,29,success,debit_card
2fd90a30-0475-4e54-8baa-325b371c555d,M0378,2023-08-31,29,success,bank_transfer
e03e152a-c9ac-4859-a1f4-bc4f79d40421,M0378,2023-09-30,29,success,debit_card
a5af8447-1aed-48b9-b925-57020b7d96ef,M0379,2022-09-29,59,success,credit_card
7d48a8bb-bd14-4a6c-b3ae-2e1b57a418ad,M0379,2022-10-29,59,success,debit_card
09744872-3435-4007-8ae3-2410a33a2787,M0379,2022-11-28,59,success,bank_transfer
de6a785d-d4d6-454e-bf58-86197a4d443a,M0379,2022-12-28,59,success,credit_card
cd25dbe8-793f-432b-bdfe-303b63891a89,M0379,2023-01-27,59,success,debit_card
b00882db-83fc-481d-b6be-7e9f717b14c2,M0379,2023-02-26,59,success,debit_card
0af4b082-4e7e-4214-95d1-22aa9f83b071,M0379,2023-03-28,59,success,credit_card
db2b3733-8c97-4b6f-8819-24e7627ba8bf,M0379,2023-04-27,59,success,credit_card
759c0684-e725-4965-ae8b-9169f59b47cf,M0379,2023-05-27,59,success,debit_card
042cd51a-becf-4d72-93f5-b216b511febc,M0379,2023-06-26,59,success,credit_card
71213b47-1bd5-4aec-80e9-5de31fb9c401,M0379,2023-07-26,59,success,bank_transfer
167e9174-a628-45dc-bd98-f8da4a1accc9,M0379,2023-08-25,59,success,credit_card
f1d73595-7b95-469c-b469-edb187270049,M0379,2023-09-24,59,success,debit_card
386f2dfa-ecbc-4a6a-9f28-cd803ee63ffa,M0379,2023-10-24,59,success,debit_card
54860e9d-958f-422a-9a9d-b1d5664cd1f1,M0379,2023-11-23,59,success,debit_card
ce01dbd4-126b-46ff-b1bc-b31e9a947b60,M0379,2023-12-23,59,success,bank_transfer
08b3c3d5-9291-4b6c-a0a2-8f337f702787,M0379,2024-01-22,59,success,credit_card
a244e55b-990a-408a-b77a-38f03aa7cceb,M0379,2024-02-21,59,success,credit_card
4918b46a-c558-42f8-bf24-c76cf61fe346,M0379,2024-03-22,59,success,credit_card
55bbcc1d-3df3-4ebb-ba37-a547bbc40139,M0379,2024-04-21,59,success,debit_card
60884d50-7dfd-48e5-8deb-44396d6de8fa,M0379,2024-05-21,59,success,bank_transfer
f5786bf4-708f-49cd-9a4d-c1af70eba6f1,M0380,2023-10-17,59,success,bank_transfer
c9a297d4-4119-46a6-8af6-038624c75410,M0380,2023-11-16,59,success,bank_transfer
86a852d6-0e67-4714-ab85-be5a4791b73c,M0380,2023-12-16,59,success,bank_transfer
f606dd3a-698a-419a-a2a6-c0c540ead6fb,M0380,2024-01-15,59,success,debit_card
e312967c-45bf-443d-bd07-4b13d7e3d4c8,M0380,2024-02-14,59,success,bank_transfer
4fe56805-6aeb-4cca-b182-e04772d2b318,M0380,2024-03-15,59,success,bank_transfer
23fa5bbf-67f1-47a6-b8d8-46b02db57e0f,M0380,2024-04-14,59,success,debit_card
a75defb7-ca3c-462e-a49d-7235dcd011cf,M0380,2024-05-14,59,success,credit_card
4457e3d8-c715-4e86-bc15-018d582f21de,M0381,2023-05-10,29,failed,credit_card
82bb6bf3-e610-49e3-8b35-b728a4bd5084,M0381,2023-06-09,29,success,credit_card
27d1e838-dd39-470c-b8ac-e614933a8afc,M0381,2023-07-09,29,success,debit_card
5c183443-6e56-4596-9ca9-abe9d3e2e528,M0381,2023-08-08,29,success,bank_transfer
f59364fe-72bf-4712-9f2f-66856aa21034,M0381,2023-09-07,29,success,bank_transfer
de543763-d607-473d-ac02-d6e3cd3f81a8,M0381,2023-10-07,29,success,bank_transfer
410ea6be-3eda-4f54-96d4-5c9b9816c8fc,M0381,2023-11-06,29,success,debit_card
5a699997-c2f3-4865-a2d6-2c86929a5492,M0381,2023-12-06,29,success,bank_transfer
838090a3-d922-434b-8833-5a0e7f36c148,M0381,2024-01-05,29,success,debit_card
ef2ad386-6ae6-4885-80f3-5e03021353e8,M0382,2022-03-03,29,success,debit_card
f97e20ce-231f-4ad5-98bd-996337396131,M0382,2022-04-02,29,success,debit_card
d754b075-5c02-4e2e-89b2-b91b5ad6a040,M0382,2022-05-02,29,success,bank_transfer
6a74b28d-5b75-4dfa-9e24-0298a066035d,M0382,2022-06-01,29,success,debit_card
6a700280-fb90-4bef-9dc2-70ab08f45535,M0382,2022-07-01,29,success,credit_card
63a8028d-4852-4fda-8879-74058eeab218,M0382,2022-07-31,29,success,credit_card
66fa8162-e8dd-49c2-84fe-c8f97df2205f,M0382,2022-08-30,29,success,debit_card
da433082-9322-4b54-9171-511695b10ff2,M0382,2022-09-29,29,success,credit_card
738229bb-f5e1-4155-9cf1-9f875b25b200,M0382,2022-10-29,29,success,bank_transfer
883a4414-2ba3-4369-839b-f1cd897c3cf3,M0382,2022-11-28,29,success,bank_transfer
a2cb5b2d-415c-43b6-b9d0-d22ef6851cdb,M0383,2023-09-14,59,success,debit_card
6e4444a1-f27e-425b-acb0-1f7cc491d506,M0383,2023-10-14,59,success,bank_transfer
2a02cd28-a475-4e56-b639-7f1a92264e6f,M0383,2023-11-13,59,success,bank_transfer
db9dfc7a-56e0-433c-bc35-b9c3a7ad54dd,M0383,2023-12-13,59,success,bank_transfer
be90944a-77a4-488b-b517-ee5a706b7cef,M0383,2024-01-12,59,success,bank_transfer
5ad0f925-67a5-440b-bf8b-c0151083104a,M0383,2024-02-11,59,success,bank_transfer
fc2df017-89dc-4e89-bc9f-7bba474546b3,M0383,2024-03-12,59,success,bank_transfer
33144b6b-c1ea-4474-bf92-6d2927303923,M0383,2024-04-11,59,success,debit_card
fccba5d7-5e5e-4a4c-bb7b-13ec09823d0b,M0384,2022-05-14,59,success,debit_card
8819dd75-3120-489a-a542-18949f7ccee3,M0384,2022-06-13,59,success,bank_transfer
fe812d0d-1065-497c-a1c4-e71057118477,M0384,2022-07-13,59,success,bank_transfer
43c96256-cec2-4339-b15d-f259e31b4c1d,M0384,2022-08-12,59,success,credit_card
dd642ffd-2f11-4d5f-93a5-34b2825d533c,M0384,2022-09-11,59,success,bank_transfer
2881e4a9-c9fc-418f-b6d2-cc2b1ea33ca1,M0384,2022-10-11,59,success,debit_card
89f5b7ab-7b1f-41b9-b3af-5034d2e944a7,M0384,2022-11-10,59,success,credit_card
0259047c-2b9e-4932-bcdc-26e29a51f393,M0384,2022-12-10,59,success,bank_transfer
cdf2e4cc-5d30-4d86-86c2-1cd8ffd9303d,M0384,2023-01-09,59,success,credit_card
e4d0e4e4-249c-4590-9d34-5f25f99cfdc9,M0384,2023-02-08,59,success,debit_card
14293418-678e-4a43-beea-e1741d2b1349,M0384,2023-03-10,59,success,bank_transfer
b2cb3865-2743-4724-a640-5055a6342f33,M0384,2023-04-09,59,success,debit_card
d148d1a6-c4ca-4d60-a2ea-a0f018bb3d94,M0384,2023-05-09,59,success,credit_card
100b134c-8d72-4b98-8d01-a0cacbd9c3a7,M0384,2023-06-08,59,success,credit_card
f50e3484-dfd0-4596-b241-05be2f31cd31,M0384,2023-07-08,59,success,credit_card
37509490-e848-4592-93be-0e8d3b91f256,M0384,2023-08-07,59,success,credit_card
9d2527b4-d09f-4dd2-ab71-9cd1a9799ee1,M0384,2023-09-06,59,success,credit_card
8066d453-5a50-4981-bd3a-d21690a2e6ee,M0384,2023-10-06,59,success,bank_transfer
0b2bd528-21d3-4557-9b80-518842ac7cfd,M0384,2023-11-05,59,success,credit_card
abcd6dc9-c60c-4513-96c4-ef7d09b85f0b,M0384,2023-12-05,59,success,credit_card
e202fcaa-645f-4d4c-9920-b3552f71bb87,M0384,2024-01-04,59,success,bank_transfer
cdf6eb02-a65c-42b3-a679-6b52b05cabcd,M0384,2024-02-03,59,success,debit_card
464d8407-18c3-4f30-baef-ae39c39a3c27,M0384,2024-03-04,59,success,credit_card
ec7035b0-8886-4f55-991f-c62b47039181,M0384,2024-04-03,59,success,credit_card
9f243580-8e17-4dd6-be97-024367d00f0e,M0384,2024-05-03,59,success,credit_card
1758800b-ce0e-46b4-a809-75e833e9c7da,M0385,2022-09-05,29,success,debit_card
87a9c92b-ca2b-4588-9046-1990235b560d,M0385,2022-10-05,29,success,bank_transfer
0ef584ee-b399-40a3-bfa0-049ef58441ed,M0385,2022-11-04,29,success,credit_card
aaa29ae2-ff2d-4a58-97f3-f24a1c3a0256,M0385,2022-12-04,29,success,debit_card
3ad73fc8-51ec-4eae-a5b1-039e3cac8f73,M0385,2023-01-03,29,success,credit_card
7c81761a-f28e-4e86-89c6-763c4ee56408,M0385,2023-02-02,29,success,bank_transfer
08770ac7-2ed4-4f41-8c52-eaf4967363e0,M0385,2023-03-04,29,success,debit_card
5bc99d36-2c31-44ba-9ed5-699fdafa2a04,M0385,2023-04-03,29,success,debit_card
47c4d5ec-23a8-4b90-a0b0-22e1f9a6c29d,M0385,2023-05-03,29,success,bank_transfer
9ae0798a-8a00-4b15-815d-e61180001b77,M0385,2023-06-02,29,success,bank_transfer
ea6b09c3-fea3-4d04-8893-6261d204ed6c,M0385,2023-07-02,29,success,bank_transfer
467b3e9b-892b-4c9c-9471-a5ded785ac31,M0385,2023-08-01,29,success,debit_card
3f107e08-420c-49a0-a39e-a9c16a2ebe1a,M0385,2023-08-31,29,success,debit_card
dc50c4d5-0ee7-4f1f-8058-6c1903d49166,M0385,2023-09-30,29,success,bank_transfer
1212b0ff-c3b8-4759-b33d-10684787b428,M0385,2023-10-30,29,success,debit_card
cab3dcb7-c1c5-43fa-b6eb-14403200bbde,M0385,2023-11-29,29,success,bank_transfer
998825e5-78eb-4028-b546-64f720e91373,M0385,2023-12-29,29,success,debit_card
a9cb7a0f-ee49-4882-a7de-2018cb47eff5,M0385,2024-01-28,29,success,credit_card
d518bf45-52e4-40b3-82ca-6a3d33760e65,M0385,2024-02-27,29,success,debit_card
9ffc4298-7cea-42cd-a296-e5e2b498652a,M0385,2024-03-28,29,success,bank_transfer
1e27ac4d-9879-485b-aaba-40189685b4aa,M0385,2024-04-27,29,success,credit_card
4a1be8ad-e5b0-448f-ab76-e392d3eb83ce,M0385,2024-05-27,29,success,debit_card
d2a777de-3058-4d9c-bd66-2a1779cc7ca8,M0386,2022-04-10,99,success,credit_card
1c7f7843-9db9-41ce-b49f-588bb31be844,M0386,2022-05-10,99,success,debit_card
f85cc2a8-453a-4a75-ada8-c7fbb67f88ec,M0386,2022-06-09,99,success,bank_transfer
ea8c1a71-a08a-4772-b78e-498691c8a6c7,M0386,2022-07-09,99,success,credit_card
8ca59cd7-7155-495b-9b5b-30e7bbe01737,M0386,2022-08-08,99,success,credit_card
b6b3e21c-985d-4dd0-9234-b7482edb8843,M0386,2022-09-07,99,success,credit_card
2a27d0f8-27ae-4938-87bf-b5667a93a229,M0386,2022-10-07,99,success,debit_card
04188162-278c-49c9-a0e9-773697ad5176,M0386,2022-11-06,99,success,bank_transfer
eeea6b52-8c9e-4d0b-8861-efc92329c89d,M0386,2022-12-06,99,success,bank_transfer
2f3b5168-256f-4835-8c29-a991b99c4de5,M0387,2022-06-13,99,success,bank_transfer
b5f07a61-c078-464e-aa0f-fe00d2a87d1a,M0387,2022-07-13,99,success,bank_transfer
0bd807a3-5a48-479e-a981-0f7e3cc03bef,M0387,2022-08-12,99,success,credit_card
f119b7f8-59b2-459f-a291-7f21e227da92,M0387,2022-09-11,99,success,debit_card
3bbe91d3-dff6-439b-9f56-96a5d851869c,M0387,2022-10-11,99,success,credit_card
e9cf0b18-1a8c-4989-9bd8-074f99807fdd,M0387,2022-11-10,99,success,credit_card
cef83c3c-85e5-49df-a6d8-b0d9913d12f7,M0387,2022-12-10,99,success,bank_transfer
26f74c22-5774-4545-ad55-f2238e4935fa,M0387,2023-01-09,99,success,bank_transfer
bb16d40c-d50a-4dd8-848e-170c1379241f,M0387,2023-02-08,99,success,debit_card
4d8456b0-9eb1-4b8b-aa9d-bf9fb096a9a0,M0387,2023-03-10,99,success,debit_card
35c0670b-8474-48ec-82d4-56e819d5955f,M0387,2023-04-09,99,success,debit_card
16ab85fc-5ee4-45ff-a582-8f360bb412d5,M0387,2023-05-09,99,success,debit_card
e986d5cf-11e7-46ef-a692-f0e61d3a0aea,M0387,2023-06-08,99,success,debit_card
6bdab828-1016-4f12-a287-b183fc912e13,M0387,2023-07-08,99,success,debit_card
7c25b309-b6fc-456f-8ca6-5119bb75e0f3,M0387,2023-08-07,99,success,debit_card
919fd04f-c67c-49d3-b441-101c971381d9,M0387,2023-09-06,99,success,debit_card
64aad65a-f2a4-40d6-bd31-21c4491d9b68,M0387,2023-10-06,99,success,debit_card
2075618f-9d7e-4bda-9886-860d8581195c,M0387,2023-11-05,99,failed,debit_card
70bc8ee1-d569-4368-81d8-1de0ba96254c,M0387,2023-12-05,99,success,debit_card
1fafcde0-67d7-47c5-a9b3-f79ad26fcb61,M0387,2024-01-04,99,success,credit_card
c91148a5-b2dc-4cc1-a888-6fbd071fbaed,M0387,2024-02-03,99,success,debit_card
0c706cb5-e97b-4e99-8a97-9aff8580877c,M0387,2024-03-04,99,failed,bank_transfer
a55619e4-b025-442d-8301-ad8b8f7741bf,M0387,2024-04-03,99,success,bank_transfer
4fd060df-9d0e-4f76-bdb5-8bc2c47ab23e,M0387,2024-05-03,99,success,debit_card
1f068412-d05b-4a3b-82f2-64a3d0d166de,M0388,2022-07-14,29,success,credit_card
c756ef3a-ebc7-40df-b771-0aed6428b25e,M0388,2022-08-13,29,success,debit_card
a9c9c9af-2de3-467f-ac9e-a0b4eb38c5ec,M0388,2022-09-12,29,success,bank_transfer
3e98d9dc-9834-4849-bea0-3a4a4e8a7573,M0388,2022-10-12,29,success,credit_card
918ba7e3-1761-483f-b1b9-fe822f5d1113,M0388,2022-11-11,29,success,debit_card
a7345ceb-7d03-4f6b-b442-e712932fb706,M0388,2022-12-11,29,success,credit_card
38cd19ff-ff93-4c03-801a-d6260ab21d4e,M0388,2023-01-10,29,success,credit_card
992e774b-2254-44a1-a4a3-a9be3f355c55,M0388,2023-02-09,29,success,debit_card
fe8bd09d-8122-4e13-8a08-02482e772166,M0388,2023-03-11,29,success,bank_transfer
2d5ac7fa-3165-4ef1-b178-0f9290b580dc,M0388,2023-04-10,29,success,credit_card
b7de852e-ddc1-41f9-8df8-5777c562844d,M0388,2023-05-10,29,success,debit_card
c23ca385-0de0-422c-b100-6b0ae63307bf,M0388,2023-06-09,29,success,bank_transfer
e494ede1-2902-4c1a-874f-456b61d7daeb,M0388,2023-07-09,29,success,debit_card
ace189f3-0c05-4a75-8b0a-64ce880e1b2f,M0388,2023-08-08,29,success,bank_transfer
eaa24bba-7970-448c-986b-6dfb7cf76661,M0388,2023-09-07,29,success,credit_card
9f6afdf2-72c1-474e-be8a-6a768fdfae83,M0388,2023-10-07,29,success,debit_card
244ea687-7a00-41ab-b3c5-21bde6367bf4,M0388,2023-11-06,29,success,debit_card
bc093c86-1a8a-44cc-8b29-467c71d474a1,M0388,2023-12-06,29,success,debit_card
2faacee4-e01d-4ae3-ad64-77e60a376733,M0388,2024-01-05,29,success,credit_card
d97327b5-754f-42fc-ae5e-34575adfbc88,M0388,2024-02-04,29,success,credit_card
8dd6e992-d0fb-44e2-85f8-12f5471aaf2c,M0388,2024-03-05,29,success,bank_transfer
2d8aed8d-f8c7-4dab-b4e7-8753d66220ee,M0388,2024-04-04,29,success,credit_card
7df70d5d-2349-4a88-99be-4b66687bdbfc,M0388,2024-05-04,29,success,bank_transfer
7fc71196-5edd-4bbf-9507-1c5ff099e84e,M0389,2023-05-26,29,success,credit_card
718eace6-40b0-4a02-88cb-2143391a4daa,M0389,2023-06-25,29,success,debit_card
4d3239b7-6ae2-4381-beb2-c0b4b05c2423,M0389,2023-07-25,29,success,bank_transfer
fe4d4d76-a753-41b4-b87a-a869c0352af3,M0389,2023-08-24,29,success,bank_transfer
b50874d0-fcb5-4343-8b8c-045f09aae53f,M0389,2023-09-23,29,success,bank_transfer
a5c0ea30-769e-4221-aa61-b389a64b174f,M0389,2023-10-23,29,success,bank_transfer
181e02bd-d916-42f4-a21d-47290b199fff,M0389,2023-11-22,29,failed,credit_card
ae4b01e8-8579-4c21-81cd-efa539f57058,M0389,2023-12-22,29,success,bank_transfer
e39ddd39-7b78-4946-8168-3e9283bf8474,M0389,2024-01-21,29,success,debit_card
b13f672c-c624-48d8-b242-02c03592ed69,M0389,2024-02-20,29,success,debit_card
29f43f7c-2c3b-4d51-9c8f-6ae641500223,M0389,2024-03-21,29,success,debit_card
2126967d-e804-4dc2-9490-0dd94e2d7031,M0389,2024-04-20,29,success,credit_card
f356236a-8578-4068-89e4-43073b61103e,M0389,2024-05-20,29,success,debit_card
98fa6717-5cdc-4035-a0c0-7c2727abbc6b,M0390,2023-06-02,29,success,debit_card
d08247f4-e941-4640-b674-1fd649b52543,M0390,2023-07-02,29,success,bank_transfer
137280c9-c462-4a65-9579-e223bcce86d1,M0390,2023-08-01,29,success,debit_card
79706ced-1dcb-4889-814a-4c9e0a191e8c,M0390,2023-08-31,29,success,bank_transfer
efced697-eeef-481d-81f6-f7a8c968384d,M0390,2023-09-30,29,success,credit_card
7ce88926-56ca-4cae-b913-d0e03f0a6a3a,M0390,2023-10-30,29,success,debit_card
939e85e8-6e57-44d3-98b2-5432f13acd2b,M0390,2023-11-29,29,success,debit_card
8bce94a2-4389-4e27-a341-bf6eaf528314,M0390,2023-12-29,29,success,bank_transfer
a4e04d4d-657c-4594-8e8f-b01999f52854,M0390,2024-01-28,29,success,bank_transfer
11fcfed7-0099-44d4-9cf4-9b82abcd4518,M0390,2024-02-27,29,success,bank_transfer
58f73a22-8198-470f-8f78-5ab847addf1a,M0390,2024-03-28,29,success,credit_card
86885f4b-0558-44b6-976a-bea7db369c77,M0390,2024-04-27,29,success,debit_card
96a7622c-759e-4736-a852-1048c0c6197d,M0390,2024-05-27,29,success,debit_card
063218ec-ea8f-48bc-ad64-e047fe09a64e,M0391,2022-02-19,59,success,debit_card
867aa4a7-dda7-4e15-9898-4e19ac1d3899,M0391,2022-03-21,59,success,bank_transfer
831ac3d4-525d-47bf-a185-8ef286e965f3,M0391,2022-04-20,59,success,credit_card
a4f1b258-6d2d-44eb-b4b1-b994863aef90,M0391,2022-05-20,59,success,credit_card
f4d65b9a-133e-4663-94ab-508b3fceb34b,M0391,2022-06-19,59,success,bank_transfer
7c7dc308-6a27-48db-b84a-23c24bdb49d4,M0391,2022-07-19,59,success,credit_card
55a2a352-5554-43da-a590-81b18338c092,M0391,2022-08-18,59,success,debit_card
5746fc70-2e40-4b34-a4e1-e92131028636,M0391,2022-09-17,59,success,credit_card
98b07dce-2621-47f3-b6b5-e48809ae17bc,M0391,2022-10-17,59,success,bank_transfer
cc44b2c5-d8e7-48b9-ae9e-b0dea15840f1,M0391,2022-11-16,59,success,debit_card
9ef3d21e-97d0-4d21-b780-6d6e1974ce21,M0391,2022-12-16,59,success,bank_transfer
0fe55d9f-3222-4022-a449-6708fb8e037a,M0392,2023-04-27,29,success,debit_card
cfda1ef6-3e9f-4c2e-ae2f-2f76af286aa7,M0392,2023-05-27,29,success,bank_transfer
6f1f2474-8603-4da8-9504-8a6679c86e14,M0392,2023-06-26,29,success,debit_card
8281d120-0242-43af-97e6-3c302d6a7ab7,M0392,2023-07-26,29,success,bank_transfer
fad8a482-de53-4ab3-9798-c0212680491c,M0392,2023-08-25,29,success,debit_card
ed2f5d9e-bbf1-4303-a614-c510b17f3bf9,M0392,2023-09-24,29,success,debit_card
38784814-4bd0-457c-a919-6af1d34ecf82,M0392,2023-10-24,29,success,credit_card
7d35ed43-ea1f-45d3-8d2d-4c0b2b4233c5,M0392,2023-11-23,29,success,debit_card
d9ef0e74-d23b-4ec2-bcf9-da938f962602,M0392,2023-12-23,29,failed,credit_card
43fe2520-f1a8-4b36-a031-2d7d95136fd4,M0392,2024-01-22,29,success,credit_card
6de94474-a4ff-4569-a067-da086ca41426,M0392,2024-02-21,29,success,credit_card
5fc0e2f7-7ce4-4b6c-8001-7092e2b76ce2,M0392,2024-03-22,29,success,debit_card
e7bfe923-f479-4341-ae5b-ea59607b1ccc,M0392,2024-04-21,29,success,bank_transfer
81b16ec0-3630-4190-b388-0db89b486cec,M0392,2024-05-21,29,success,bank_transfer
0cc66738-49b7-462e-a3a4-e431f1dbcfce,M0393,2022-05-18,59,success,bank_transfer
3ac4c3fb-6ade-40a7-b5a6-3943d11470dc,M0393,2022-06-17,59,success,credit_card
279b8e92-e895-4ffe-bbae-0369a425dcd0,M0393,2022-07-17,59,success,credit_card
4fa68286-3cb4-46b3-a680-02dc7de87513,M0393,2022-08-16,59,success,credit_card
9a0a49cd-47eb-4703-b271-8dbd1eb84f7d,M0393,2022-09-15,59,success,bank_transfer
f550cd60-023a-42fc-bb3f-d9d8ea6ba114,M0393,2022-10-15,59,success,credit_card
1cd1b91c-6bd1-4488-8a01-790548166abf,M0393,2022-11-14,59,success,bank_transfer
d62da0f1-174b-471a-8f52-44025ae8d58d,M0393,2022-12-14,59,success,credit_card
2b749b60-6495-4cb5-960d-a3cc380d87fd,M0393,2023-01-13,59,success,debit_card
182c367b-b619-4596-9709-b908463bd653,M0393,2023-02-12,59,success,bank_transfer
c053d3d7-a575-4717-9067-85925e676f91,M0393,2023-03-14,59,success,debit_card
fbcbdc43-9039-48ef-8608-88d6037668b1,M0393,2023-04-13,59,success,debit_card
000d85b0-3846-46a2-b3c6-9cd9b334f8cd,M0393,2023-05-13,59,success,credit_card
77144803-4754-414d-b1e0-be34a5de9b03,M0393,2023-06-12,59,success,credit_card
b2524071-f93c-446b-8ad3-1f852cf77950,M0393,2023-07-12,59,success,debit_card
9bddcabe-50fb-457a-afa1-a292ff0d459f,M0393,2023-08-11,59,success,debit_card
1cabb649-930f-41a8-b114-aee23fecaf29,M0393,2023-09-10,59,failed,bank_transfer
9c073b31-01ad-43fd-93b5-c9a7e712e9c1,M0393,2023-10-10,59,success,credit_card
d9ac0640-21e1-4af9-b117-1180036d8be3,M0393,2023-11-09,59,success,debit_card
0223c144-64a6-47ec-ba5c-d616b67cb66d,M0393,2023-12-09,59,success,credit_card
8711dfd4-8148-45be-b0ed-6b334eac6254,M0393,2024-01-08,59,success,debit_card
ccddc3d0-da5f-48d6-8eef-d3c753874ab3,M0393,2024-02-07,59,success,credit_card
7912233e-df81-4fc4-b138-2d58b4708357,M0393,2024-03-08,59,success,credit_card
7ffab96f-7c4d-46c1-85e2-1e4c89eb75c9,M0393,2024-04-07,59,success,bank_transfer
6094cc69-bcdb-46e0-bd31-2ad0c5b43708,M0393,2024-05-07,59,success,credit_card
d7c6aacc-1d02-4d50-b00c-2db6a284bb89,M0394,2022-02-16,59,success,credit_card
2533aaf5-f4d3-4748-986c-e33746f15971,M0394,2022-03-18,59,success,debit_card
6096cc63-bcd6-49a7-8d21-4d9138e95af5,M0394,2022-04-17,59,success,debit_card
3644dc26-2bad-412a-977c-022c7e7dcda0,M0394,2022-05-17,59,success,debit_card
f8a7c23f-24f9-4248-855f-295ce178f44a,M0394,2022-06-16,59,success,credit_card
d6b448cd-d439-4342-979a-560fae5e36b1,M0394,2022-07-16,59,success,bank_transfer
1cd8bc2b-3d51-4d2f-9f47-f5aa81f4bbd8,M0394,2022-08-15,59,success,debit_card
54266de0-beb3-4b98-aec6-3cb54d06cb39,M0394,2022-09-14,59,success,debit_card
d1f587a0-f328-4c57-9fc0-f1f617ac946d,M0394,2022-10-14,59,failed,debit_card
3c66827d-7f72-4d65-a50a-9031a1b5216b,M0394,2022-11-13,59,success,debit_card
9c99fbe5-0536-4d67-9fbd-1572645564c2,M0394,2022-12-13,59,success,credit_card
b15d978a-def0-420a-85be-7f0003e34ab3,M0394,2023-01-12,59,success,debit_card
54e44d8d-7edc-4e4c-aa68-5dd738154ffe,M0394,2023-02-11,59,success,debit_card
9991fa1a-f393-4955-900e-906781f07048,M0394,2023-03-13,59,success,bank_transfer
539fd870-9570-4052-af3c-173a7ac7cfbb,M0394,2023-04-12,59,success,bank_transfer
761bf785-3e1f-488c-8506-15a08e45183a,M0394,2023-05-12,59,success,bank_transfer
e511ff17-b82e-4c6b-9966-4ec29ff4fe5e,M0394,2023-06-11,59,success,debit_card
6d7f0e6b-6144-4e3e-b7f5-9964f294791f,M0394,2023-07-11,59,failed,debit_card
ea30dc73-f548-4337-9799-6ac5989ed827,M0394,2023-08-10,59,success,debit_card
24c7540b-d6ba-4dd0-9518-be0e3a2b5f40,M0394,2023-09-09,59,success,credit_card
1faa8648-42e9-4ac8-959e-ce834e9a8806,M0394,2023-10-09,59,success,credit_card
752d20fb-2c3e-41fc-99d8-4672b646333b,M0394,2023-11-08,59,success,credit_card
1ab052d9-0550-4f82-adf3-bd708d2afe56,M0394,2023-12-08,59,success,debit_card
454b1ae7-92c0-47b0-80d4-16b2c6db150d,M0394,2024-01-07,59,success,credit_card
4a903c39-1671-4aa4-b28c-036ed3fcfa26,M0394,2024-02-06,59,success,credit_card
675db249-9095-4c85-846c-c856075c4808,M0394,2024-03-07,59,success,bank_transfer
e565ea9a-bc96-44b5-9078-cf0ffbac7407,M0394,2024-04-06,59,success,bank_transfer
133f46e7-5953-422b-a2e4-190472e8cff0,M0394,2024-05-06,59,success,credit_card
e5c824ce-58ec-4b4a-8cb3-1134575e489e,M0395,2023-07-21,29,success,credit_card
fd2631d4-a11f-4698-96a9-b5dcf61265b4,M0395,2023-08-20,29,success,credit_card
1eabf29a-a802-4bb4-b662-876e9b0c0508,M0395,2023-09-19,29,success,bank_transfer
06bdf2b5-4f9c-4479-a99e-feee0fefec27,M0395,2023-10-19,29,success,credit_card
1c2dc79a-2413-4d79-bcc4-e02d588a7852,M0395,2023-11-18,29,success,credit_card
6a57a794-eeb2-4235-b217-3aeb73630436,M0395,2023-12-18,29,success,debit_card
987a9691-1c66-4ea3-b422-12b22379dfdd,M0395,2024-01-17,29,success,debit_card
8bd06aa3-b657-4b10-883e-8f5edd05db32,M0395,2024-02-16,29,success,debit_card
c953519e-14d1-4224-93fe-4f3f81085be1,M0395,2024-03-17,29,success,credit_card
187eca72-33bf-4b0c-82b7-34251ba7380f,M0395,2024-04-16,29,success,debit_card
70ddbd15-9ae6-48e4-a77a-25fe7c5ee547,M0395,2024-05-16,29,failed,debit_card
9ab6e92e-2cb4-4c5f-a955-f00790da83de,M0396,2022-10-14,59,success,credit_card
37309f78-f46d-4ee0-831b-991a08d83d42,M0396,2022-11-13,59,success,credit_card
f3a54763-bca2-4735-8442-a9cd0b005194,M0396,2022-12-13,59,success,bank_transfer
c56b0d6a-0da5-4602-bb66-c740c7050ed6,M0396,2023-01-12,59,success,credit_card
34e2dd24-5ffa-49fb-bc05-2358076fb6e1,M0396,2023-02-11,59,success,credit_card
5ef0ca1a-c7b5-41f5-a6da-5cef81eaeef9,M0396,2023-03-13,59,success,credit_card
4a7d50e0-ac1c-4096-9a4a-eac181c47355,M0396,2023-04-12,59,success,credit_card
21cc9cb8-426a-4890-91e0-a61781e57c10,M0396,2023-05-12,59,success,debit_card
c14fb286-d372-4bdc-af34-47a8f66ea1f9,M0396,2023-06-11,59,success,debit_card
22e775eb-4adc-41c0-a932-82013f3f6aee,M0396,2023-07-11,59,success,bank_transfer
3135c322-6f73-491d-b1a0-840115175f4b,M0396,2023-08-10,59,success,bank_transfer
2a02198f-4967-4772-b5c5-d8f259f55aae,M0396,2023-09-09,59,success,credit_card
6cc23cfb-5cbb-4b4c-b6d1-99a1e3584e55,M0396,2023-10-09,59,success,debit_card
c1752e53-db24-4d1c-b03d-9afbedfbc70d,M0396,2023-11-08,59,success,debit_card
bd9dd722-53f8-4460-b0f3-528f3bdeb984,M0396,2023-12-08,59,success,bank_transfer
771f368c-8110-42aa-8d5a-55988f021f32,M0396,2024-01-07,59,success,bank_transfer
edbee1d3-5c6a-40da-8efb-5a37ce10a2d5,M0396,2024-02-06,59,success,credit_card
d384363c-ea34-4f94-bec3-273cdbaaf0e1,M0396,2024-03-07,59,success,bank_transfer
6f5586fb-a381-42f4-912b-3d453eb029d6,M0396,2024-04-06,59,success,bank_transfer
8c9895b1-1f43-42de-9efb-c155bfc80506,M0396,2024-05-06,59,success,credit_card
9d8cd274-7ff0-4a5d-a943-fec8b73f9f56,M0397,2022-05-12,29,success,credit_card
047aa421-747c-4b15-9b0b-76680ec3937b,M0397,2022-06-11,29,success,credit_card
1b408350-42e2-4d2e-9632-59c9061d34b3,M0397,2022-07-11,29,success,bank_transfer
7d57f381-3877-406e-93ff-6f2fea4114f8,M0397,2022-08-10,29,success,bank_transfer
0c2fc3f6-6c87-4ada-a841-3058a7fa8095,M0397,2022-09-09,29,success,credit_card
05791965-a921-4a21-a7ae-46c514dd32b1,M0397,2022-10-09,29,success,bank_transfer
38ebc904-9457-4c97-b74f-a6a3152b0ee0,M0397,2022-11-08,29,success,debit_card
ba516c89-00df-474c-adf0-30919e8fde36,M0397,2022-12-08,29,success,debit_card
bb2cd759-82f0-4c53-8471-ab7b10492ccb,M0397,2023-01-07,29,success,bank_transfer
5e3392b8-3023-4ed0-848a-94772c663653,M0397,2023-02-06,29,success,debit_card
50e3c4d3-d730-4353-a9b1-7c3aff6bf6cb,M0397,2023-03-08,29,success,credit_card
652321ec-3436-459f-a109-b900e41aa764,M0397,2023-04-07,29,success,debit_card
f3059cd0-5e12-471a-9861-973774b3d469,M0397,2023-05-07,29,success,bank_transfer
4af4032b-3b14-41d2-9db7-ed500c71b55e,M0397,2023-06-06,29,success,credit_card
e2cea92a-e13e-499f-ab54-37e0b18fa35e,M0397,2023-07-06,29,success,debit_card
0bf7f6eb-39d5-46ca-b9d8-20ae6c9bcd2d,M0397,2023-08-05,29,success,credit_card
722460d5-ca1c-477f-bcd8-3468785c4aab,M0397,2023-09-04,29,success,credit_card
ffc5c3a4-5f41-4f17-85fe-67161c1a16e7,M0397,2023-10-04,29,success,credit_card
1d259b91-039a-4df7-b311-83d88c9d748f,M0397,2023-11-03,29,success,credit_card
45d75418-e631-4e8b-bc89-289c3e49ba23,M0397,2023-12-03,29,success,debit_card
21a7dee6-4b54-42f9-a93f-5c7d5eaee763,M0397,2024-01-02,29,failed,debit_card
584f5575-9aec-46b4-aa84-4fa555072f80,M0397,2024-02-01,29,success,debit_card
cd7d739a-6fd6-4c6a-92ed-a25da67dd3aa,M0397,2024-03-02,29,success,bank_transfer
40c9ea21-6bbd-4d85-b7dd-d8c2b91439cd,M0397,2024-04-01,29,success,credit_card
38070ee8-73ed-4a43-b09d-ab87d2b09146,M0397,2024-05-01,29,success,debit_card
02dcd7d0-6ed5-41d4-88ed-c4ba6588ebc8,M0397,2024-05-31,29,success,credit_card
d3a0ce04-618f-4136-9f50-94e6702a7b93,M0398,2023-01-10,29,success,bank_transfer
71627c88-594a-435b-8a20-6a4f26cc4792,M0398,2023-02-09,29,success,debit_card
d6fc0cee-5f40-4b5d-b44e-4a91565ce043,M0398,2023-03-11,29,success,credit_card
a175c222-29a9-4b56-9314-6497b5871bc5,M0398,2023-04-10,29,success,debit_card
8d9e0f72-b870-43fc-b307-1054fa6bc2ae,M0398,2023-05-10,29,success,debit_card
509ccb30-c1bd-47ae-9bf5-2cc2827c1c1a,M0398,2023-06-09,29,success,bank_transfer
f351b31d-f0d9-4bea-9f04-b55ad8d2c5f9,M0398,2023-07-09,29,success,bank_transfer
2a55ebb6-d59c-4f2f-b631-4b5bb00e2124,M0398,2023-08-08,29,success,debit_card
5334f83c-24a6-4237-bd60-4600a9d3467f,M0398,2023-09-07,29,success,credit_card
38740d75-aa0d-4f4d-8609-ac6907d52c98,M0398,2023-10-07,29,success,credit_card
6b03e6e4-6fd9-4d9e-a6c7-ca5b86eba364,M0398,2023-11-06,29,success,debit_card
43acda1d-46a5-4e7b-8a9f-b6e86fc43b8c,M0398,2023-12-06,29,success,credit_card
4dbedb8e-6064-451f-ace3-4890a2ea6285,M0398,2024-01-05,29,success,debit_card
37a6e645-2063-48d5-bd78-becdb7404b5f,M0398,2024-02-04,29,success,debit_card
ebc33ce3-98ca-4e0c-8a65-01d16ee2feae,M0398,2024-03-05,29,success,debit_card
a4959dbb-a2b9-47da-9b8a-6b8c46f0bbba,M0398,2024-04-04,29,success,credit_card
e1588447-0c85-41fd-a059-26ab2bde0fba,M0398,2024-05-04,29,success,bank_transfer
16ba77b6-e716-4ba7-8e93-5b85357faa93,M0399,2023-05-28,29,success,bank_transfer
8223c537-68ff-4872-9f01-f977df07c89d,M0399,2023-06-27,29,success,bank_transfer
2adf2a30-7eae-4f03-a7d6-e40522a9b178,M0399,2023-07-27,29,success,credit_card
1200e368-0805-4dd1-aebd-21b0cb9c9a84,M0400,2023-06-16,59,success,bank_transfer
07117411-a139-46d8-ba46-e5d6226d98fd,M0400,2023-07-16,59,success,bank_transfer
ab2cce2c-da83-4b73-be8c-4e7f2bc6f6ad,M0400,2023-08-15,59,success,bank_transfer
00864b94-55b3-47ae-bd02-67ff9f5f7c4b,M0400,2023-09-14,59,success,bank_transfer
573005aa-6a26-4035-8398-fce30fe6b618,M0400,2023-10-14,59,success,bank_transfer
cd3deaac-e798-4e7d-be61-3a197216b8a6,M0400,2023-11-13,59,success,credit_card
dab9c2d1-b1d9-49bf-a9df-c530465ec0f8,M0400,2023-12-13,59,success,bank_transfer
745356ed-8883-4f01-922e-bc8531abc180,M0400,2024-01-12,59,success,credit_card
858a5833-82b5-4ee0-bf2d-9380ef97f725,M0400,2024-02-11,59,success,credit_card
36171ae2-4e6f-4bc4-b6cf-145a3052a8c9,M0400,2024-03-12,59,success,bank_transfer
36b2c60b-01af-4316-9105-a3464602ee97,M0400,2024-04-11,59,success,bank_transfer
363d1281-2e3d-4cc9-a30f-dc48277d01c9,M0400,2024-05-11,59,success,bank_transfer
d6178c0e-8bd3-4178-a5af-c9b42779e2f9,M0401,2022-12-02,29,success,credit_card
ea63e00a-c727-42c9-b935-da5ff988c519,M0401,2023-01-01,29,success,debit_card
7c69028e-0ca9-49ae-9d73-6a72b7065842,M0401,2023-01-31,29,success,bank_transfer
f827d198-5df8-4a0a-907b-19bac81074e8,M0401,2023-03-02,29,success,debit_card
ae6dc262-293a-426f-9574-572ec23b4c83,M0401,2023-04-01,29,success,credit_card
6b113ff0-cfc1-42e4-afe0-b145d0cd1900,M0401,2023-05-01,29,success,debit_card
02e084e2-dfa2-4339-9e1f-4b38ff09a9b4,M0401,2023-05-31,29,failed,debit_card
144c636a-1bc7-47e4-a3cf-cbff46629916,M0401,2023-06-30,29,success,bank_transfer
764455c8-9588-48d8-a702-b2773d70d4d6,M0401,2023-07-30,29,success,bank_transfer
b713d5e1-a96e-40d6-8cc9-eb036f22462f,M0401,2023-08-29,29,success,credit_card
e1bebf84-3384-4a42-a496-5a1c5a9652af,M0401,2023-09-28,29,success,debit_card
74b81d85-3284-47f3-af6d-bc2f8492e18b,M0401,2023-10-28,29,success,debit_card
fe74983f-4b35-4f74-b9d8-aec7c3dc9ea4,M0401,2023-11-27,29,success,credit_card
e9fa79a9-e435-46c2-8496-8eb27ddc4e6f,M0401,2023-12-27,29,success,credit_card
96ea570a-451c-4715-b659-5281c50465f5,M0401,2024-01-26,29,success,debit_card
ee1484c8-4634-4bf4-b9ed-c28be6c3307b,M0401,2024-02-25,29,success,credit_card
0cfc8caa-86a5-4346-8557-dfbfa6db399e,M0401,2024-03-26,29,success,credit_card
02fc50ee-2890-42c2-bea7-83f7dcc12ddb,M0401,2024-04-25,29,success,debit_card
71d795b3-7a19-4d8c-a8e7-074b7589ba0c,M0401,2024-05-25,29,success,debit_card
bee205a4-6fad-4d37-84ad-4cbe97d220c4,M0402,2022-11-03,59,success,bank_transfer
ad6cdd35-8a0d-46f1-ad33-897d182852c5,M0402,2022-12-03,59,success,bank_transfer
5a45b866-8a0f-447b-ade3-85830da1fbe5,M0402,2023-01-02,59,success,debit_card
9838354a-c9e9-48be-927c-1874083df094,M0402,2023-02-01,59,success,debit_card
01214ee6-311d-4896-8740-822989435315,M0402,2023-03-03,59,success,credit_card
f202762f-2cba-4821-b335-8909f08987ef,M0402,2023-04-02,59,success,bank_transfer
686e3e3a-4a46-402c-8a26-a0a5e5e466a8,M0402,2023-05-02,59,success,credit_card
ef895f45-c620-4f41-97b7-a07d1bf4c367,M0402,2023-06-01,59,success,bank_transfer
e7758f0f-fc88-4859-a6c6-41704100daad,M0402,2023-07-01,59,success,bank_transfer
28658b4a-abef-4fb6-b79b-15817d7c509c,M0402,2023-07-31,59,success,credit_card
5cd64f59-7dcd-404b-9233-5587fa265f68,M0402,2023-08-30,59,success,bank_transfer
876d4e1d-46a6-4b86-945d-95ea5c3645a1,M0402,2023-09-29,59,success,credit_card
069e851c-414b-48ca-bbc5-782f5d3be6b9,M0402,2023-10-29,59,success,bank_transfer
e02cb030-b244-482e-bff3-01fdcc86571d,M0402,2023-11-28,59,success,debit_card
44fe596d-0533-4912-aef1-8bc9925c09cf,M0402,2023-12-28,59,success,credit_card
8969ce64-d85d-4b3e-8998-145ecef89898,M0402,2024-01-27,59,success,debit_card
5f198517-60ab-40f4-a8d3-f675179ae67b,M0402,2024-02-26,59,success,debit_card
28747272-a77c-445d-92f1-4b35ba4ecfd7,M0402,2024-03-27,59,success,credit_card
201481b1-4458-4bb6-90bb-8c08b39d25d5,M0402,2024-04-26,59,success,bank_transfer
9f88c360-19d5-46ff-a366-f4368c42a804,M0402,2024-05-26,59,success,debit_card
79b3014c-4900-43c4-b94a-0a2dcb467403,M0403,2023-05-17,29,success,credit_card
904c4fb0-0f88-4ae0-924f-3bd9af1aa077,M0403,2023-06-16,29,success,credit_card
4a2c7198-0eea-4408-9d3a-a25b5a605e40,M0403,2023-07-16,29,success,bank_transfer
ae8cb7f5-845a-435c-a645-8b1a7ed6e5e4,M0403,2023-08-15,29,success,debit_card
074dff12-dc10-4c79-87e4-538f78e38103,M0403,2023-09-14,29,success,bank_transfer
2b6da62a-cf00-40be-91b3-eee261ab8c2e,M0403,2023-10-14,29,success,bank_transfer
65cf2c60-1ccc-4d5c-83d1-72d9abf2e51e,M0403,2023-11-13,29,success,debit_card
abde2aa1-5227-4021-b0ed-e5b782334c00,M0403,2023-12-13,29,success,credit_card
d5597e80-dd4c-4a53-aa0a-625fc18afe74,M0403,2024-01-12,29,success,debit_card
4db34da6-e41e-4d00-9511-afd3c271785a,M0403,2024-02-11,29,success,bank_transfer
c5b2d5e3-6eb9-4020-87d0-089412637493,M0403,2024-03-12,29,success,debit_card
762030da-3294-4de8-a89d-72e7e7750aab,M0403,2024-04-11,29,success,debit_card
09d13fcd-9c73-4770-944c-91ae33e2a159,M0403,2024-05-11,29,success,debit_card
4e93a228-d87b-4b11-83c6-0b481d80cc5c,M0404,2022-12-06,99,success,credit_card
de12464c-560d-4a10-9dc3-9773a4035b38,M0404,2023-01-05,99,failed,bank_transfer
b9a2f56e-16f0-471a-850f-af10a1e403a0,M0404,2023-02-04,99,success,credit_card
c0cca331-64c1-4037-9e38-a5c34e40a41a,M0404,2023-03-06,99,success,credit_card
c913732a-4f98-4e3b-8cce-4e82a06effd5,M0404,2023-04-05,99,success,bank_transfer
37e2fbaf-625a-4fa2-94fb-f589d3291b44,M0404,2023-05-05,99,success,bank_transfer
a7d979a5-dbde-4e78-920a-6374cf04373e,M0404,2023-06-04,99,success,bank_transfer
ac5e9f67-b9fb-4ef2-a08b-631f3b3f7f13,M0404,2023-07-04,99,success,debit_card
888ea0e9-3e8f-42ea-a5b6-00e9a819f3e9,M0404,2023-08-03,99,success,bank_transfer
82db4651-83a7-4b23-947a-829d00bb5512,M0404,2023-09-02,99,success,bank_transfer
8fe1c6a2-2a1b-4728-8616-9c58f874536a,M0404,2023-10-02,99,success,bank_transfer
7cbbe68f-4310-43d9-b08c-736e24e5ce69,M0404,2023-11-01,99,success,bank_transfer
0d85c49d-b02a-4f75-87bf-b4aa1e450c32,M0404,2023-12-01,99,success,credit_card
05b9b0e5-8539-457f-a965-b62b96875297,M0404,2023-12-31,99,success,bank_transfer
262cc62c-ea1c-4bb6-8c2a-9678450959a4,M0404,2024-01-30,99,success,bank_transfer
1292315a-0df2-4200-8143-01422743e7e5,M0404,2024-02-29,99,success,debit_card
3c32e07a-2313-4f28-9b6b-d26e0e5479da,M0404,2024-03-30,99,success,credit_card
f13b3af1-4995-435f-911e-816dffa91ae9,M0404,2024-04-29,99,success,debit_card
0048aad7-54d0-4bee-8f19-970fb2c9f121,M0404,2024-05-29,99,success,bank_transfer
a91e4332-99e8-40c2-ba07-aae483046d58,M0405,2023-12-06,59,success,credit_card
d30fafaa-df12-4300-a944-c5edca2f44cc,M0405,2024-01-05,59,success,bank_transfer
662dc999-b79f-4ebc-83c7-9f0aa1b8b5d9,M0405,2024-02-04,59,success,debit_card
e4e03e0e-b2c4-4842-90bd-7b82bc0eb9b5,M0405,2024-03-05,59,success,credit_card
8efa807d-a09e-4084-acd2-6aff0b2db710,M0405,2024-04-04,59,success,credit_card
a4b914c9-c1e9-4059-8792-8c0929d128ec,M0405,2024-05-04,59,failed,debit_card
6054cb6c-12f5-4f8b-b466-564c8d04a760,M0406,2023-08-16,59,success,debit_card
7d56af74-495b-4ee9-b919-87871b37699f,M0406,2023-09-15,59,success,bank_transfer
f4d630da-2b22-489f-ab04-787187668cdc,M0406,2023-10-15,59,success,debit_card
3f5c4e51-9791-460f-a9f3-6fe321e6d2ae,M0406,2023-11-14,59,success,bank_transfer
e428248f-8d39-4bf9-b88f-ca10bb18b38e,M0406,2023-12-14,59,success,credit_card
08d3a02f-8d3d-4f29-82b7-191bbd32270c,M0406,2024-01-13,59,success,credit_card
5e6c68ad-cb25-4474-b1e6-4ebc6756c2a9,M0406,2024-02-12,59,success,bank_transfer
0e1b0f78-8806-482c-b02f-1fb1d092cb45,M0406,2024-03-13,59,success,debit_card
1bfb31ae-0e54-4d2a-9c10-e6cca4125994,M0406,2024-04-12,59,success,credit_card
44be4c1a-cb63-4bd7-bdce-37cbb9aa6813,M0406,2024-05-12,59,success,bank_transfer
fefcb786-76c0-485f-8c8d-e577c477e486,M0407,2022-06-24,59,success,bank_transfer
3a0ad817-6167-4295-9afd-d24ec3270263,M0407,2022-07-24,59,success,debit_card
051fc2d7-e86b-4f2f-aa2f-dc6164d6687c,M0407,2022-08-23,59,success,credit_card
437cac49-ade0-4546-8023-f3aec3a447d6,M0407,2022-09-22,59,success,credit_card
ff89fb06-fe98-4d1f-bf7f-af15360c1888,M0407,2022-10-22,59,success,bank_transfer
2e39c833-91fc-4bcc-8c0a-ae13275c560f,M0407,2022-11-21,59,success,credit_card
c63ed11c-7021-4102-920a-b4be05b57403,M0407,2022-12-21,59,success,debit_card
88e83fa2-1744-4c3b-98c5-1f71a37c6c7d,M0407,2023-01-20,59,success,bank_transfer
d55a7c39-e867-4ab5-b464-5e1682238c68,M0407,2023-02-19,59,success,debit_card
0d5e75d5-fb7a-46e9-a178-dc999d0cfe7b,M0407,2023-03-21,59,success,debit_card
5b738308-8845-4739-9947-611dfa7d1f29,M0407,2023-04-20,59,success,debit_card
88e8d587-c110-4955-a585-310a3e176cdc,M0407,2023-05-20,59,success,bank_transfer
96e06d19-5744-46d8-9e93-332212b7f3ba,M0407,2023-06-19,59,success,debit_card
42810bd0-2ef5-47bc-be11-5afbf97e5b4b,M0407,2023-07-19,59,success,debit_card
766a2b44-7dd6-45a7-b17a-f1909e7dd9b0,M0407,2023-08-18,59,success,credit_card
a124be86-2945-427c-8273-d6ce0df3ec75,M0407,2023-09-17,59,success,credit_card
3fed2cb8-47ab-4428-b138-dddb6c7679cf,M0407,2023-10-17,59,success,debit_card
d93e124a-9446-4591-810a-bc4acb03e3a5,M0407,2023-11-16,59,success,bank_transfer
5e61e7bf-5796-4f61-98a5-955323cac6d3,M0407,2023-12-16,59,success,debit_card
c6844cf2-726a-405c-a78a-45dbac042bdb,M0407,2024-01-15,59,success,bank_transfer
d76ecdfb-7d9c-4daf-858e-780b36f28fdf,M0407,2024-02-14,59,success,bank_transfer
daf07f78-02e7-48fc-b6be-434c90c92e24,M0407,2024-03-15,59,success,credit_card
e3f1df26-65b1-4db2-80a6-2def3b229d50,M0407,2024-04-14,59,success,bank_transfer
cf2b06fb-d633-4545-9e4e-e086a08a1976,M0407,2024-05-14,59,success,bank_transfer
f538201a-fdad-4926-ad05-cbac7c737111,M0408,2023-11-29,99,success,debit_card
3d5cc615-69b0-40ab-9b75-6e7be51a0598,M0408,2023-12-29,99,success,debit_card
ff2a171a-3f8a-444e-9e1d-a3c52683a234,M0408,2024-01-28,99,success,debit_card
3fa95ba5-2178-406e-97c7-2970d2d0942c,M0408,2024-02-27,99,success,debit_card
21ce6f32-e28b-46d2-af0d-beefd47d799d,M0408,2024-03-28,99,success,bank_transfer
21ae9255-7bda-40ea-8398-faa2a1bb2494,M0408,2024-04-27,99,success,debit_card
d5fbfd6f-44e4-4805-8141-0213b6180f14,M0408,2024-05-27,99,success,credit_card
bac21bae-54d1-4954-8e9b-e433b33924d4,M0409,2022-01-20,29,success,credit_card
8563e31b-3080-4400-ad24-f720484dc44c,M0409,2022-02-19,29,success,credit_card
4a60a7b6-7fa3-4222-b699-d5fd78abab94,M0409,2022-03-21,29,success,credit_card
7218948c-dc10-4c78-b3ac-cca1f9741cc2,M0409,2022-04-20,29,success,debit_card
8612edfe-8312-497b-b2d3-f7d918acdcc0,M0409,2022-05-20,29,failed,credit_card
36ea9403-8823-4fdc-b9fb-17760bdbb9cd,M0409,2022-06-19,29,success,credit_card
e3af98bd-3f49-4e5a-8f9a-ab706418c044,M0409,2022-07-19,29,success,credit_card
63823209-962f-4e95-a61e-c4afcf971fbb,M0409,2022-08-18,29,success,credit_card
cf2c8943-92c4-4faf-bc0e-113fded1d9df,M0409,2022-09-17,29,success,debit_card
b7869362-6b0a-4db1-af29-588e73c79491,M0409,2022-10-17,29,success,credit_card
433a798b-6346-42ee-9675-109cc1b4ca4b,M0409,2022-11-16,29,success,debit_card
40df706f-c926-436b-90d4-73514b7690f7,M0409,2022-12-16,29,success,debit_card
04d2f8d1-3787-4a57-aac6-cf043a09f4f4,M0409,2023-01-15,29,success,bank_transfer
ed91cd33-5ea2-48cf-a997-4efb0dd0fa72,M0409,2023-02-14,29,success,credit_card
63b700ca-1de9-4bc8-a795-c4005c7c1678,M0409,2023-03-16,29,success,bank_transfer
07a47127-3814-4f1f-8611-9f89024bf603,M0409,2023-04-15,29,success,bank_transfer
38c84c1e-b2f1-4d9e-96be-a0e419c5c451,M0409,2023-05-15,29,success,debit_card
aa4b5a01-56cf-4d69-9c7f-a8c9c63096e3,M0409,2023-06-14,29,success,bank_transfer
5da82a73-e404-4d97-a17b-a50aecdd8853,M0409,2023-07-14,29,success,debit_card
5803690a-cf0c-4e93-a8ae-bdafe79c9538,M0409,2023-08-13,29,success,debit_card
c3296c09-431d-4a8b-81a3-9940192ace94,M0409,2023-09-12,29,success,debit_card
0828aa90-b85b-468b-83d1-fb6163369305,M0409,2023-10-12,29,success,credit_card
2cbc56a8-4f61-43ef-bbf5-91670de5d3a2,M0409,2023-11-11,29,success,debit_card
04b90e59-1eda-4644-a075-6b8148ec8dd1,M0409,2023-12-11,29,success,bank_transfer
5fa8f9fa-7737-4582-ba82-d879a258ce8c,M0409,2024-01-10,29,success,bank_transfer
21cbb118-24af-40d4-8003-9c12e034ef04,M0409,2024-02-09,29,success,bank_transfer
37ef3bab-2a6b-4c1e-8ad4-1cb2388450ba,M0409,2024-03-10,29,success,credit_card
308a1645-99bf-4f50-b09c-8420bfaa1231,M0409,2024-04-09,29,success,bank_transfer
85334bf4-d5d0-4d57-8e5b-19c32fdb6dbb,M0409,2024-05-09,29,success,bank_transfer
2ee8c948-9d17-4600-a756-8b434ac225c0,M0410,2022-07-28,59,success,bank_transfer
6b30ea8c-9c58-4241-9a14-1c62c598d6ee,M0410,2022-08-27,59,success,debit_card
cc735705-d862-44dd-9154-24ebe58593b9,M0410,2022-09-26,59,success,bank_transfer
976bff0d-8098-4203-b37a-9e39b899e530,M0410,2022-10-26,59,success,credit_card
396274d8-0e77-47b9-b4b7-6a174ca68aa7,M0410,2022-11-25,59,success,bank_transfer
bc376452-6019-4981-ae2e-45418c80a6ca,M0410,2022-12-25,59,success,debit_card
e49b02db-c11b-41fe-ab3d-b65ebbbd069c,M0410,2023-01-24,59,success,debit_card
3deeeda9-596e-4ad5-98b0-4ab32c23234e,M0410,2023-02-23,59,success,credit_card
d6ff8bb2-cc22-4ffb-a557-526756d2ff5a,M0410,2023-03-25,59,success,credit_card
b1d4481c-3cbe-4ec2-b514-768aaa91c38d,M0410,2023-04-24,59,failed,debit_card
2a0e8ead-9ce9-40ca-bade-6b36f7f7960b,M0410,2023-05-24,59,success,credit_card
dc451727-91f6-4c20-b481-43b09510279d,M0410,2023-06-23,59,success,debit_card
15e0f8ec-093e-4241-b89e-ddb0df6ae313,M0410,2023-07-23,59,success,credit_card
e3acc69e-dfc5-4c0e-84b4-40bff4c6c95d,M0410,2023-08-22,59,success,debit_card
902b3c90-04b3-4ab3-a324-088abefdeba9,M0410,2023-09-21,59,success,bank_transfer
f1718c08-feea-4c79-a8cb-be9e2ecad61e,M0410,2023-10-21,59,success,debit_card
a097724a-4ea6-4186-8814-2b098c4332e6,M0410,2023-11-20,59,success,bank_transfer
7034b461-99dd-4b72-9916-8ed03557a96f,M0410,2023-12-20,59,failed,bank_transfer
c6b980b3-5cd2-4ba2-81eb-3c39ef63602a,M0410,2024-01-19,59,success,bank_transfer
a11a7085-efee-4714-bd2b-680530f6a96e,M0410,2024-02-18,59,success,credit_card
b77cf572-a41f-44a3-9580-a9c98aed6b54,M0410,2024-03-19,59,success,credit_card
037f85c4-e55a-4f53-9186-b5f92f727a60,M0410,2024-04-18,59,success,debit_card
bdb356eb-cbcb-4ad2-9e5e-763e7b6ea93f,M0410,2024-05-18,59,success,bank_transfer
c95346e9-ecfb-46b6-8c78-2f1b94e1be78,M0411,2022-03-05,59,success,credit_card
2e07125e-eb98-404f-9f64-2695a3a82b5a,M0411,2022-04-04,59,success,bank_transfer
c7b1a8a3-07b7-4426-a3a8-de2d24fb96ae,M0411,2022-05-04,59,success,credit_card
e9b592c8-efdc-4da1-aef1-7053c7bbd54c,M0411,2022-06-03,59,success,bank_transfer
f6cbae79-7b54-46ee-9ea0-af9165f4d107,M0411,2022-07-03,59,success,credit_card
4920ffb0-3f3c-4adf-9fbd-c0a8b465e44f,M0411,2022-08-02,59,success,credit_card
4eff8e4e-6b3b-4f73-b8e2-00a14596d51d,M0411,2022-09-01,59,success,debit_card
f33ee3dd-a705-4654-88b7-8dd2e8a609cf,M0411,2022-10-01,59,success,credit_card
3e841ca8-9605-4529-8140-8a0797f0db03,M0411,2022-10-31,59,success,bank_transfer
3d03ed94-c0e1-4295-82b8-af3984e83aa2,M0411,2022-11-30,59,success,credit_card
ead4985f-3387-4c86-8f18-2b1c8def64d8,M0411,2022-12-30,59,success,credit_card
b0290619-8a00-4886-b268-cc45a620c108,M0411,2023-01-29,59,success,credit_card
8add65a3-983f-4775-8bb2-4b9f46cea71a,M0411,2023-02-28,59,success,credit_card
f70bc283-bdca-4a13-b76b-74f0bbdf24eb,M0411,2023-03-30,59,success,debit_card
9f17b553-98c0-4cda-9054-20801937d8fa,M0411,2023-04-29,59,success,debit_card
9b5371e1-24ca-4541-a4a6-a08a123b2c83,M0411,2023-05-29,59,success,debit_card
3441525d-0f95-4097-a58e-e49620607f0b,M0411,2023-06-28,59,success,bank_transfer
f70efbdb-d159-432e-bb33-447f6b496188,M0411,2023-07-28,59,success,debit_card
245c4adc-def9-4934-bd72-4aed3f63214f,M0411,2023-08-27,59,success,debit_card
585cfc95-cd16-4bcb-a308-20960ad03a2b,M0411,2023-09-26,59,success,debit_card
bb95d84b-4d6f-480a-93bf-8e680fd1bae5,M0411,2023-10-26,59,success,debit_card
c639620a-8d40-4c54-8e6b-13577fea9198,M0411,2023-11-25,59,success,bank_transfer
adc28544-c1a5-4044-8f8c-40314f3d539d,M0411,2023-12-25,59,success,debit_card
961289d1-b9b5-4aae-a995-76ea9e52921a,M0411,2024-01-24,59,success,credit_card
a76df6ec-a318-4044-81b6-95f864cec900,M0411,2024-02-23,59,success,credit_card
bdaa7873-64e5-4723-b303-7a070adb9461,M0411,2024-03-24,59,success,bank_transfer
446404e7-787c-4b94-ae4a-3247113418fd,M0411,2024-04-23,59,success,debit_card
cdb630a6-4a79-4f19-bad8-f1d8e74a64cb,M0411,2024-05-23,59,success,credit_card
1240949e-2307-4954-b980-bb7ec1806730,M0412,2023-11-10,29,success,credit_card
5c481b39-4c14-4235-a110-a8f5e6b20687,M0412,2023-12-10,29,success,credit_card
6c288fa9-7273-4fce-a842-17d066195953,M0412,2024-01-09,29,success,credit_card
b2108619-7adc-46ae-87c9-aec8c6359fdc,M0412,2024-02-08,29,success,credit_card
6476c892-4237-4a08-9ca3-310a4376d055,M0412,2024-03-09,29,success,bank_transfer
8c0e54d9-ac67-4483-8754-b776ed7ef56d,M0412,2024-04-08,29,failed,debit_card
87615e95-06db-4ca1-804e-ffdc800e8757,M0412,2024-05-08,29,success,credit_card
5bedad51-8438-42c9-9777-1ccdccf67d6a,M0413,2023-06-30,29,success,bank_transfer
0ee2d63e-6eb2-48d5-85be-3f05c530ad92,M0413,2023-07-30,29,success,credit_card
0cce676a-7dad-4720-a7bf-a7b5a9c622c1,M0413,2023-08-29,29,success,credit_card
051531b3-1f2d-41c4-b21e-faad50f23a9a,M0413,2023-09-28,29,success,debit_card
8c694ac5-4e01-4572-91f6-13bab6379b86,M0413,2023-10-28,29,success,credit_card
605b0b15-3126-4efe-9c22-2e63ad4c542b,M0413,2023-11-27,29,success,credit_card
fe24cf00-d27f-4a05-b0f2-30b8e20ac132,M0413,2023-12-27,29,success,credit_card
397e1131-89af-4551-a956-5041518e35c9,M0413,2024-01-26,29,success,bank_transfer
4818a64f-eec0-4132-97b1-d7d21d236c55,M0413,2024-02-25,29,success,debit_card
d0bd2e51-f7ae-452c-b8ed-144ce7a1c75b,M0413,2024-03-26,29,success,credit_card
dfaa835d-6559-4a11-9682-fcbbf44b935c,M0413,2024-04-25,29,success,debit_card
410e03b1-71e8-4542-bbe3-201278f6a068,M0413,2024-05-25,29,success,credit_card
1c175d21-08af-43a4-afec-55615ad6a16f,M0414,2023-10-21,29,success,credit_card
6d13a409-4a30-4972-bd75-6b95893fe4eb,M0414,2023-11-20,29,success,debit_card
6503c5a7-9a29-4707-92f0-f6f88d86e92b,M0414,2023-12-20,29,success,credit_card
45c14351-34c7-4ce9-87f1-fae576e5721e,M0414,2024-01-19,29,success,credit_card
048cc722-4fa8-4383-afc2-7de47dc26d5c,M0414,2024-02-18,29,success,credit_card
94678f59-cb63-489f-a24f-15946b1a30bc,M0414,2024-03-19,29,success,debit_card
701b8c47-2531-43b9-a00d-741b71d96a79,M0414,2024-04-18,29,success,credit_card
c46967ae-a20d-4f5c-a288-72b9eeb0785f,M0414,2024-05-18,29,success,debit_card
115c19ba-ec07-4085-a3dc-daef35e1b6f5,M0415,2022-09-10,29,success,bank_transfer
48c23eb5-7a94-4300-8f7a-c55aaed2a839,M0415,2022-10-10,29,success,debit_card
2de95760-af5b-4691-a51b-53920e5d39a9,M0415,2022-11-09,29,success,credit_card
bff7663f-6c3a-4725-b007-f8836e56cd4e,M0415,2022-12-09,29,success,credit_card
f6f66a8d-67d3-4c32-8a3b-77614585749b,M0415,2023-01-08,29,success,debit_card
562653de-5117-47b2-8365-057f7f0b67f2,M0415,2023-02-07,29,success,debit_card
abb156f6-29e1-4ddb-9576-44bea1ae0d3e,M0415,2023-03-09,29,success,debit_card
7ebb64cf-9280-4b22-87b8-cc2ff2603920,M0415,2023-04-08,29,success,credit_card
ad7c2ed9-10f1-4c31-9c2e-f2adb0c9bf08,M0415,2023-05-08,29,success,debit_card
526f08ef-502d-4b49-975f-c9ddf3aeeafd,M0415,2023-06-07,29,success,bank_transfer
c8c45102-af04-47ff-bffe-5ef5a5795318,M0415,2023-07-07,29,success,bank_transfer
46d69dfb-11cc-47e4-b669-de02532b891b,M0415,2023-08-06,29,success,bank_transfer
cba41b00-1774-4dfc-8edb-5703fa2c1dc1,M0415,2023-09-05,29,success,bank_transfer
9edaa1a1-6bb4-4533-bc6a-97e689c413f5,M0415,2023-10-05,29,success,bank_transfer
a2342561-4dbc-4660-a7a8-5e8eb4679101,M0415,2023-11-04,29,success,bank_transfer
390d19f5-aaf9-4e00-b25a-55a1871f50f9,M0415,2023-12-04,29,success,debit_card
effdd9c7-9ef1-4fcb-9e85-17d4cdc3d248,M0415,2024-01-03,29,success,bank_transfer
88102e53-4983-468f-9d2f-5336e7684d6c,M0415,2024-02-02,29,success,debit_card
a8b535eb-229e-4aff-a523-b44410f507e2,M0415,2024-03-03,29,success,credit_card
ef805d93-a89e-4235-90c6-ca66bbce4f31,M0415,2024-04-02,29,success,bank_transfer
6bd8a17f-39c0-4d3a-9651-6cc454324601,M0415,2024-05-02,29,success,debit_card
ca103499-0d2a-474a-9999-6c773d47521f,M0416,2023-12-23,29,success,debit_card
a9f52aba-b6c7-4524-b917-980828d07856,M0416,2024-01-22,29,failed,credit_card
79bebd0a-f630-4296-b1c8-e06fe5d82b73,M0416,2024-02-21,29,success,debit_card
9a8c99fc-c309-4a7f-a540-d231032c3607,M0416,2024-03-22,29,success,debit_card
f24502d2-8ec7-4061-b3c2-f10f79fdb650,M0416,2024-04-21,29,success,debit_card
cffc50fd-5f94-40ec-8faa-0a3e53cdf121,M0416,2024-05-21,29,success,bank_transfer
0377e136-a6e5-4561-b630-e704eb79faf3,M0417,2022-10-08,59,success,credit_card
705251a8-0148-4a46-bec1-cde692e70283,M0417,2022-11-07,59,success,credit_card
0ba91eb8-0e40-438c-85c7-ec3e87484249,M0417,2022-12-07,59,success,bank_transfer
c90fafab-8a0a-4e9c-b09d-9c76b8afedbf,M0417,2023-01-06,59,success,bank_transfer
58db557d-2891-42fe-a3d3-22cdddcaadf5,M0417,2023-02-05,59,success,bank_transfer
12f9e862-14e0-4f74-b2d1-d3463aabd944,M0417,2023-03-07,59,success,credit_card
e6a1fcc9-fccb-4f08-93c2-c4f6789b9bfc,M0417,2023-04-06,59,success,credit_card
8ac9a83b-c8d8-42d8-bf9d-ca4a482a21a2,M0417,2023-05-06,59,success,debit_card
eed606f8-d59f-44b6-a9f4-4da7b9e40397,M0417,2023-06-05,59,success,bank_transfer
3a1fa174-e438-4790-ab9b-2bb3887070ee,M0417,2023-07-05,59,success,bank_transfer
84b1c403-4ce9-42f9-9659-1cfb1a3c35c3,M0417,2023-08-04,59,success,bank_transfer
34ed8500-2fe7-4a6f-bcf3-68682c749c8a,M0417,2023-09-03,59,success,credit_card
8668f7b9-a20a-4c70-9cd2-77544e855703,M0417,2023-10-03,59,success,bank_transfer
80f7db9c-03a9-4771-8c1f-57ae86bea0e6,M0417,2023-11-02,59,success,credit_card
a569152d-fdff-4531-aea8-757cf77c1cd2,M0417,2023-12-02,59,success,credit_card
0670d3c3-cf57-4e35-b556-d0cd0cb9f373,M0417,2024-01-01,59,success,bank_transfer
fd58ae36-8af8-4616-9143-eb20bbbc52f1,M0417,2024-01-31,59,success,bank_transfer
ff572084-135d-4bd1-bac1-155c8f38937b,M0417,2024-03-01,59,success,credit_card
a5628463-301a-46e1-ad72-19c63af87280,M0417,2024-03-31,59,success,bank_transfer
fe682b29-e7da-4068-a7ea-4f4ceb4aab33,M0417,2024-04-30,59,failed,debit_card
05115f91-340d-4c62-9c2b-96437cea7f4a,M0417,2024-05-30,59,success,bank_transfer
7993fc7a-10ca-42c1-b48d-1585e71b86cd,M0418,2023-02-09,99,success,debit_card
a77c3194-862c-41e9-b9ed-61c4e634e99d,M0418,2023-03-11,99,failed,credit_card
f29994fa-a34a-467e-bfdd-ed50fecd1d0f,M0418,2023-04-10,99,success,debit_card
7aadb0ca-43cd-4a4a-9b22-7920fdda1ddf,M0418,2023-05-10,99,success,debit_card
8459f3c6-4430-42e1-9c67-eb360c5fb8ab,M0418,2023-06-09,99,success,debit_card
ec9e7549-65e4-408c-8851-ae2be49f2e8c,M0418,2023-07-09,99,success,debit_card
c038af69-af9c-413b-a6f5-d8108638f00d,M0418,2023-08-08,99,success,credit_card
3423181d-8429-44e0-87b5-13dcd81723d6,M0418,2023-09-07,99,success,bank_transfer
e27499ac-5d95-49ac-ae72-79053aa28f6e,M0418,2023-10-07,99,success,debit_card
89937dd9-efd0-4b5d-9802-258be8cb177d,M0418,2023-11-06,99,success,bank_transfer
4c6b88fe-7354-4a98-957a-dacbcaf7249b,M0418,2023-12-06,99,success,bank_transfer
e39a72e1-bbf7-4705-a7a8-d13b5539b55a,M0418,2024-01-05,99,success,bank_transfer
f7616dd0-e59b-41c1-a941-966a85eb6a03,M0418,2024-02-04,99,success,debit_card
d2987195-850c-43c1-a762-470c5c52b828,M0418,2024-03-05,99,success,credit_card
72c14096-8e14-4e70-97bd-106b09dc5d57,M0418,2024-04-04,99,success,debit_card
d3461b28-5eb9-4e67-98fc-260c16383e96,M0418,2024-05-04,99,success,credit_card
0184af02-8197-47aa-a6e6-ca36e88311a7,M0419,2022-02-13,59,success,debit_card
8d500a7c-ca9e-4a7e-9b66-eb8c651e13cd,M0419,2022-03-15,59,success,credit_card
dea11815-e729-4c7e-9413-8fe22120ab60,M0419,2022-04-14,59,success,debit_card
4f3d18f8-4806-4bfe-b8cc-f08f3cece59b,M0419,2022-05-14,59,success,debit_card
be7e5d3a-ea92-4ca6-b6c3-21c6073035df,M0419,2022-06-13,59,success,bank_transfer
c1cd3413-59dd-4476-8946-031f583f0367,M0419,2022-07-13,59,success,bank_transfer
145690e9-8290-467e-b316-02152e9533d3,M0419,2022-08-12,59,success,credit_card
b2acbfa9-2a8e-4d05-a861-facced9b1206,M0419,2022-09-11,59,success,debit_card
6f0c583f-1406-48cc-8560-019f764db86a,M0419,2022-10-11,59,success,bank_transfer
9bc58cca-2780-4d99-ac99-66b6e8504d4d,M0419,2022-11-10,59,success,bank_transfer
3356f1ce-2e1f-43e5-9cac-27b2e25f632a,M0419,2022-12-10,59,success,bank_transfer
ec6ac5bc-9e59-4231-a302-60da048557a7,M0419,2023-01-09,59,success,bank_transfer
4056c17e-b816-4c85-899e-7b2aa8fb99aa,M0419,2023-02-08,59,success,bank_transfer
1435cab2-a1e7-4aac-b6cd-97615e740bee,M0419,2023-03-10,59,success,bank_transfer
1f83b30f-0320-4b2c-94a7-558227e73f23,M0419,2023-04-09,59,success,credit_card
c00cc36a-0a5d-4a70-928e-c35d30e1738f,M0419,2023-05-09,59,success,credit_card
548856ac-1003-4129-a017-7274db1fef05,M0419,2023-06-08,59,success,bank_transfer
6c7d9e77-0ee6-444d-a7f3-765aeeab4d31,M0419,2023-07-08,59,success,credit_card
544a1ffc-cbc9-44b8-b8d2-23bfd14d16b1,M0419,2023-08-07,59,success,credit_card
70f974ea-ae28-48e7-9df9-b17475572b64,M0419,2023-09-06,59,success,credit_card
7baa683a-bf0a-4bde-9953-6b198f3fc606,M0419,2023-10-06,59,success,credit_card
847ddb3a-bf69-478f-8883-6abaec79178e,M0419,2023-11-05,59,success,credit_card
17c55ab1-83f2-47a1-9318-6b2a97b221ba,M0419,2023-12-05,59,success,bank_transfer
fc79d8ab-57ed-4267-a8f4-cf95ddf32643,M0419,2024-01-04,59,success,credit_card
2f0fc901-0d35-4b91-88d1-d5169d9b9296,M0419,2024-02-03,59,success,debit_card
702936bd-1b09-42cc-bd13-712fe3bf6455,M0419,2024-03-04,59,success,credit_card
0c6f86cc-6fc1-4012-a0ad-a1962c58f71b,M0419,2024-04-03,59,success,credit_card
9d703870-6b38-423d-8a7d-9a4e8a3c6e22,M0419,2024-05-03,59,success,bank_transfer
130984af-303d-498f-8586-fdf66da1a11a,M0420,2023-11-03,29,success,credit_card
72e8da8d-6815-4d95-912a-16bc386ffc18,M0420,2023-12-03,29,success,bank_transfer
d4a4a96a-8939-4396-8dec-37266fc79a53,M0420,2024-01-02,29,success,bank_transfer
b8456e83-7143-4c14-a585-a27c3268c78d,M0420,2024-02-01,29,failed,credit_card
ed399c6e-3496-4381-b72b-77bab36a3712,M0420,2024-03-02,29,success,debit_card
cf79efe4-e317-4a8c-a78d-c9cfdfd45472,M0420,2024-04-01,29,success,debit_card
e4ad9ca8-adcc-4212-914b-b9ce48f5e7b6,M0420,2024-05-01,29,success,bank_transfer
e59a678a-b73b-49dc-a36b-b7789d963b78,M0420,2024-05-31,29,success,debit_card
be6a028f-72e5-4593-a287-4019344b6fbf,M0421,2022-10-05,59,success,debit_card
238fcc4c-bad4-43b3-b705-394a9571ccbb,M0421,2022-11-04,59,success,credit_card
2436e66d-f511-4c19-b57b-17e44656bfe0,M0421,2022-12-04,59,success,credit_card
6d6874b2-f3cb-4526-80f1-bb87106f100e,M0421,2023-01-03,59,success,bank_transfer
dc9ff091-1157-42db-a411-bb8755207836,M0421,2023-02-02,59,success,debit_card
127965a5-91a9-4a18-8e89-a8c55deb4f80,M0421,2023-03-04,59,success,credit_card
84ba7dae-67e2-4b4f-b4b6-abc795cd35e6,M0421,2023-04-03,59,success,debit_card
02e7972a-3960-44bc-bb6a-a7e8c30ae969,M0421,2023-05-03,59,success,credit_card
91f8fd7d-4b5b-42f7-82ef-25c17e293714,M0421,2023-06-02,59,success,debit_card
7e42b4be-c394-4eb8-b5a5-cb99132f4546,M0421,2023-07-02,59,success,bank_transfer
4ba8fd31-4a0d-4dce-ac32-0fa62cd57848,M0421,2023-08-01,59,success,bank_transfer
46055012-730a-4a50-9b09-c0a4d307cd81,M0421,2023-08-31,59,success,bank_transfer
2dd20cef-2569-4d86-bcdd-c31739439c87,M0421,2023-09-30,59,success,bank_transfer
24a3a469-bc90-4dd6-b966-34adf46d2ffb,M0421,2023-10-30,59,success,debit_card
be2c0e7f-03bc-40b2-9bbd-04b68765de47,M0421,2023-11-29,59,success,credit_card
92b731ff-6ca2-494e-8bd9-7c07e8ea37ec,M0421,2023-12-29,59,success,credit_card
399f1a57-ccbe-4ff2-9ecb-c9faf9a60fe0,M0421,2024-01-28,59,success,bank_transfer
cba874fb-39d5-45d2-950d-c8dde38e6a2a,M0421,2024-02-27,59,success,debit_card
598adbc9-79ab-4c55-a61b-09f1679203e0,M0421,2024-03-28,59,success,credit_card
5b3f3458-e408-4148-9ba5-6190c72f8f9e,M0421,2024-04-27,59,success,bank_transfer
acca6d34-1fbd-489e-a5c1-e57efee8cbea,M0421,2024-05-27,59,success,bank_transfer
870974f9-2a98-425b-a509-fa2ca565d31c,M0422,2023-09-23,29,success,bank_transfer
dfea207b-30fa-489d-bf1d-c99c4565a863,M0422,2023-10-23,29,success,debit_card
581cc7e0-51e7-41de-b35d-757caa26084f,M0422,2023-11-22,29,success,bank_transfer
f0b34ce6-078b-49bf-8fbc-b0b199eaa208,M0422,2023-12-22,29,success,bank_transfer
ad0835c8-b330-497b-b254-e6564b9d011b,M0422,2024-01-21,29,success,debit_card
b4313722-120b-4a67-acf1-dab0d636be60,M0422,2024-02-20,29,success,credit_card
c22f866e-1c19-4585-b461-248ead94641f,M0422,2024-03-21,29,success,bank_transfer
ea91e0f5-2c97-4902-bae9-361fdb7ef03c,M0422,2024-04-20,29,success,bank_transfer
37d30df8-8fd2-4cc6-b600-55c7f4c502f9,M0422,2024-05-20,29,success,credit_card
9966c8ce-df24-466e-a48e-01c20e1d3a0f,M0423,2023-06-28,29,success,debit_card
61a9ad84-d70a-4a48-896d-82593ba0bdd8,M0423,2023-07-28,29,success,debit_card
ddc8c4a2-15f2-4e9d-988e-f6813c88f425,M0423,2023-08-27,29,success,credit_card
6e3d6c65-be2b-42af-a509-4289e10fea9f,M0423,2023-09-26,29,success,debit_card
c24500e1-ca41-470b-b2ad-287a46b82da4,M0423,2023-10-26,29,success,credit_card
26c2b1a5-40af-4f6b-9915-63a36d5345d8,M0423,2023-11-25,29,success,credit_card
a1d08a59-bc37-4c78-b608-5546c3bb0798,M0424,2023-04-29,29,success,debit_card
8461aa92-6138-4083-aa69-cf06f9958ee8,M0424,2023-05-29,29,success,debit_card
c858fb6e-6e9e-48a3-bb62-edc9cf5d7a95,M0424,2023-06-28,29,success,bank_transfer
1e2b1f37-7b22-4494-ba99-b762992d6055,M0424,2023-07-28,29,success,debit_card
7c879954-82ba-4955-bdf3-aea1cc743a7d,M0424,2023-08-27,29,success,bank_transfer
b4fa1176-bf5f-4046-a24c-b0141f982ede,M0425,2023-02-21,99,success,debit_card
b912870e-357f-4f7e-a33f-4e1e65d69be4,M0425,2023-03-23,99,success,debit_card
ade5ea88-f0b1-455b-b1f1-f43ce92455af,M0425,2023-04-22,99,success,debit_card
1f8294c0-a7da-416e-9368-63cebc513e23,M0425,2023-05-22,99,success,debit_card
0f7999c3-3481-4a14-949e-c511b26fbe0b,M0425,2023-06-21,99,success,debit_card
7a035dae-4331-4de0-99dc-3a1ac2bc6689,M0425,2023-07-21,99,success,debit_card
43837320-2f8b-4e05-b323-67b6cd39d04f,M0425,2023-08-20,99,success,bank_transfer
5228b1e3-7d77-412a-9dae-5e9f1e7a69cb,M0425,2023-09-19,99,success,credit_card
1dc1559f-c333-4e47-b14a-d1adcb144c36,M0425,2023-10-19,99,success,bank_transfer
aec65400-3725-4904-8018-1e10c6fc9622,M0425,2023-11-18,99,success,bank_transfer
bb8f00ab-b64c-4080-bbee-93cf54ad7df3,M0425,2023-12-18,99,success,bank_transfer
3ebec893-97b4-4376-af18-febf486e6245,M0425,2024-01-17,99,success,debit_card
ae71d2dc-37a0-4fe8-a27b-e7904a487ae8,M0425,2024-02-16,99,success,debit_card
d3d9bc44-c153-4147-8e0f-0cb9740aaa6b,M0425,2024-03-17,99,success,debit_card
6d6d9bc0-92bc-4776-88af-9d659e4983c3,M0425,2024-04-16,99,success,credit_card
7c34a86f-861f-48dd-b18b-bcb2202607ee,M0425,2024-05-16,99,success,bank_transfer
cb184bbe-57a8-4ffd-8d13-28b5d9bb1494,M0426,2023-10-29,29,success,debit_card
173e015e-b325-42eb-a235-5fa1ae2fa76a,M0426,2023-11-28,29,success,bank_transfer
28560534-f9b0-4024-8bfe-ed779827333b,M0426,2023-12-28,29,success,credit_card
89ac2a44-0b18-4fff-b2cb-4e05481d528b,M0426,2024-01-27,29,success,bank_transfer
563effd6-52de-40a3-8e31-9139c2d27964,M0426,2024-02-26,29,success,bank_transfer
c9c94c3b-e168-46a5-89b6-b247675517ca,M0426,2024-03-27,29,success,bank_transfer
109d8dd8-c865-4b69-81e0-0d8e00ef6d38,M0426,2024-04-26,29,success,debit_card
140b4317-3320-4818-9fbc-0d04c22b67a2,M0427,2022-04-02,29,failed,credit_card
80c8cd1c-e040-4229-bbb8-0ca7e8b2e1d3,M0427,2022-05-02,29,success,bank_transfer
04593d8a-3364-4aae-bfd6-af7ede154439,M0427,2022-06-01,29,success,bank_transfer
4c59ab73-3528-4536-9139-9a41c00aa964,M0427,2022-07-01,29,success,credit_card
9290cfb1-6e62-43f6-9a3d-0104724e98a6,M0427,2022-07-31,29,success,bank_transfer
b3f8e412-7642-4cc0-bdfc-91cc94e04d2f,M0427,2022-08-30,29,success,credit_card
7c3f158e-8a8a-4015-8888-3ede76a37dee,M0427,2022-09-29,29,success,debit_card
dd20534b-6d40-49b6-81a5-7febf3c882b9,M0427,2022-10-29,29,success,bank_transfer
527732cf-d1ea-497d-8432-bfd857193304,M0427,2022-11-28,29,success,debit_card
fb0e6d6c-36c0-4a6b-b59e-120d1446916e,M0427,2022-12-28,29,success,bank_transfer
4d954900-a581-4112-b826-308217a892bb,M0427,2023-01-27,29,success,bank_transfer
60203bd2-8099-473d-9f95-b01ab80881d7,M0427,2023-02-26,29,success,bank_transfer
0b980991-c6d9-4ea5-b937-6a6bb393ab35,M0427,2023-03-28,29,success,credit_card
0bc20c4d-f048-4913-8bb8-8f9f780b7344,M0427,2023-04-27,29,success,credit_card
e798a89e-a405-48d0-a964-6bae81a4dc28,M0427,2023-05-27,29,success,credit_card
c116edac-381b-443c-8d0b-e9a53341748c,M0427,2023-06-26,29,success,credit_card
c6f89d52-b625-4601-8ae3-62483a408782,M0427,2023-07-26,29,success,debit_card
573f805a-6154-4237-a95c-8fe2ac829b41,M0427,2023-08-25,29,success,credit_card
e2a37a13-db31-4c0e-906d-af21c43eaa26,M0427,2023-09-24,29,success,debit_card
c2b43503-39cd-4921-a0c0-e1f059ebaab2,M0427,2023-10-24,29,success,debit_card
9b394069-f43e-457d-8592-83ed39eb2e0e,M0427,2023-11-23,29,success,debit_card
738872a9-1e9c-4216-9a15-54e5e37e7254,M0427,2023-12-23,29,success,debit_card
25337c47-28ce-4ccb-baa7-4f5d17ed549d,M0427,2024-01-22,29,success,bank_transfer
f3abc8e4-1ecb-4840-911a-d50cfd6643ad,M0427,2024-02-21,29,success,debit_card
8786b9c2-464d-425a-8f51-e07873d4e2c7,M0427,2024-03-22,29,success,bank_transfer
8435574c-2a27-46e0-98fc-4c0ac9015e28,M0427,2024-04-21,29,success,credit_card
c3a6b6dd-ad53-49ba-9936-1a9f5aded6ea,M0427,2024-05-21,29,success,credit_card
330747b4-3c2a-45d5-9b0a-cff1fa3b4532,M0428,2022-02-08,29,success,bank_transfer
aaa45579-7394-4a80-aaec-d734bcd24271,M0428,2022-03-10,29,success,bank_transfer
747576d2-6276-44ae-9084-ea3c3da05713,M0428,2022-04-09,29,success,debit_card
11e812a0-33fe-4ae1-991e-cbc1a41aef79,M0428,2022-05-09,29,success,debit_card
4e55b026-cd0c-49ea-83c8-08466d041529,M0428,2022-06-08,29,success,credit_card
c9db4ad0-a6c2-449d-81ba-f53fb6261659,M0428,2022-07-08,29,success,bank_transfer
347e3c00-c5fb-41b9-b796-00b98fc090c6,M0428,2022-08-07,29,success,debit_card
19c86a25-bea7-4f0e-8ef9-cf967bf649ff,M0428,2022-09-06,29,success,credit_card
f6bd0753-0301-4c73-a503-d135a428fc63,M0428,2022-10-06,29,success,debit_card
6d7239f4-9047-4b41-855c-c6237e35e672,M0428,2022-11-05,29,success,debit_card
17dd529e-8f5a-4fe2-8293-f9c6aa256850,M0428,2022-12-05,29,success,credit_card
c4c29e67-ceb6-4a60-8f14-18f77b86c80c,M0428,2023-01-04,29,success,debit_card
124658d5-8b23-4e85-86b0-713984e640f9,M0428,2023-02-03,29,success,bank_transfer
fc543d48-20bf-4f60-9395-cbf2b71ef36a,M0428,2023-03-05,29,success,debit_card
ba4fec3e-625b-4453-a111-3682542fbee0,M0428,2023-04-04,29,success,debit_card
cf265809-da35-4005-b0aa-f9bea36ac0ff,M0428,2023-05-04,29,success,bank_transfer
c18a3d2d-93a2-4429-93e5-41288f2b7228,M0428,2023-06-03,29,success,debit_card
48c9a179-e7af-4acb-bf4d-3a7662a99700,M0428,2023-07-03,29,success,debit_card
ed0c7b38-6bb5-462f-9179-bb7febd8f919,M0428,2023-08-02,29,success,credit_card
61e57139-a516-4676-b171-0e32bf8fa432,M0428,2023-09-01,29,success,bank_transfer
8156602e-d3c2-46c1-92b0-c283f856713e,M0428,2023-10-01,29,success,credit_card
5c072ac8-a16b-4419-9be3-174cd6bd5aa4,M0428,2023-10-31,29,success,bank_transfer
539e61c7-60dd-4882-9450-c1132a62d34d,M0428,2023-11-30,29,success,bank_transfer
48964bce-3821-46cb-ba33-66fd92313df7,M0428,2023-12-30,29,success,bank_transfer
cac32b37-b138-4c1c-bfff-44686a60e8d5,M0428,2024-01-29,29,success,credit_card
9a9b7cb4-6e61-49f4-aa01-a41263301dd9,M0428,2024-02-28,29,success,debit_card
24262749-2833-4933-be61-3e290c42b684,M0428,2024-03-29,29,failed,bank_transfer
3cd88dec-aa0d-4749-817c-b2b82c41af2e,M0428,2024-04-28,29,success,credit_card
b7da41bf-01cc-4586-9cb9-503cfc9c9bd4,M0428,2024-05-28,29,success,debit_card
675e6b3a-b625-4b07-b867-154e10d5ec8d,M0429,2023-02-11,29,success,debit_card
d70af7a9-2ca9-41ab-af6e-626e8e37ffc5,M0429,2023-03-13,29,success,credit_card
26f6f218-ad20-49b1-8566-69f34062f6a2,M0429,2023-04-12,29,success,credit_card
31517eb2-4590-45a3-9617-478466200614,M0429,2023-05-12,29,success,credit_card
30d15ab5-7640-40ae-8c81-c8dd13970151,M0429,2023-06-11,29,success,debit_card
7f7a233b-d1e1-4014-8584-584f90c0a7d5,M0429,2023-07-11,29,success,debit_card
5b736f63-1746-4ac3-8cd9-c8c218c983e9,M0429,2023-08-10,29,success,debit_card
547df0a1-8001-4380-9a8b-230fccb5c2bb,M0429,2023-09-09,29,success,bank_transfer
863548a3-3e1c-4233-bc47-ff18bdeba412,M0429,2023-10-09,29,success,credit_card
d4d641d4-3874-44db-a1b9-ee5c1d58534a,M0429,2023-11-08,29,success,credit_card
ac14e3de-b5dc-41dc-97b2-1bcf49ec011d,M0429,2023-12-08,29,success,bank_transfer
c2e023a7-5ef4-4e42-a443-af3889e6f936,M0429,2024-01-07,29,failed,bank_transfer
38606e79-aceb-4895-a5ad-f27926d1f3ad,M0429,2024-02-06,29,failed,debit_card
ef0cf968-9e4a-43b3-af18-65b65a905e22,M0429,2024-03-07,29,success,debit_card
e2a336f2-15c2-487a-9cfb-c6cdeb1b0f22,M0429,2024-04-06,29,success,credit_card
760cf9be-0f21-460d-b550-81367c7195dd,M0429,2024-05-06,29,success,debit_card
c6e90725-b6a4-454e-a71d-f4602d8658fe,M0430,2022-02-08,59,success,debit_card
855438c5-b271-4f8d-88fb-874c126e5771,M0430,2022-03-10,59,success,bank_transfer
e5011531-8b76-4ef6-bf57-1b5b7bd7d545,M0430,2022-04-09,59,success,debit_card
bcec3157-b16f-4ac3-9183-4b1d7166b9af,M0430,2022-05-09,59,success,debit_card
7c765868-8752-4e5b-b9fd-0623dc75e472,M0430,2022-06-08,59,success,debit_card
e26265b8-a9bb-4dd2-8c0a-5f530b3d208b,M0430,2022-07-08,59,success,bank_transfer
0ec1b789-5278-4575-aaf0-f1e35dba23f8,M0430,2022-08-07,59,success,debit_card
79a0112d-9b85-4839-a525-317f90d56f15,M0430,2022-09-06,59,success,debit_card
87ed5d14-1573-45fa-8366-ae45c395b7f7,M0430,2022-10-06,59,success,credit_card
6991fc03-de6a-426b-80a0-40660912661d,M0430,2022-11-05,59,success,debit_card
606c2219-d550-4177-8c22-8759013a06ac,M0430,2022-12-05,59,success,credit_card
711a730a-bd15-4fe7-ad06-245fbc06e3fb,M0430,2023-01-04,59,failed,credit_card
290dbec7-c925-4503-abb3-efba2f816c11,M0431,2023-04-11,59,success,credit_card
699bea4c-15b5-4466-8015-9ce184131d39,M0431,2023-05-11,59,success,credit_card
26d61ac8-9455-403b-bf59-ca404067d16a,M0431,2023-06-10,59,success,credit_card
a2948e60-5eae-45b8-ab41-c0a52ce35670,M0431,2023-07-10,59,success,credit_card
5e228912-d0e9-4c19-8bdc-fe0cff544310,M0431,2023-08-09,59,success,credit_card
ef75e7a7-ea11-40bf-a34e-d9d320450c56,M0431,2023-09-08,59,failed,credit_card
f4aa4166-fd60-4c46-8388-719caf337817,M0431,2023-10-08,59,success,debit_card
592bae7c-a1ae-424a-bfe6-c1d7ec01ad30,M0431,2023-11-07,59,success,bank_transfer
c7de653b-6e80-47df-8719-d9601fe65fd0,M0431,2023-12-07,59,success,bank_transfer
672ee421-3864-4726-a37e-888c08b65fdc,M0431,2024-01-06,59,success,debit_card
a42c50ac-cdeb-4eea-a878-268d26479467,M0431,2024-02-05,59,success,debit_card
64bec699-fcc3-4ada-ac53-067a252a8365,M0431,2024-03-06,59,success,credit_card
fb9aa5ff-655b-4e00-9561-b3d2acf0ba28,M0431,2024-04-05,59,success,credit_card
2773fa74-1e2c-498b-959a-9cd9b1aa6f0e,M0431,2024-05-05,59,success,credit_card
5ea20ed1-b9b0-4281-add0-86635f05a7bb,M0432,2023-06-01,29,success,credit_card
ac48cb3f-9106-45c1-bd29-88f938f9ebb3,M0432,2023-07-01,29,success,bank_transfer
898f4c4f-528b-40e5-b487-2db0b8c95897,M0432,2023-07-31,29,success,credit_card
5bbf11fe-cd0b-4c1e-9162-f51670043b95,M0432,2023-08-30,29,success,bank_transfer
1a21f4b0-5219-4299-b7b0-cfc88c076bbc,M0432,2023-09-29,29,success,credit_card
12a54260-e193-452d-a8c8-6f81ce84d37c,M0432,2023-10-29,29,success,debit_card
e3bbe695-0acc-408c-806b-654548ec0a04,M0432,2023-11-28,29,success,bank_transfer
2a009c53-2fec-40d2-9be8-1a097770d95b,M0432,2023-12-28,29,success,credit_card
f52c8212-8522-4cdb-85b1-29fec10dac61,M0432,2024-01-27,29,success,debit_card
ac1b81cf-e809-4dc0-8c91-5354c4e1d271,M0432,2024-02-26,29,success,credit_card
1e4f3ba2-d388-4b7d-b077-aa28982892b9,M0432,2024-03-27,29,success,bank_transfer
06976d7a-55d4-4d66-82f0-a6c367c83c2f,M0432,2024-04-26,29,success,credit_card
4d695d0e-96ae-40b7-a1a4-d2c095264c4a,M0432,2024-05-26,29,success,bank_transfer
7f430042-88aa-447b-b6e4-f99fc23d88dd,M0433,2022-06-16,59,failed,credit_card
3ad3ff27-99f1-4dff-a82c-9406c622a11d,M0433,2022-07-16,59,success,debit_card
97e369ad-af09-4a3b-8bf1-3805b7928e84,M0433,2022-08-15,59,success,bank_transfer
3a1f1d97-e2c0-4412-80a3-ed713c1b5c17,M0433,2022-09-14,59,success,credit_card
caa6a6c5-a1a1-42fe-82b5-f40e6fb2b753,M0433,2022-10-14,59,success,bank_transfer
f0f3183f-307f-4355-96da-701f9da44147,M0433,2022-11-13,59,success,credit_card
bec765ab-f627-44cd-93b5-26c823f98ea2,M0433,2022-12-13,59,success,debit_card
49ca39dd-5fb6-4ad6-bdf8-a869cefdfb57,M0433,2023-01-12,59,success,credit_card
c6456eff-29e5-41f4-971a-0b558b09ed34,M0433,2023-02-11,59,success,bank_transfer
da24874c-bc1b-43d0-bb34-00d704d4b18a,M0433,2023-03-13,59,success,debit_card
e7649101-b2ca-41d3-9e03-e92d1204e16b,M0433,2023-04-12,59,success,bank_transfer
be182978-02ba-46c4-b297-777051cb2b39,M0433,2023-05-12,59,success,credit_card
6ac1ddbc-1106-4aa4-a28b-bb4c50f337d7,M0433,2023-06-11,59,success,debit_card
e64ccaad-9e08-4975-a5bf-8520d15327e4,M0433,2023-07-11,59,success,bank_transfer
8f11a08e-9781-43bd-9e65-fbe46bc4e18f,M0433,2023-08-10,59,failed,bank_transfer
f58e5388-e7b5-4a37-b081-5345636af082,M0433,2023-09-09,59,success,credit_card
396142a2-d2e2-46e1-ada0-b48b458ffeaa,M0433,2023-10-09,59,success,credit_card
cb45b848-bdd5-431e-8410-0572ef7f8adf,M0433,2023-11-08,59,success,bank_transfer
9f92802f-5e14-4116-b694-852d0f2c59a2,M0433,2023-12-08,59,success,debit_card
671474fa-cf4e-42ff-a69f-fa34dde68fc3,M0433,2024-01-07,59,success,bank_transfer
295ef311-c42c-492d-9ce7-a675b908af2e,M0433,2024-02-06,59,success,bank_transfer
87287f70-b18d-493c-b063-c7f4f4682a80,M0433,2024-03-07,59,success,debit_card
40cda236-3289-45f3-be73-4b9b2c905efb,M0433,2024-04-06,59,success,debit_card
0b4b7837-a49e-456b-a2bc-8643dc29dc73,M0433,2024-05-06,59,success,bank_transfer
38a8a051-dbb0-4b24-8777-594d7d321833,M0434,2022-01-15,59,success,credit_card
dd3e5d15-12c1-4a65-a459-cacb981b95f3,M0434,2022-02-14,59,success,bank_transfer
bb15680f-68f9-4bd6-af1e-65fb9edcc4b0,M0434,2022-03-16,59,success,debit_card
a3196aad-e749-47a2-bd7e-d8714fca8983,M0434,2022-04-15,59,success,debit_card
482b09d3-df92-494f-b274-c38d5bf3bfdb,M0434,2022-05-15,59,success,debit_card
f6eaacbb-c7a9-411b-b9f6-a16dad766db9,M0434,2022-06-14,59,success,debit_card
f5ffc285-4003-417a-8ec1-06368fc1e599,M0434,2022-07-14,59,success,bank_transfer
6b1f5bd8-8046-43a3-8a36-e0a0f9c16d56,M0434,2022-08-13,59,success,bank_transfer
b096898b-460c-4093-83b2-aac2b409d30e,M0434,2022-09-12,59,success,bank_transfer
18265271-cb7e-4a84-9520-f8d6117e259f,M0434,2022-10-12,59,success,debit_card
c36fc221-aa20-48b2-9321-1deb521a567a,M0434,2022-11-11,59,success,debit_card
b42398bb-fb50-4f3e-a254-0ee77510d210,M0434,2022-12-11,59,success,debit_card
b86e3351-7ccf-42bb-8412-f7b610ab3e3a,M0434,2023-01-10,59,success,debit_card
5a503609-8259-4b91-b1f8-733b0728f6c5,M0434,2023-02-09,59,success,credit_card
39bc58e7-ecd3-4a0d-8a03-b634eca1d77f,M0434,2023-03-11,59,success,debit_card
49984989-fd15-44a7-8533-92abe47543d8,M0434,2023-04-10,59,success,credit_card
3d92d144-3c0a-4c3c-9b96-3918869af7b8,M0434,2023-05-10,59,success,debit_card
0ca0179d-a53b-4b2f-8d69-146cd15460e9,M0434,2023-06-09,59,success,bank_transfer
afc01f12-c12b-4a3f-a72e-ecde0074628d,M0434,2023-07-09,59,success,debit_card
cb2f81b9-3d0a-46c7-a4f7-dd82d1a9fd40,M0434,2023-08-08,59,failed,bank_transfer
ee7c3d86-573c-40c0-a3a4-64bcbec01c95,M0434,2023-09-07,59,success,credit_card
5cd084e7-cc57-403b-b205-b62091025b0f,M0434,2023-10-07,59,success,credit_card
cfb415ee-a590-485f-983a-2e5c9cdcd38b,M0434,2023-11-06,59,success,credit_card
797e9698-a933-435a-93d4-ed52d6d65937,M0434,2023-12-06,59,success,credit_card
e016b782-15a1-476b-b235-2ee5fb572236,M0434,2024-01-05,59,success,credit_card
734cc06e-24ca-4f31-9a51-ee6af5b6b3db,M0434,2024-02-04,59,failed,debit_card
dcf8521a-58d3-4070-ade6-48a756d31372,M0434,2024-03-05,59,success,bank_transfer
5604330f-3c22-4992-aa74-c52f4b932d69,M0434,2024-04-04,59,success,credit_card
478a8403-f96b-468b-bbfb-f39e2309cf11,M0434,2024-05-04,59,success,bank_transfer
48f6d171-ac73-4335-87b0-0c24f1171e5f,M0435,2022-07-17,99,success,debit_card
fcb7f051-c539-4d68-9513-18bf7fe51bb0,M0435,2022-08-16,99,success,credit_card
42b2ae4c-b856-46b8-bae5-a35a3b9e5254,M0435,2022-09-15,99,success,bank_transfer
617037a6-f092-4254-8f29-ccd23e2b7b1c,M0435,2022-10-15,99,success,credit_card
b76b8f25-15d8-429f-aa07-32d093ae635e,M0435,2022-11-14,99,success,debit_card
256ae45a-7f9d-446a-99ed-b73842c6b444,M0435,2022-12-14,99,success,bank_transfer
61ace254-090b-4aab-8027-9d587aa98421,M0435,2023-01-13,99,success,credit_card
85fc8dc9-8991-4289-9aac-46dd136af879,M0435,2023-02-12,99,success,debit_card
f1caef65-d75e-4b84-91b9-533c9f687f01,M0435,2023-03-14,99,success,debit_card
a25c8b1f-a8e9-41b3-9e97-355e79e69903,M0435,2023-04-13,99,success,debit_card
580de5c6-ca62-451f-88e5-969c82e5b381,M0435,2023-05-13,99,success,debit_card
3fe6987c-647e-4cae-9c9b-587d880d4cbd,M0435,2023-06-12,99,success,bank_transfer
62918d9e-03a8-4517-aba3-7c95ae5b7c01,M0435,2023-07-12,99,success,bank_transfer
8c3ce29f-f1aa-4a4a-8259-0ad8852e9661,M0436,2022-12-02,29,success,credit_card
4348f9aa-74aa-4afe-a639-6393f262f286,M0436,2023-01-01,29,success,debit_card
236f58a9-9e34-4af4-96b6-25f7edea708a,M0436,2023-01-31,29,success,bank_transfer
9d5e4f9a-69f8-49a3-aebf-e1a7382a3d32,M0436,2023-03-02,29,success,debit_card
8a068c91-cdc1-4e67-8ea1-eb2bf759548a,M0437,2022-11-28,29,success,debit_card
f2d80430-af6f-468b-84f1-a796e808c496,M0437,2022-12-28,29,success,debit_card
44fa6c5c-508a-4233-9bf8-10c20eea4486,M0437,2023-01-27,29,success,credit_card
ebe19b05-4815-4517-8296-0dc74985a285,M0437,2023-02-26,29,success,debit_card
385bdfc9-4004-4ebf-ba9f-2d5cd37542e5,M0437,2023-03-28,29,success,debit_card
9af1547b-1c12-4f22-a391-e5b132d0bb7f,M0437,2023-04-27,29,success,debit_card
96adcd2f-17ed-4094-8655-b8e4bcdb38b6,M0437,2023-05-27,29,success,bank_transfer
777acb16-eccf-42ef-9369-966336095f6f,M0437,2023-06-26,29,success,debit_card
4824f99e-e3c2-4b05-b936-07f894b06027,M0437,2023-07-26,29,success,credit_card
8b820e24-b3f1-485b-a223-c84a533db6dc,M0437,2023-08-25,29,success,bank_transfer
dbe045f1-652a-43d1-96f7-e621099255f2,M0437,2023-09-24,29,success,credit_card
073d0716-85a1-4647-b525-4329327387ff,M0437,2023-10-24,29,success,bank_transfer
eb86abd0-bcd8-4698-98f3-3bf3c87588b8,M0437,2023-11-23,29,success,credit_card
fc11e595-9014-45ed-9c8e-e6243045e67d,M0437,2023-12-23,29,success,debit_card
bd703524-e4a1-4461-a64b-80849c13f520,M0437,2024-01-22,29,success,debit_card
cc3c2d97-e81c-45b0-9da3-66ed41d17d2f,M0437,2024-02-21,29,success,credit_card
a9406422-81cb-4c2c-ad37-1c9ef20d1d70,M0437,2024-03-22,29,success,credit_card
6e234d96-b6ce-47a9-97a6-b29ee08edf26,M0437,2024-04-21,29,success,credit_card
f10f6d1a-a501-4f38-9317-ef574a67f355,M0437,2024-05-21,29,success,debit_card
e754f56b-a182-44ab-8a63-e2182ba2ae1d,M0438,2023-04-03,99,success,bank_transfer
cfc435ec-ce73-4e50-aad6-140f18399909,M0438,2023-05-03,99,success,debit_card
94667051-9387-42bb-8c4d-1a702e474f4c,M0438,2023-06-02,99,success,credit_card
00bfed7a-3c44-465f-8805-b6b328f28bd0,M0438,2023-07-02,99,success,debit_card
ab8ee446-1b50-4073-871f-77e7c55e2a3f,M0438,2023-08-01,99,success,debit_card
0bef1ed1-cc07-410c-8ba5-81bd33b92068,M0438,2023-08-31,99,success,credit_card
9664173a-0e92-4450-9536-ad9c2c943fe9,M0438,2023-09-30,99,success,credit_card
eb805e7d-8f1a-452a-a9c5-c53a2e334860,M0438,2023-10-30,99,success,debit_card
7fe8748c-d996-4485-b4bc-9b6ed5c8d946,M0438,2023-11-29,99,success,bank_transfer
b5ae452d-e0ae-4ef7-a840-89678aea045d,M0438,2023-12-29,99,success,credit_card
38ab89b9-bcf0-4e33-bb47-32c1b84666fe,M0438,2024-01-28,99,success,debit_card
55332b7c-a8d7-4a6a-a25e-13e1f2f70f0b,M0438,2024-02-27,99,success,debit_card
b73479ef-b5fd-4e19-aae0-68393ddf7e00,M0438,2024-03-28,99,success,bank_transfer
a1218329-9422-4a67-b5b6-f60a970de6f8,M0438,2024-04-27,99,success,bank_transfer
11f90232-2054-4a84-b61c-0180f7f4ec33,M0438,2024-05-27,99,success,bank_transfer
79be381f-b5bf-455b-81aa-32df9dc082de,M0439,2023-08-10,29,success,debit_card
a948691f-90d1-45fa-8cde-822b2efd5420,M0439,2023-09-09,29,success,bank_transfer
0d6446fb-4f52-485b-a584-611d575f5d77,M0439,2023-10-09,29,success,bank_transfer
7e1b6809-4bb6-46d6-bf86-52acc41a076b,M0439,2023-11-08,29,success,debit_card
c5566b32-467f-484e-b285-ceb2f8981202,M0439,2023-12-08,29,success,debit_card
4631c9d1-855c-4ce8-8c62-701389780f7a,M0439,2024-01-07,29,success,credit_card
1ecd8680-89b2-4659-82a5-392a6f18c197,M0439,2024-02-06,29,success,credit_card
aa19bf1b-1b74-4c45-9895-0c96b5181f6c,M0439,2024-03-07,29,success,credit_card
5ff26f6f-1297-460a-ac73-e28e05fb82c0,M0439,2024-04-06,29,failed,bank_transfer
bb8d6c95-3f40-485a-b391-e7ca331e979f,M0439,2024-05-06,29,success,credit_card
bf65bd97-00b5-4b47-9475-50a4900ae222,M0440,2023-11-15,29,success,credit_card
0d934ccf-206a-43fe-9186-d9e91fdbdfc5,M0440,2023-12-15,29,success,debit_card
615488f9-7a10-4eac-a2a2-93e32fe5f019,M0440,2024-01-14,29,success,bank_transfer
a8bf2381-9372-43ac-a227-009ef3e636d5,M0440,2024-02-13,29,success,debit_card
ce1ce86c-69c9-44e4-a44a-a28999b72a4f,M0440,2024-03-14,29,success,debit_card
5f8baba1-15c2-4c80-9e0f-4f964fcd9acf,M0440,2024-04-13,29,success,credit_card
0e5efd5e-1978-43ad-9061-7cd3bca36173,M0440,2024-05-13,29,success,debit_card
acc4fc84-ec58-4269-9504-bef7ff6af9af,M0441,2023-12-22,59,success,bank_transfer
cb916f4c-f632-4e26-8247-fefb5028601f,M0441,2024-01-21,59,success,credit_card
dc1a1488-d068-43d6-8941-510c4dd1f41c,M0441,2024-02-20,59,success,debit_card
eb4cf62a-5283-4b3a-a05e-14af88732cd3,M0441,2024-03-21,59,success,debit_card
d1b8d473-f7e2-4a3d-8c4c-0fb9ae0dacde,M0441,2024-04-20,59,success,bank_transfer
11ab838e-0168-472d-84ce-411f9db6e4c2,M0441,2024-05-20,59,success,credit_card
bfc58b98-a672-4a0d-bf39-9008de936406,M0442,2023-01-12,29,success,bank_transfer
791eb6c3-c251-4bfd-8832-c2c4a92a23a6,M0442,2023-02-11,29,success,credit_card
c11b33fc-f3fa-4f97-8440-74241ad4bfa2,M0442,2023-03-13,29,success,credit_card
5aaafceb-04dc-405f-9600-1f9ebc8fed33,M0442,2023-04-12,29,success,debit_card
0a3b4be1-d5a5-4048-84f0-49dc3f7e836f,M0442,2023-05-12,29,success,bank_transfer
514a2cf0-1eba-474b-8a2e-022d2b81d286,M0442,2023-06-11,29,success,bank_transfer
7f7afed0-296a-4913-9a5c-726056e5ce75,M0442,2023-07-11,29,success,bank_transfer
aadd9291-4fb6-4798-9bb9-5eefffe9588a,M0442,2023-08-10,29,success,debit_card
e3195dcd-1875-47e5-9888-c49149a77ee3,M0442,2023-09-09,29,success,credit_card
fd74b9d6-146f-4d0d-bdac-7e9c9c2bb15f,M0442,2023-10-09,29,success,credit_card
e2011412-a4a6-4146-9815-9f615a3020c3,M0442,2023-11-08,29,success,bank_transfer
4f1ecf50-d768-4576-866b-7aa39b662450,M0442,2023-12-08,29,success,debit_card
26238f33-a97c-4b34-892c-cc64cda90c2c,M0442,2024-01-07,29,success,debit_card
80d12ad3-2a89-4268-8f85-607cde6c11ab,M0442,2024-02-06,29,success,debit_card
619d0d8e-e603-4a34-905e-5a3c41ab4ab9,M0442,2024-03-07,29,success,debit_card
1be3e3b6-e605-46cd-89af-87953f3e921c,M0442,2024-04-06,29,success,credit_card
3d748e97-e887-44af-a99f-1c46143fdcde,M0442,2024-05-06,29,success,bank_transfer
f6adbb3c-b126-4301-bf6a-2849157e1531,M0443,2022-06-06,99,success,bank_transfer
d60a32f4-92cc-4eb5-aa32-225e3cf858a4,M0443,2022-07-06,99,success,credit_card
a51aca16-d588-4b5d-9d37-6c619bb42a03,M0443,2022-08-05,99,success,debit_card
0b182335-59e0-4579-969d-83edcd376de5,M0443,2022-09-04,99,success,debit_card
634c6da9-d504-432d-8ff4-8343d4c2b703,M0443,2022-10-04,99,success,credit_card
d42898a8-e98c-44cb-bd47-e2c007fd4a22,M0443,2022-11-03,99,success,bank_transfer
6bca25ac-a2c2-49bc-810b-f67883856478,M0443,2022-12-03,99,failed,bank_transfer
2fccbedb-d247-4357-93d7-b1b89a0b251f,M0443,2023-01-02,99,success,credit_card
ba633bed-e87c-48d1-be51-8e480d6a1fb3,M0443,2023-02-01,99,success,credit_card
b99650b6-c6ae-4227-ae06-622b244b0803,M0443,2023-03-03,99,success,credit_card
78b36c8a-81cb-4de2-9f9d-00870eb9c310,M0443,2023-04-02,99,success,credit_card
a5a17c67-9e05-4ded-994c-cf018b1f01ed,M0443,2023-05-02,99,success,debit_card
456b6fe6-5c63-4e8b-8ca6-a80797d38f3e,M0443,2023-06-01,99,success,bank_transfer
00be78e8-ce11-44f4-876d-dc85f37369ec,M0443,2023-07-01,99,success,credit_card
c513eafe-49d5-4074-8545-1e8bad3ed8f2,M0443,2023-07-31,99,success,debit_card
62754785-9faa-4103-8eb7-cf5a6d416adb,M0443,2023-08-30,99,success,bank_transfer
c943ad69-780b-4b78-b7cb-efa8d41ee391,M0443,2023-09-29,99,success,debit_card
5cbb4bd6-591f-42f6-9a42-f981c3e09590,M0443,2023-10-29,99,success,credit_card
53b45570-f5fd-4fbf-a3c6-f1d4388ad225,M0443,2023-11-28,99,success,credit_card
2ad1a6a2-056a-48ef-994f-a781870d5ff4,M0443,2023-12-28,99,success,bank_transfer
8e208f7a-b06a-4da2-b047-34acdb7a8d53,M0443,2024-01-27,99,success,debit_card
58a5e431-db4d-4516-8b8d-30d974c631e6,M0443,2024-02-26,99,success,bank_transfer
c9b0d211-080a-4f7a-913c-2a49ff6f678f,M0443,2024-03-27,99,success,bank_transfer
c41e1f51-642b-438f-852f-2ecba7c60591,M0443,2024-04-26,99,success,credit_card
8be6449f-84d7-4367-b9eb-e79926966e28,M0443,2024-05-26,99,success,credit_card
6183a307-fe3e-464a-be63-1ac51f5721a0,M0444,2023-12-20,29,success,bank_transfer
a1018e4c-116d-4708-9b1a-6a6b2f13fedd,M0444,2024-01-19,29,success,debit_card
a01182da-7ecf-4701-b1a4-bf27d73e9e84,M0444,2024-02-18,29,success,debit_card
9f6591f0-77da-4de9-9aa7-d821408b0fd2,M0444,2024-03-19,29,success,credit_card
6b720584-c3f8-415e-8317-4351e4e79dc9,M0444,2024-04-18,29,success,bank_transfer
c2059937-52b6-4e26-bf0c-ff3ae47f554c,M0444,2024-05-18,29,success,credit_card
fa60ae12-40d9-4082-8878-f0577ed91124,M0445,2022-08-12,59,success,debit_card
61eb396c-6fd7-4a95-9718-fcec5242386a,M0445,2022-09-11,59,success,bank_transfer
8057994f-0da4-4e7d-9d74-f8886a4413e5,M0445,2022-10-11,59,success,credit_card
4812efed-159b-4a91-8c1a-0a9128fc3a4a,M0445,2022-11-10,59,success,bank_transfer
6402555e-598f-4ff9-9541-54958a02b29c,M0445,2022-12-10,59,success,debit_card
b0f3a649-4238-48fd-97b2-1cc40ec335ed,M0445,2023-01-09,59,success,credit_card
8e02b49e-ee92-43b9-90c4-398175f06023,M0445,2023-02-08,59,success,credit_card
5d7a70c0-3ecd-4902-bab6-019c1cc3cccd,M0445,2023-03-10,59,success,credit_card
f2060739-23f0-43a4-a9c2-e63f0a1fa5f5,M0445,2023-04-09,59,success,bank_transfer
60300b92-9be9-4e76-a9c6-433c2e3dafc1,M0445,2023-05-09,59,success,debit_card
521476e6-36d3-4df0-b989-51330067db59,M0445,2023-06-08,59,success,bank_transfer
daa9c1e0-74b5-48a3-a807-fd556f51bda3,M0445,2023-07-08,59,success,bank_transfer
83d6870a-257f-4318-a523-5579dd258848,M0445,2023-08-07,59,success,debit_card
c48e89a5-5636-42fc-87b7-d044b555dc6b,M0445,2023-09-06,59,success,bank_transfer
4eda014d-03cd-4e6d-986c-a35aa8f111d5,M0445,2023-10-06,59,success,bank_transfer
40c190a3-0e09-4771-b336-ba195096bc83,M0445,2023-11-05,59,success,debit_card
34eb2df1-ca08-4cbd-815e-0c57a940b8a1,M0445,2023-12-05,59,success,credit_card
dc496e49-c6ec-4a95-a32f-3abe0cd26b17,M0445,2024-01-04,59,success,credit_card
7f0fea67-21ee-4eb7-96a7-74b5baccc4ef,M0445,2024-02-03,59,success,debit_card
7b67b072-c460-4387-bf63-fb6b1f1e84b0,M0445,2024-03-04,59,success,bank_transfer
9919778f-3f3e-4226-8da8-a6b7923be784,M0445,2024-04-03,59,success,debit_card
a0e30956-93cf-4011-808c-2d5781df79af,M0445,2024-05-03,59,success,debit_card
1abd4934-d0a4-49d4-902b-d8f90beb5235,M0446,2023-06-23,59,success,credit_card
9907c2ce-7205-4b99-9b31-c5022af3ae14,M0446,2023-07-23,59,success,debit_card
7746b4d2-1b98-4691-bd9c-50e01196ab4d,M0446,2023-08-22,59,success,debit_card
ab3c74c6-1a5e-4011-89c7-92f1804a3d59,M0446,2023-09-21,59,success,bank_transfer
6a931a60-4e16-4d72-917b-4e48a2fd3775,M0446,2023-10-21,59,success,credit_card
92aaebcc-0217-417b-89d7-b967117ef96d,M0446,2023-11-20,59,success,credit_card
7876d604-d366-422a-8051-ca69ea865c9e,M0446,2023-12-20,59,success,credit_card
7ec6f759-314f-4eea-b9cf-d9fa098f3d1d,M0446,2024-01-19,59,success,credit_card
6465e027-cffd-459b-87a1-dc454e0ca78b,M0446,2024-02-18,59,success,credit_card
267846c8-28da-494f-b5eb-7cb91d51aeaa,M0446,2024-03-19,59,success,debit_card
e7d38d40-2626-4159-8180-13e8b0e01c12,M0446,2024-04-18,59,success,credit_card
fb25b7ad-b289-4b3a-b944-81bfe9903999,M0446,2024-05-18,59,success,debit_card
07a1b29d-083e-4295-8870-11cf09bbf556,M0447,2022-04-25,99,success,credit_card
2d1f3c29-80e5-411d-89fe-732902f64663,M0447,2022-05-25,99,success,bank_transfer
247860b6-8878-47c8-8473-499a0ead82fa,M0447,2022-06-24,99,success,credit_card
bdb9eb3e-8bf8-49c5-8b6d-7ec65c799889,M0447,2022-07-24,99,success,bank_transfer
290ac501-6784-4eab-9d20-00261d33040a,M0447,2022-08-23,99,failed,credit_card
bebfc4de-39b1-402b-a653-272b98e36b07,M0447,2022-09-22,99,success,debit_card
bf2628d3-28aa-414f-bd75-7c2161e0ad4a,M0447,2022-10-22,99,success,debit_card
05d4ef4e-944b-4498-9e7b-904136bce4e3,M0447,2022-11-21,99,success,credit_card
7d607044-d74b-46a0-b9e5-bda3014b2d21,M0447,2022-12-21,99,success,bank_transfer
35438182-a385-45dd-a761-18edc3e57a55,M0447,2023-01-20,99,success,bank_transfer
886cc6f3-9aa3-4f97-9682-002a182ad974,M0447,2023-02-19,99,success,debit_card
443d91c0-ac3c-48d2-ac46-e175e9cc60cc,M0447,2023-03-21,99,success,credit_card
1cb138ee-dc04-4dee-92ab-baac2e8c5829,M0448,2023-07-04,99,success,credit_card
80a11af3-8520-42d1-ad30-3b99faeaa027,M0448,2023-08-03,99,success,bank_transfer
940a85d3-0e2a-4b4b-b85d-80ccf027ba41,M0448,2023-09-02,99,success,debit_card
d30706d0-26ea-461c-9c1f-6f7e2ab02981,M0448,2023-10-02,99,success,bank_transfer
44e4d6e2-d2fa-47fe-afb1-1859cf91ea4a,M0448,2023-11-01,99,success,credit_card
5018bb55-14b1-480a-993e-f98828f636a8,M0448,2023-12-01,99,success,credit_card
0d4113cc-6f81-4566-aa64-4b62fc32a074,M0448,2023-12-31,99,success,debit_card
0fc7283a-a1be-4480-a6a9-fb1957ca65eb,M0448,2024-01-30,99,success,credit_card
7dd6d9d0-310f-429d-b094-eb3365b9449e,M0449,2023-11-28,29,success,debit_card
60c8aa0d-f615-4abb-ae95-70da02bc8606,M0449,2023-12-28,29,success,debit_card
0004e553-6393-4cb8-a7cb-b3a351eb4769,M0449,2024-01-27,29,success,credit_card
46778d51-fb3d-4b07-bf76-541e47f38604,M0449,2024-02-26,29,success,credit_card
6fcb858a-c7de-4b85-80b0-cdeb253ff030,M0449,2024-03-27,29,success,debit_card
32811c55-b485-4139-a67f-6d780bdf41f1,M0449,2024-04-26,29,success,bank_transfer
d0b93f30-5c68-4d91-a885-5b0c8154246a,M0449,2024-05-26,29,success,debit_card
d69f6bc2-a2fa-4d24-9353-418a64b7fc26,M0450,2022-02-26,59,failed,debit_card
d9c99f3f-ab49-478b-9f06-08ac83a57bb8,M0450,2022-03-28,59,success,credit_card
83da073d-66ea-4f35-a43a-e10d3a5ecc00,M0450,2022-04-27,59,success,debit_card
10a74349-9cf3-4ce3-b840-6d1c3587e65a,M0450,2022-05-27,59,success,bank_transfer
5604a6eb-f6b0-4728-a3aa-3d5687005c84,M0450,2022-06-26,59,success,bank_transfer
ce0d24fa-9110-4c96-af1f-2c1983aeb824,M0450,2022-07-26,59,success,debit_card
5e207674-8be2-4b22-a6d9-6a5d78f68645,M0450,2022-08-25,59,success,bank_transfer
0c973dc2-f865-47dc-b43c-010c94be2949,M0450,2022-09-24,59,success,credit_card
b0019204-bf42-418a-b4fb-5045ac6ede63,M0450,2022-10-24,59,success,bank_transfer
859eb4cd-dcf4-412d-a48a-4dbf7c0606e8,M0450,2022-11-23,59,success,debit_card
e79ff326-fb2d-4a7e-b4f8-590fde6e4c4e,M0450,2022-12-23,59,success,debit_card
92a88fad-dafd-49c1-8b06-899f79d5b999,M0450,2023-01-22,59,success,debit_card
d5f708ea-841b-4227-a149-334aac9f34b7,M0450,2023-02-21,59,success,debit_card
386b5385-738a-4ee2-b3b2-d8187338adab,M0450,2023-03-23,59,success,debit_card
a5fa5426-ed3a-487f-abfb-213df058f9a0,M0450,2023-04-22,59,success,bank_transfer
9414ebb0-47a2-4b9b-9f3b-26e21de966a8,M0450,2023-05-22,59,success,bank_transfer
e4041bc3-67e4-4f3e-9dbd-edb986b7f65c,M0450,2023-06-21,59,success,debit_card
b0e8a30f-bc40-4645-960b-bd59e1759b00,M0450,2023-07-21,59,success,debit_card
2d2b9255-ec26-4478-96e1-ab62f87ece97,M0450,2023-08-20,59,success,debit_card
87107ab7-f19e-4fe1-8d3c-4510301c6dc1,M0450,2023-09-19,59,success,credit_card
fb68e6ea-ecc6-4463-8d3e-f6d79c7428a1,M0450,2023-10-19,59,success,debit_card
a1886fbc-e1fe-44e7-994e-c5af9c106bcd,M0450,2023-11-18,59,success,debit_card
14cde166-1d39-4a7a-a8d4-02b51d4b4137,M0450,2023-12-18,59,success,debit_card
cf376ea5-7bc8-46fb-a986-03debe8abb73,M0450,2024-01-17,59,success,debit_card
ad86fe10-0325-47e8-b1a9-e6ca1421db6f,M0450,2024-02-16,59,success,debit_card
cb9edff6-856b-4954-8a6e-5945799a3928,M0450,2024-03-17,59,success,bank_transfer
025a5e57-d1bf-4700-9e8f-3dc0f6e33c62,M0450,2024-04-16,59,success,bank_transfer
7f30e5bd-708c-4972-b562-adb5bba338cd,M0450,2024-05-16,59,success,credit_card
90277866-3324-49c7-a39f-589f5b311dc4,M0451,2022-03-01,59,success,debit_card
a5118714-c412-410e-9960-92dfb2b5e206,M0451,2022-03-31,59,success,bank_transfer
57324287-fbbb-41c2-bced-0db2c5d70bee,M0451,2022-04-30,59,success,debit_card
2b8527ef-cf1e-4b27-a8e6-ef18c94d17d5,M0451,2022-05-30,59,success,bank_transfer
94cf6641-127f-45be-81ea-f53bdf1b0a40,M0451,2022-06-29,59,success,bank_transfer
41867837-fb22-4623-bd20-b736b4412053,M0451,2022-07-29,59,success,credit_card
6c7f43b0-9646-473c-a63b-36b853b93055,M0451,2022-08-28,59,success,debit_card
7887fbaa-641b-482b-b680-8a5c091a323d,M0451,2022-09-27,59,success,debit_card
9cc4c26b-0b9d-44ab-8cb2-885d6cde4d2e,M0451,2022-10-27,59,success,bank_transfer
b5c55bda-6478-4a72-83d1-2b8fefbf15fb,M0451,2022-11-26,59,success,bank_transfer
972ce6f9-0bab-4d8a-8457-c5e5e10e8294,M0451,2022-12-26,59,success,credit_card
18b54abe-df74-45ee-ba45-fe1cf4e1ad47,M0451,2023-01-25,59,success,bank_transfer
dcd433f0-5ad1-4d78-9adc-24f866c0a89f,M0451,2023-02-24,59,success,credit_card
a202b109-9fd5-44e9-8ee8-9c51589bec19,M0451,2023-03-26,59,success,bank_transfer
85adc10b-1d5b-4e40-b442-f3e3f4727caf,M0451,2023-04-25,59,success,debit_card
38f51ed2-2fca-4427-8c2d-7a74b61a14b4,M0451,2023-05-25,59,success,debit_card
2b144a4f-fab2-4441-97bd-4663d3535d1a,M0451,2023-06-24,59,success,debit_card
a79bd85f-dc61-450e-9115-94086ddc9892,M0451,2023-07-24,59,success,debit_card
d9c01efd-0e37-4bed-b20b-39b913d8cb1c,M0451,2023-08-23,59,success,debit_card
901cc689-59c2-4357-959b-c081fff17e58,M0451,2023-09-22,59,success,debit_card
dc48ab09-6b55-4f0b-8e0c-25b8ff62d30e,M0451,2023-10-22,59,success,bank_transfer
ee428368-2221-4b57-b7c3-b0eb78036e60,M0451,2023-11-21,59,success,credit_card
650220f8-4329-430f-a7ee-62d86b441801,M0451,2023-12-21,59,success,bank_transfer
a7cf5a1a-d916-490d-8d68-3bfd23589290,M0451,2024-01-20,59,success,bank_transfer
ed1de510-59cc-42b9-be6f-faf581b256a7,M0451,2024-02-19,59,success,credit_card
c648f21c-6ca4-43ab-9030-6020f7b2bcdd,M0451,2024-03-20,59,success,bank_transfer
26e6dc7a-64ce-42d8-9f07-87805c6e769c,M0451,2024-04-19,59,success,debit_card
fb6311c4-c6d2-464d-9283-9c44606f0165,M0451,2024-05-19,59,success,credit_card
706906bf-d0d4-49e7-8a98-49a6972601df,M0452,2022-01-23,99,success,debit_card
70219314-f8e9-4296-a762-21b523ed155e,M0452,2022-02-22,99,success,debit_card
c356e928-4206-470e-81c4-147e64223af0,M0452,2022-03-24,99,success,credit_card
bf220ea2-4107-4817-8004-06fb97cfbb27,M0452,2022-04-23,99,success,credit_card
92b43509-9ba4-4d3a-81f5-8747bbbf916d,M0452,2022-05-23,99,success,credit_card
d86061b7-dce2-46e6-859b-2a711ed0c094,M0452,2022-06-22,99,failed,credit_card
66e8ec23-5c92-4633-b5a6-5654098a478a,M0452,2022-07-22,99,success,credit_card
3e57c70d-28ca-4bab-a052-ff09291137b6,M0452,2022-08-21,99,success,bank_transfer
057ebb6a-e684-41cd-b7e3-d6d013f292bf,M0452,2022-09-20,99,success,debit_card
eaa71cb7-f1c9-4c4d-ae6f-8942d01c6195,M0452,2022-10-20,99,success,credit_card
b95fd2d6-27af-49e9-aa5f-4e58451d4405,M0452,2022-11-19,99,success,debit_card
8740ebe5-5077-42e5-b9fd-030adfde9863,M0452,2022-12-19,99,success,credit_card
925ecba9-7dcd-4700-a24e-6ddb80a1e6a9,M0452,2023-01-18,99,success,debit_card
70ce0b5a-02b9-4368-afe7-8f8c017c99cf,M0452,2023-02-17,99,success,debit_card
08f00304-7b49-4962-abd5-343aeac329d9,M0452,2023-03-19,99,success,debit_card
51f6639b-32a3-462d-a3e8-b1a8f6a1858d,M0452,2023-04-18,99,success,debit_card
64062a38-b3b8-45a1-b5ed-77ef49068e83,M0452,2023-05-18,99,success,bank_transfer
5ffbac35-06a6-4d8b-8895-d16ded5cadd4,M0452,2023-06-17,99,success,debit_card
95310cd1-3ecf-451c-a58c-6fb792cd7fd8,M0452,2023-07-17,99,success,debit_card
81b07106-b22d-4b9a-8080-8e2efe31917f,M0452,2023-08-16,99,success,credit_card
f9c6021c-8395-4c81-b269-e7155a13a985,M0452,2023-09-15,99,success,debit_card
a21a50d1-4153-408e-b1d2-349e8ff7654a,M0452,2023-10-15,99,success,debit_card
ea0c51aa-25c7-4ff2-9604-e0590c0dfedb,M0452,2023-11-14,99,success,credit_card
e9d73526-44e1-4ee1-935c-b2d759c70003,M0452,2023-12-14,99,success,bank_transfer
b8662f83-67bf-4212-be11-61b063080999,M0452,2024-01-13,99,success,debit_card
f43c5582-8b75-45d0-ba2e-0fb245b12d4d,M0452,2024-02-12,99,success,bank_transfer
2d229849-c071-4883-ac9d-4249e3b99bab,M0452,2024-03-13,99,success,credit_card
3a9d0404-8855-4f5f-b2a5-ce5cbff4a1f7,M0452,2024-04-12,99,success,debit_card
a7b5214e-6976-4ad5-8f2d-aa464cee2ac8,M0452,2024-05-12,99,success,credit_card
439d6766-a041-4973-9d2c-7faee21ded62,M0453,2023-08-16,29,success,bank_transfer
00be3484-aa73-4cfb-8c16-ecfa29226d05,M0453,2023-09-15,29,success,credit_card
f6b76aad-0b65-4270-bc82-614740c8f57b,M0453,2023-10-15,29,success,bank_transfer
c52da2b7-d330-4638-b416-a50563c969e2,M0453,2023-11-14,29,success,credit_card
e4f37ffa-81f5-477c-ab74-9317274e037c,M0453,2023-12-14,29,success,bank_transfer
1fd4062b-582f-4c5b-98f0-d3be20817201,M0453,2024-01-13,29,success,bank_transfer
50e1d7bb-ae28-43ca-8d50-9c697a8811b3,M0453,2024-02-12,29,success,credit_card
1f39bfaf-6f05-4d1e-8e23-d76a5a51662c,M0453,2024-03-13,29,success,bank_transfer
23d97142-15f3-4b8a-9849-108eb20b8e70,M0453,2024-04-12,29,success,debit_card
258bc535-ec90-44d4-a256-fb35764b6ad5,M0453,2024-05-12,29,success,debit_card
e7a95621-2d44-40a6-a9da-484c674b8c46,M0454,2022-03-03,29,success,bank_transfer
6bedf26e-ea12-4655-aba8-2d20d3241d18,M0454,2022-04-02,29,success,bank_transfer
99f8f93b-2919-46ae-9aab-43a5a87902fb,M0454,2022-05-02,29,success,bank_transfer
30d60088-1c06-4d75-9868-4a74219d2bce,M0454,2022-06-01,29,success,bank_transfer
e0e6af65-97e4-437f-9e5a-56cd3644df89,M0454,2022-07-01,29,success,debit_card
737beb36-87a4-4c35-9598-b24a33e1cc5a,M0454,2022-07-31,29,success,debit_card
1f2a3c91-49f8-4cfb-8564-e2fae176e440,M0454,2022-08-30,29,success,bank_transfer
f5337d9f-30cb-4bc4-b694-b5e224d8c2a3,M0454,2022-09-29,29,success,credit_card
6e8e99a0-db75-4f8c-b1f1-a5b0d896a1b0,M0454,2022-10-29,29,success,credit_card
11eb550c-efe6-4071-a0ba-5d063c646251,M0454,2022-11-28,29,success,debit_card
dfdea96c-dc9d-4784-960a-6437a9ced7a0,M0454,2022-12-28,29,success,debit_card
ebe487e9-b666-4e44-848d-2cf2707d27ae,M0454,2023-01-27,29,success,credit_card
6d10e154-feb3-4d62-abe2-a097eaf1e3c7,M0454,2023-02-26,29,success,bank_transfer
b1e09f07-995b-487c-ad2e-aeb2cc2b8339,M0454,2023-03-28,29,success,credit_card
c122ccaa-3903-40e3-a3c2-7bbc6b69f554,M0454,2023-04-27,29,success,credit_card
f85ddfe1-1afb-44f0-bdcc-e948aaa1f5a7,M0454,2023-05-27,29,success,debit_card
1353d432-45e4-4156-8f95-52d145228709,M0454,2023-06-26,29,success,debit_card
8f7767e5-059e-435f-9ee7-7457b41ee4d0,M0454,2023-07-26,29,success,bank_transfer
7d00ebd7-def0-4b82-9a82-991497568b5b,M0454,2023-08-25,29,success,debit_card
1ecf854e-c650-411d-bd13-7a2edc900c99,M0454,2023-09-24,29,success,credit_card
d619a6f7-a2e2-49e1-80bc-b45dba1d0d26,M0454,2023-10-24,29,success,bank_transfer
992cf527-260d-4497-8f18-6961f2d2bcbd,M0454,2023-11-23,29,success,debit_card
c4310c78-000b-47e2-b046-493598a18ee2,M0454,2023-12-23,29,success,debit_card
907cab2a-1832-4224-89e4-8c2b13d55acc,M0454,2024-01-22,29,success,credit_card
ef71ad02-9b26-4258-bd8c-86c6178ccd94,M0454,2024-02-21,29,success,credit_card
d5698935-7acb-496e-aa34-29d78d293417,M0454,2024-03-22,29,success,bank_transfer
b0554b9e-5611-4b9a-b3ef-0b653e897401,M0454,2024-04-21,29,success,debit_card
9204ba55-649e-4443-ae90-83ad306a2fca,M0454,2024-05-21,29,success,bank_transfer
804198f2-fc5d-4693-b34f-2e21fecf4e4b,M0455,2022-10-21,59,success,bank_transfer
eb87a664-5536-4645-aed3-ad1941155bfd,M0455,2022-11-20,59,success,bank_transfer
1114e1e3-0b1b-4ce7-bfad-40e391120bd3,M0455,2022-12-20,59,success,bank_transfer
1564d3ec-caa5-47eb-a940-546a377db4c2,M0455,2023-01-19,59,success,debit_card
3b44ea4a-3584-4b03-a4d4-56ed80baaa6c,M0455,2023-02-18,59,success,debit_card
30672747-b8d8-412b-ac6c-e31b4886684d,M0455,2023-03-20,59,success,debit_card
f2cabcde-bb74-4c57-87f4-81360d2ed9bf,M0455,2023-04-19,59,success,credit_card
c2380a44-efbd-4213-8d42-dba991204f62,M0455,2023-05-19,59,success,bank_transfer
b54201a8-45b0-416c-9086-b1e584c1176e,M0455,2023-06-18,59,success,debit_card
7c4b7030-0758-4694-a728-62cf12aedca2,M0455,2023-07-18,59,success,credit_card
ddde6fd6-d2a9-4fa6-8407-4e4013b8a556,M0455,2023-08-17,59,success,credit_card
780e208b-cbeb-4355-84c8-b70bcc14b970,M0455,2023-09-16,59,success,credit_card
8b3dc452-1353-48f0-9829-fc7b943cc120,M0455,2023-10-16,59,success,credit_card
eeec15d0-dccc-46f4-b304-bb5d2f3bcea8,M0455,2023-11-15,59,success,debit_card
8df74643-ecc9-4826-8e69-481760bfc376,M0455,2023-12-15,59,success,bank_transfer
edcc7f40-5fd4-48d8-9d37-5e973d8be381,M0455,2024-01-14,59,success,debit_card
5a6db80e-b914-4730-b5c7-0cb1e8bbf44c,M0455,2024-02-13,59,success,bank_transfer
0157a5aa-86ca-4ab6-b87e-effbea35b44a,M0455,2024-03-14,59,success,debit_card
ddefa890-1e9f-4065-aa80-43d6170c9f84,M0455,2024-04-13,59,success,credit_card
1d99b30f-ad34-4028-99fd-c290359940a9,M0455,2024-05-13,59,success,credit_card
841e69d1-de3f-470c-9c6b-8014fb7e0a8d,M0456,2023-10-24,29,success,bank_transfer
644aed55-283f-450e-976c-2e68a503df5b,M0456,2023-11-23,29,success,credit_card
ff922e41-e39c-497f-ae4a-6d8fd9eb6ae0,M0456,2023-12-23,29,success,bank_transfer
8ea99f7e-6989-4fcd-9871-e34779a77cc9,M0456,2024-01-22,29,success,credit_card
1ee914e7-dc49-4b82-aa84-0632c7296d3c,M0456,2024-02-21,29,success,debit_card
85ab832a-36e8-4b1c-89bb-30d0bc584db2,M0456,2024-03-22,29,success,credit_card
a35dc131-0cdc-440d-b64d-e9a3a114faac,M0456,2024-04-21,29,success,credit_card
bc7a9510-8ec0-4edb-90a4-7cc0d64ccb70,M0456,2024-05-21,29,success,credit_card
ab2608a1-96f5-4fc3-80e4-00e7109afba7,M0457,2023-01-22,59,success,credit_card
f05c94b9-3196-4981-8065-8c43a69b2ebd,M0457,2023-02-21,59,success,debit_card
b4d83099-80ae-4b82-8d23-5e20f43ce8af,M0457,2023-03-23,59,success,credit_card
316a002c-de9d-4dd8-98d2-e59962fa034b,M0457,2023-04-22,59,success,debit_card
8260b58c-4252-496f-a668-0e6be0b448dc,M0457,2023-05-22,59,success,bank_transfer
8e3d3ac5-9122-4566-a56d-619042b15391,M0457,2023-06-21,59,success,credit_card
9713481b-173b-4289-9681-07d9db88d738,M0457,2023-07-21,59,success,credit_card
c3f56235-07b0-4cdb-9beb-8fb1e29397c6,M0457,2023-08-20,59,success,credit_card
d69a18d8-c2f0-4bdf-8645-5e48533a1146,M0457,2023-09-19,59,success,credit_card
1eefe21d-a1e4-4b4f-bd1e-52544d0e3018,M0457,2023-10-19,59,success,credit_card
4a13bf6b-a066-4bda-b218-5fe77d57495b,M0457,2023-11-18,59,success,credit_card
4876e356-6b74-4cf1-9f1d-da4046815c69,M0457,2023-12-18,59,success,debit_card
26ed2335-83db-4e1c-b46f-f36458c93d22,M0457,2024-01-17,59,success,debit_card
b5151c8b-c0ac-4170-b7f4-ac9e6fce96a8,M0457,2024-02-16,59,success,debit_card
b2e9ab9e-7f60-4bbb-96b2-e9c736d6af42,M0457,2024-03-17,59,success,debit_card
b45a58ef-42e0-4c33-9db0-aed593ba49fa,M0457,2024-04-16,59,success,debit_card
65d364fd-de7a-422b-84c2-3941033f2b92,M0457,2024-05-16,59,success,credit_card
11243925-d54f-4ebe-91ce-e8c5c3379075,M0458,2022-05-17,29,success,bank_transfer
dd379698-21b5-475a-a2eb-5b821d24de94,M0458,2022-06-16,29,success,debit_card
e600c654-496b-4c61-ae7e-e73002955230,M0458,2022-07-16,29,success,credit_card
12da90af-ae45-463f-b447-64611f079b3d,M0458,2022-08-15,29,success,credit_card
345d29f0-4ffc-4426-befe-f90ca02d5492,M0458,2022-09-14,29,success,bank_transfer
781eee89-4cf0-4fc3-a9b5-b3da424c5fd0,M0458,2022-10-14,29,success,bank_transfer
522dde98-f45b-492d-90a6-1031cbff417f,M0458,2022-11-13,29,success,bank_transfer
82165765-6cb2-4560-b18b-1d4047a8741e,M0458,2022-12-13,29,success,bank_transfer
f18cc853-13fb-4238-8bb3-155449006860,M0458,2023-01-12,29,success,debit_card
f8a5dff8-5657-4adc-ab05-22187e1e2823,M0458,2023-02-11,29,success,debit_card
b5ab5092-bf16-4f24-8935-b280f328c25d,M0458,2023-03-13,29,success,debit_card
adb48c66-f292-418d-b1d7-701c1b2b3a95,M0458,2023-04-12,29,success,credit_card
9a192f19-17b1-4ebf-b478-3a032691f606,M0458,2023-05-12,29,success,credit_card
8197fb9f-36e6-43f4-8b60-8c57669c222c,M0458,2023-06-11,29,success,credit_card
90aaea2c-898b-48e4-bfa2-14f77630e775,M0458,2023-07-11,29,success,debit_card
b7bfb760-bdd2-48b9-ab40-a4336ce7f17c,M0458,2023-08-10,29,success,bank_transfer
ec117bb4-ee94-48c9-9247-b9f4698fe187,M0458,2023-09-09,29,success,debit_card
e2237bf1-1f56-4aea-8d09-04da540243ca,M0458,2023-10-09,29,success,bank_transfer
9af7bed4-980c-4843-9ebd-56fa033dec49,M0458,2023-11-08,29,success,debit_card
92b7edb0-8026-488d-9aa0-2b245c91dd0d,M0458,2023-12-08,29,success,debit_card
0f4bf8f3-ae66-4f11-ab0f-6a1374d3a210,M0458,2024-01-07,29,success,debit_card
21003765-f0c0-47f0-80a4-7697cd40fca3,M0458,2024-02-06,29,success,bank_transfer
f7da4637-b81a-4330-b584-ab326a427a83,M0458,2024-03-07,29,success,bank_transfer
a0d7c356-689d-46aa-b0d0-a904720a590c,M0458,2024-04-06,29,success,bank_transfer
eaf4b898-ddbc-4296-808c-ae219dc6fcf8,M0458,2024-05-06,29,success,bank_transfer
b86868a1-d6e1-4d0f-ad66-2761b02d97a3,M0459,2023-02-07,59,success,debit_card
988e3f3f-351d-4560-ba29-0767b7ce9006,M0459,2023-03-09,59,success,debit_card
a6a2d69d-9d77-44ae-bd22-7dbc0e935e31,M0459,2023-04-08,59,success,bank_transfer
9a9778bd-c7b9-4910-82f8-a86400f82919,M0459,2023-05-08,59,success,bank_transfer
67563ac2-984b-4a20-9ba2-f42b1940e081,M0459,2023-06-07,59,success,bank_transfer
b9c5e6ee-8e09-4459-bbcd-403a057f2390,M0459,2023-07-07,59,success,debit_card
d8a31254-3315-4c52-955e-049804a42cb9,M0459,2023-08-06,59,success,bank_transfer
807b1bfe-eb6b-4780-956a-e4a6830bb243,M0459,2023-09-05,59,success,debit_card
12d29212-1a1b-465d-a0f5-3efea7400e4c,M0459,2023-10-05,59,success,debit_card
7476b66f-5f51-4377-98b2-6ecd4a045f88,M0459,2023-11-04,59,success,bank_transfer
51c8de26-b279-45c4-a3a9-0616d06d7273,M0459,2023-12-04,59,success,debit_card
10c9c6a6-1c2c-4bd2-9b8e-7d1c1941d057,M0459,2024-01-03,59,success,debit_card
1f82e061-0e8b-44d7-9a95-cc2c9c3b4ab4,M0459,2024-02-02,59,success,debit_card
da8b94e2-2f62-42e2-9749-824a3fef43d3,M0459,2024-03-03,59,success,bank_transfer
57b3c1c8-23ba-461d-a94e-b5d511734926,M0459,2024-04-02,59,success,bank_transfer
0761ff52-87cf-4970-b46b-d5814fb5454d,M0459,2024-05-02,59,success,bank_transfer
5b6d6731-e431-41e5-89a6-4b4cf564a215,M0460,2022-01-24,29,success,credit_card
6f0ad108-e6e4-4b7e-8b33-5450718f5422,M0460,2022-02-23,29,success,bank_transfer
e0ea5f40-325c-426f-a8cf-e2b9e200265f,M0460,2022-03-25,29,success,bank_transfer
f564b9f6-3d77-4e5b-bcf9-e9e56aa9ad92,M0460,2022-04-24,29,success,bank_transfer
e6ba60c1-6a9d-442a-8bc2-09c130d084c0,M0460,2022-05-24,29,success,debit_card
5d74971c-4d27-4f28-84d9-dc7648323bb2,M0460,2022-06-23,29,success,debit_card
f63f8746-ffa4-4514-8f53-aa01fd027cbf,M0460,2022-07-23,29,success,credit_card
9ec9fa30-506e-4dfe-99e3-617b4c4c169e,M0460,2022-08-22,29,success,bank_transfer
eeade218-b939-4cb6-b870-e845da0cbbdb,M0460,2022-09-21,29,success,bank_transfer
a57786ed-bcec-4911-8e7d-f05e934c076c,M0460,2022-10-21,29,success,bank_transfer
cfc86303-be44-4bdf-b232-a365c091eb6d,M0460,2022-11-20,29,success,debit_card
1e3b11d5-c67a-4e03-9b35-48584f245822,M0460,2022-12-20,29,success,bank_transfer
a9007296-ce83-44e1-b725-214df8d08732,M0460,2023-01-19,29,success,debit_card
6e559102-b2d4-4591-a157-94b70df3b1f9,M0460,2023-02-18,29,success,debit_card
c777f980-0842-4afa-a247-2b664dcea479,M0460,2023-03-20,29,success,bank_transfer
1b005bf9-4303-4756-825d-a09285ea9ee6,M0460,2023-04-19,29,success,debit_card
55d53d5c-53db-4a6e-94fd-3bf83d8014ac,M0460,2023-05-19,29,success,bank_transfer
70f6bbfa-56d4-4db5-bc2d-57e4f46ae085,M0460,2023-06-18,29,success,credit_card
2156ea48-7b12-4363-b526-8a3900e4c4bf,M0460,2023-07-18,29,success,bank_transfer
ed5cd906-34da-49ba-97c2-6539e4093571,M0460,2023-08-17,29,success,credit_card
5ef758c2-3f62-461a-a2c2-dcb1848c4e34,M0460,2023-09-16,29,success,debit_card
5b367bbd-763e-49c6-824c-f0fba6c94b26,M0460,2023-10-16,29,success,debit_card
8513fb70-2bad-40cd-b6e6-fb03c81aadd0,M0460,2023-11-15,29,success,bank_transfer
e5993894-d5f9-40a1-9be4-9acef0e4a11c,M0460,2023-12-15,29,success,debit_card
db168b8d-334e-4108-b0ae-7e00e537ef49,M0460,2024-01-14,29,success,debit_card
7e98a3c1-70a9-402f-affb-227f1694c6d9,M0460,2024-02-13,29,success,credit_card
3f6c9aa0-0109-4b9a-b348-7f9f492414cd,M0460,2024-03-14,29,success,bank_transfer
c9537ba6-577b-4698-8875-82c36f5700ef,M0460,2024-04-13,29,success,bank_transfer
cfe67dd9-91a3-4db8-b20a-9517f564b3d1,M0460,2024-05-13,29,success,debit_card
38a8b356-8b21-45bb-9499-6ae474e2a3c9,M0461,2023-03-11,99,success,credit_card
ea7690e1-a711-4f1a-b4c3-5193c5e5fe5c,M0461,2023-04-10,99,success,credit_card
f79075b2-8898-4171-8bf9-fd77074ac7fe,M0461,2023-05-10,99,success,credit_card
4b85d384-a0ef-430b-8cc4-e82cec755603,M0461,2023-06-09,99,success,credit_card
c479df7c-bc94-4ec9-9eb6-98611442edfe,M0461,2023-07-09,99,success,bank_transfer
79fefd97-523c-4766-a121-2b55b13f7be9,M0461,2023-08-08,99,success,credit_card
a69f9a14-b6ab-4500-992c-affcbe9ea362,M0461,2023-09-07,99,success,bank_transfer
c4026ba3-e1db-41b4-83bc-97a76f789222,M0461,2023-10-07,99,success,credit_card
72181f5d-4097-4a6f-a0ee-af9a109c40d8,M0461,2023-11-06,99,success,bank_transfer
8406f0d3-1565-4ad0-90b3-4073598c7fa7,M0461,2023-12-06,99,success,credit_card
2c88e81b-6871-450f-8372-22fe4d9ea1ef,M0461,2024-01-05,99,success,bank_transfer
afc95a39-38a0-489e-aa05-18cae5950129,M0461,2024-02-04,99,success,debit_card
e6fe2b80-734a-4982-89a7-51268dc52e99,M0461,2024-03-05,99,success,credit_card
6bb8d29a-73bf-479f-83f8-60e29f8ff6da,M0461,2024-04-04,99,success,bank_transfer
91ef806e-cf43-4def-9d5f-e3c56519fd9e,M0461,2024-05-04,99,success,debit_card
71ae232e-41df-45c4-8f27-95438efb9d6a,M0462,2022-12-21,99,success,debit_card
64f683b7-be92-47ad-b848-9f5357c5c885,M0462,2023-01-20,99,success,credit_card
cb14d784-cf84-4099-848a-543a312416ed,M0462,2023-02-19,99,failed,bank_transfer
cc803fa6-529e-432f-85f0-ba05dab30df5,M0462,2023-03-21,99,success,credit_card
4033171a-ed30-49c1-98ac-8d7316173821,M0462,2023-04-20,99,success,debit_card
d7ca7671-e2bf-4aa0-a0ab-c68a3dcc5453,M0462,2023-05-20,99,success,bank_transfer
6f453b1d-fa5e-416d-a072-111e34ce0d7d,M0463,2022-02-02,29,failed,credit_card
3b70f2f2-cb7f-48f9-88bf-b3f8ae6c7ff3,M0463,2022-03-04,29,success,bank_transfer
c82b8e28-bce0-4621-b712-198cba3e38ea,M0463,2022-04-03,29,success,debit_card
1a660f85-125e-499e-838a-8e705e62caf0,M0463,2022-05-03,29,success,credit_card
01056cab-4fa2-4de9-af65-974d04d43713,M0463,2022-06-02,29,success,debit_card
7edd0a19-bc36-4f56-bbd5-0f93635db1ed,M0463,2022-07-02,29,success,debit_card
565f049c-2632-41f7-b03b-a65578847b55,M0463,2022-08-01,29,success,credit_card
e739dfa6-9406-4990-9e2a-b28dfb2c3033,M0463,2022-08-31,29,success,debit_card
2a47f02c-ba62-45a1-9267-8f8977ecaefd,M0463,2022-09-30,29,success,credit_card
92463027-995a-4a79-be1f-fc63395d1eaa,M0463,2022-10-30,29,success,debit_card
5a281ba9-c3b9-4bca-9050-068d242fd50a,M0463,2022-11-29,29,success,bank_transfer
ac1cdb29-9dc7-4769-a01a-bbc60e93f2a0,M0463,2022-12-29,29,success,debit_card
91d307cf-60d3-48c4-afca-237fa7e3aa01,M0463,2023-01-28,29,success,credit_card
1046e579-4498-4b59-b83a-2a30333b6cc1,M0463,2023-02-27,29,success,debit_card
2a77d1d0-6549-4223-9e4c-90cfbac6cf69,M0463,2023-03-29,29,success,debit_card
c2e54afd-6e33-4dac-ba88-364e4cec9ecb,M0463,2023-04-28,29,success,debit_card
1387f40f-1b9a-47b9-a0db-5014742f2e11,M0463,2023-05-28,29,success,debit_card
418d7bd0-4d90-412b-beac-5d0b8564db9d,M0463,2023-06-27,29,failed,debit_card
0451ddfa-40fe-4028-8392-90bf043fb1d5,M0463,2023-07-27,29,success,bank_transfer
063877f7-3c1d-4dbb-bae0-73028e5f7357,M0463,2023-08-26,29,success,bank_transfer
0c6a7dcc-91b0-4f43-8c4e-5abc3b043fda,M0463,2023-09-25,29,success,credit_card
881b1ad8-1ea0-45be-9441-a47ec0381ca6,M0463,2023-10-25,29,success,bank_transfer
a79e5eac-c254-43b6-9504-f587b20ea64b,M0463,2023-11-24,29,success,debit_card
c1426d27-b2ed-47c1-83d9-bc4f8e033eda,M0463,2023-12-24,29,success,debit_card
8fab1613-8d97-4766-9d66-7ce84bf6dcb7,M0463,2024-01-23,29,success,credit_card
ee19678f-0ea2-419a-a3f6-2add0322fbb8,M0463,2024-02-22,29,success,bank_transfer
0cd1c47f-f70f-43ed-bd08-1a0b88e7ef1c,M0463,2024-03-23,29,success,credit_card
0b733bae-ef91-497e-ad93-7358dcfd9b02,M0463,2024-04-22,29,success,credit_card
90eff7a9-fbbe-4caa-98c6-b27887011f03,M0463,2024-05-22,29,success,debit_card
f8b34a9c-d2e4-419c-a4fe-55711279a6e6,M0464,2022-07-31,29,success,credit_card
0f0aadbc-59cc-4391-a831-9e1c0f65500e,M0464,2022-08-30,29,success,credit_card
fe74727f-baa3-4ca4-97f5-8c786ff63e8a,M0464,2022-09-29,29,success,debit_card
6640a427-b713-47ad-a68b-2ab5f6c1f549,M0464,2022-10-29,29,success,bank_transfer
a0a6aaff-e3d7-4732-bab9-811c644891d8,M0464,2022-11-28,29,success,credit_card
10ecb14b-d9ea-45de-b595-f7e0b1727804,M0464,2022-12-28,29,success,credit_card
e3daacff-3a4c-4e6a-a3d5-4aba3b777725,M0464,2023-01-27,29,success,credit_card
9223e847-9d91-4812-a98c-2cea41c2a752,M0464,2023-02-26,29,success,debit_card
00b7bae2-f087-4c2b-85c7-bb2d5d75520c,M0464,2023-03-28,29,success,credit_card
225d47e7-f6a5-42ca-9a88-a3dd9d7974a5,M0464,2023-04-27,29,success,bank_transfer
40ae2325-7ce6-4961-906e-d3d90cfceedc,M0464,2023-05-27,29,success,debit_card
44c54c13-8e91-4c2d-9e7b-def37bfdde7d,M0464,2023-06-26,29,success,debit_card
3e1adcc7-8f3a-4bc5-aeb9-97872ef159b8,M0464,2023-07-26,29,success,debit_card
6294dd40-2df7-495c-97d6-04da618cbf9a,M0465,2023-12-22,29,success,debit_card
ba67f99d-5049-45db-b866-accce8e02b1d,M0465,2024-01-21,29,success,credit_card
9b895774-0271-4fa9-9d32-6a07775d55b6,M0465,2024-02-20,29,success,bank_transfer
1104c7fd-4073-40ee-8a60-07c27b040b08,M0465,2024-03-21,29,success,bank_transfer
d8e969c7-f3f2-47ff-a2c4-9df607ff208c,M0465,2024-04-20,29,success,credit_card
5285f380-ed17-4609-bf05-024b37fac6c8,M0465,2024-05-20,29,success,debit_card
9381c7dd-f5e5-4672-bd4f-72bca9a854ca,M0466,2023-03-26,59,success,credit_card
029833e7-6452-49fe-be4a-aa5950a49698,M0466,2023-04-25,59,success,credit_card
1629ebe4-e9e8-4978-8a21-ac6a37cbe29d,M0466,2023-05-25,59,success,bank_transfer
20a3f164-f2d4-484b-b5de-103ba0405b45,M0466,2023-06-24,59,success,debit_card
9fe624ca-6f7c-4b96-b15d-4463fbcf3543,M0466,2023-07-24,59,success,debit_card
a8acc056-dbdf-4ada-a0d4-725a014ef1ee,M0466,2023-08-23,59,success,debit_card
7a2b7956-1b61-4c38-896d-f2f99f33dc80,M0467,2023-05-31,29,success,debit_card
5976faf0-bbe9-4088-8397-79335934dc39,M0467,2023-06-30,29,success,credit_card
0c02b36a-20d7-45c0-882a-f03ddabf23a3,M0467,2023-07-30,29,success,debit_card
ec811086-19f3-4de3-a556-fffd263352c7,M0467,2023-08-29,29,success,credit_card
4fdb267e-d625-43d9-922b-72c45d242227,M0467,2023-09-28,29,success,credit_card
4f001f20-0ef8-47f9-a1cc-7e3504587714,M0467,2023-10-28,29,success,bank_transfer
305add14-fcfc-47ad-bde6-e8cc40c59115,M0467,2023-11-27,29,success,bank_transfer
07643111-5369-441e-a30f-efe6c7ef951e,M0467,2023-12-27,29,success,bank_transfer
b651ee23-2917-4030-89ce-c8d9ea66650a,M0467,2024-01-26,29,success,debit_card
1f24e9df-8759-4328-9510-d3baf4724a92,M0467,2024-02-25,29,success,credit_card
b074b60e-ef6a-4336-b531-130ef9425e66,M0467,2024-03-26,29,failed,credit_card
604fe409-f949-4610-b96e-e9d43ed01a36,M0467,2024-04-25,29,success,credit_card
2450791f-cb58-43ca-a1f7-8e097061ef29,M0467,2024-05-25,29,success,credit_card
1a8f04d9-cc2f-44c2-8965-cfe9b0bc7921,M0468,2022-11-23,59,success,credit_card
c654dd29-76c5-43d3-9909-4444f0a77f51,M0468,2022-12-23,59,success,debit_card
c2c0d297-3003-4141-8d8e-61761ffe8da2,M0468,2023-01-22,59,success,debit_card
e29900be-9e1f-4a61-a68f-8863ac387b62,M0468,2023-02-21,59,success,credit_card
37821aa3-970f-4f47-8a90-3f08b49b8c76,M0468,2023-03-23,59,success,credit_card
f72aee89-d8d1-4ac9-b846-835e2e85db5c,M0468,2023-04-22,59,success,credit_card
7f4d428c-f275-4a6b-82ae-9b17602172bf,M0468,2023-05-22,59,success,credit_card
48630d00-5acb-49a9-abb6-520fce9f0462,M0468,2023-06-21,59,success,bank_transfer
c115cb6a-3e22-419a-8cf5-6b1a5d097e3f,M0468,2023-07-21,59,success,bank_transfer
010ea609-4205-40f4-ade6-2f115d1e09c0,M0468,2023-08-20,59,success,credit_card
f48b99c6-cf96-4975-af2e-698dad6f2c3a,M0468,2023-09-19,59,success,credit_card
b19f12da-2716-4066-a2f7-598451b2d385,M0468,2023-10-19,59,success,credit_card
064c0de2-c2af-442a-835a-6f36000ab08b,M0468,2023-11-18,59,success,credit_card
1db24dd4-b1c1-48c9-b912-7ad17f33e4c4,M0468,2023-12-18,59,success,debit_card
dc5402c9-4718-4d2e-8acc-460670692d10,M0468,2024-01-17,59,success,debit_card
473a0b28-1813-42b8-8041-a434ccd91b93,M0468,2024-02-16,59,success,debit_card
e09f594e-a687-4fd7-8f9c-8fa073cc2119,M0468,2024-03-17,59,success,credit_card
40c3b861-b587-45dd-b131-6394f2f03b46,M0468,2024-04-16,59,success,credit_card
8d87ba20-0677-4296-a835-ba0cf672c8f4,M0468,2024-05-16,59,success,credit_card
70885b3c-c120-422a-bb09-d34e5c5ea8cf,M0469,2022-11-06,99,success,debit_card
8b859198-4155-438b-86a9-d21a651037f4,M0469,2022-12-06,99,success,debit_card
4bb0f791-f662-4842-a379-989d0d26511d,M0469,2023-01-05,99,success,debit_card
43442dcf-4003-45e5-a5e9-15af5a38a751,M0469,2023-02-04,99,success,debit_card
8e1a7464-9179-4c5c-9dd0-f128398c9bcd,M0469,2023-03-06,99,success,bank_transfer
e31e7ffc-81bb-49d9-9727-fbbec435cb77,M0469,2023-04-05,99,success,bank_transfer
067a1ea6-8b2c-4418-ad8c-4bea4d76a021,M0469,2023-05-05,99,success,bank_transfer
3d5ef867-b069-4e90-b822-d88170319721,M0469,2023-06-04,99,success,debit_card
27b00ff9-ccc9-4db6-b17c-7ecc0ec6d04c,M0469,2023-07-04,99,success,bank_transfer
b490b20f-a9e0-4487-92dd-04f9fe5c15cc,M0469,2023-08-03,99,success,bank_transfer
2ef0023e-ed7a-476e-a839-01dde4bf7283,M0469,2023-09-02,99,success,debit_card
966c0151-5dd5-4aee-81c2-75d48d43dfc3,M0469,2023-10-02,99,success,debit_card
3184ed5c-37aa-4c78-8bc3-2e56433cc20e,M0469,2023-11-01,99,success,debit_card
f65942ce-ec41-47cc-bea0-9251e6aae1fc,M0469,2023-12-01,99,success,credit_card
7d949dc7-1fbc-40c1-bf33-46287f8d2748,M0469,2023-12-31,99,success,bank_transfer
5bf7d969-47e0-4424-a3fe-70af699dca5a,M0469,2024-01-30,99,success,debit_card
9d9aa801-b255-4ca9-9534-060cdea72abe,M0469,2024-02-29,99,success,debit_card
579d24ec-b704-431c-96ad-9eb52a743016,M0469,2024-03-30,99,success,debit_card
31cd24ca-69e5-4e4a-9993-85d8b9e6e8f9,M0469,2024-04-29,99,success,debit_card
153d9958-30e4-4588-aed8-cc3cb1a4b90b,M0469,2024-05-29,99,success,credit_card
d1864f6e-d946-4565-badf-57202a12ea9d,M0470,2023-02-28,29,success,bank_transfer
b7b0915f-6b6e-4150-b754-433d528ac947,M0470,2023-03-30,29,success,debit_card
e7bfa5c3-899d-415f-886b-b0d10cec1ffb,M0470,2023-04-29,29,success,bank_transfer
2aa65727-598a-4b8f-bc91-6327e2ea7a6a,M0470,2023-05-29,29,success,debit_card
c3ddb2e4-6532-4646-9335-bbaf6e34ed73,M0470,2023-06-28,29,success,credit_card
0a40b4db-0da1-44d4-a170-a4cc043b770c,M0470,2023-07-28,29,failed,credit_card
24278aca-cd74-479d-a183-5365cdb9c312,M0470,2023-08-27,29,success,debit_card
d88caa8d-8cb3-484e-a26b-d0dd861b38f0,M0470,2023-09-26,29,success,debit_card
84789d26-c116-4eb3-b6dc-d61d36429c54,M0470,2023-10-26,29,success,debit_card
1e32ec6a-cb61-49c1-b294-74299a9a0c01,M0470,2023-11-25,29,success,debit_card
36b224f4-0a47-4f00-af34-196496c0a10b,M0470,2023-12-25,29,success,credit_card
04e4b8df-0e0c-4825-bf46-55cd2edc9341,M0470,2024-01-24,29,success,credit_card
188154f8-9e8b-4e81-ae0f-2dee24ae694c,M0470,2024-02-23,29,success,credit_card
54eaacf8-c734-42f1-986e-29fc6b20d3da,M0470,2024-03-24,29,success,credit_card
efbfb45e-49af-485a-af2d-00895b41d95c,M0470,2024-04-23,29,success,debit_card
da235fec-cbf2-4a33-9691-1e4a492ee54b,M0470,2024-05-23,29,success,debit_card
fc8be71c-eb28-4fcd-ba9d-10e0917b6572,M0471,2022-06-29,29,success,debit_card
e18f2eae-477d-46be-ba38-9392e80df489,M0471,2022-07-29,29,success,bank_transfer
0df5fafc-4481-4714-b2fa-d92d5c52cd1c,M0471,2022-08-28,29,success,credit_card
65f7c16b-f5de-44a3-a119-8d6213c79b9a,M0471,2022-09-27,29,success,debit_card
e771fdfa-7eeb-42ab-b4f7-a1541e4f1fc6,M0471,2022-10-27,29,success,debit_card
2b4191eb-c103-47a9-8b3f-d004710630fc,M0471,2022-11-26,29,success,bank_transfer
dc531572-9c2b-451a-b225-17d7ed2f493a,M0471,2022-12-26,29,success,credit_card
c503b1f5-410d-4a30-a5ff-b7e45d542c88,M0471,2023-01-25,29,success,bank_transfer
bde82401-0bf3-444e-9c04-abda76a65289,M0471,2023-02-24,29,success,credit_card
d63dabf9-f45c-45fc-aba4-3ab05fe98b98,M0471,2023-03-26,29,failed,credit_card
597bc9c4-a2d7-45e7-9480-c2de34583dd7,M0471,2023-04-25,29,success,debit_card
ec508e78-62de-43cd-bdde-fa682f89fa65,M0471,2023-05-25,29,failed,debit_card
6c4d9fc2-55ea-4e8e-a0c1-f2487333a249,M0471,2023-06-24,29,success,bank_transfer
fa4cd581-737b-4494-bc45-ac8247d1b7ac,M0471,2023-07-24,29,success,bank_transfer
87b065bb-e2d0-4cfb-b2ed-d39ceac1cbc1,M0471,2023-08-23,29,success,debit_card
6d0cd946-83ba-4eb4-b37f-a944c0fcdb2e,M0471,2023-09-22,29,success,bank_transfer
6aacaab0-7c28-466d-afc9-c682b31e95f5,M0471,2023-10-22,29,success,debit_card
362d277b-a474-4c4a-90e7-d43ab08196e2,M0471,2023-11-21,29,success,debit_card
49ab97fb-28e8-42a7-a9a1-9daaa486bce1,M0471,2023-12-21,29,success,credit_card
114e1d8c-6a48-47da-b600-79e9db77ad57,M0471,2024-01-20,29,success,bank_transfer
1a6586fe-d0eb-4da3-bbe7-8cda01cbabd7,M0471,2024-02-19,29,success,bank_transfer
aff540af-b0e0-4e0b-862e-4305f0692f4f,M0471,2024-03-20,29,success,credit_card
49eeec22-9add-4cee-aecd-2fe963aa89fc,M0471,2024-04-19,29,success,debit_card
1166ede9-9847-4bf9-8f9b-103cac9f6fbc,M0471,2024-05-19,29,success,bank_transfer
6ecba5a1-5f47-47a3-b299-52d12a2c62f2,M0472,2022-12-19,59,success,bank_transfer
41c1bb9f-29b0-4951-a8e7-99da1d55cc27,M0472,2023-01-18,59,success,credit_card
4061b041-3762-4690-a475-2c5bad513564,M0472,2023-02-17,59,success,credit_card
8a44969f-d338-4cbc-86cd-f8f610e79a79,M0472,2023-03-19,59,success,debit_card
cf1b5381-e11a-4194-8fdd-e22d97fefdfa,M0472,2023-04-18,59,success,credit_card
76f513b4-688e-44ba-9b1a-cc06b3605eab,M0472,2023-05-18,59,success,debit_card
a978881e-1aad-4e29-a226-ebcaa30c7601,M0472,2023-06-17,59,failed,credit_card
fefb34ff-19c3-4831-8432-6bb1ee68d4fc,M0472,2023-07-17,59,success,bank_transfer
7bc8a9a3-54b0-47ed-a87c-7f82f4258448,M0472,2023-08-16,59,success,credit_card
189b1a9e-920e-41f6-b6b3-d9b0961ce671,M0472,2023-09-15,59,success,bank_transfer
d83ce9d9-c1c2-4e4e-820f-5a6b7b53f72c,M0472,2023-10-15,59,success,credit_card
85841667-ec57-4e20-b2f0-7701eaa1c667,M0472,2023-11-14,59,failed,credit_card
1d242cea-8e9f-4feb-9139-6417d1f74e09,M0472,2023-12-14,59,success,credit_card
cbc0cfa1-6726-4720-ac47-10a027275141,M0472,2024-01-13,59,success,debit_card
77264354-d47d-4ae1-9147-adcc9997ab78,M0472,2024-02-12,59,success,credit_card
bcf3d5e4-e8d2-41da-9d8d-8af401a7afaf,M0472,2024-03-13,59,success,credit_card
0cbad84b-0aca-46e0-a503-900c363b0be9,M0472,2024-04-12,59,success,debit_card
aa8a3a0d-b722-4df3-a144-442409ac8df6,M0472,2024-05-12,59,success,bank_transfer
26f85509-3904-42ec-be5e-30896ec1ccd0,M0473,2023-12-15,29,success,debit_card
e457b585-ed61-40af-a97c-9bf92472e66c,M0473,2024-01-14,29,success,debit_card
97cc6a8f-66e8-4a65-bdf2-c34a23029c86,M0473,2024-02-13,29,success,debit_card
80d11ec3-4baa-416e-95d2-d33b893f4184,M0473,2024-03-14,29,success,bank_transfer
b57299ae-15da-4b69-ad4c-f097de3e8619,M0473,2024-04-13,29,success,bank_transfer
edfc26e5-7023-4236-a547-856e9c537b8e,M0473,2024-05-13,29,success,bank_transfer
40b56e58-9c8b-4223-afa6-bc3a07ff1a5f,M0474,2023-07-05,99,success,credit_card
4e49e438-a319-48dc-bc8f-cac597abe336,M0474,2023-08-04,99,success,bank_transfer
f8ee23ab-69a7-4531-87f6-f2c20323f4d5,M0474,2023-09-03,99,success,bank_transfer
4480b072-c69d-44af-8759-29e901ddc6c7,M0474,2023-10-03,99,success,bank_transfer
7e29e78d-a418-425e-b1a6-9a0405ecd2c3,M0474,2023-11-02,99,success,credit_card
6069780c-b006-4cec-a02f-783f998e9f1a,M0474,2023-12-02,99,success,credit_card
a767d801-3baf-488b-a79f-3e8c21b2429c,M0474,2024-01-01,99,success,debit_card
4fb39188-b94d-480d-9282-821aa4fb5e02,M0474,2024-01-31,99,success,bank_transfer
84236f40-87b3-46a4-9ba0-ff764bc59db5,M0474,2024-03-01,99,success,bank_transfer
400ca92c-c972-4c50-8b30-06f69177c006,M0474,2024-03-31,99,success,credit_card
90e20ac1-13f6-448c-bef1-ef558635cd09,M0474,2024-04-30,99,success,debit_card
0f80c610-6afb-4d7b-8f1c-586aec1e2acd,M0474,2024-05-30,99,success,debit_card
95911326-8aff-49cc-ad15-d94fe012228d,M0475,2022-05-28,99,success,credit_card
9b735089-910e-405c-bcd8-b2a3643ef931,M0475,2022-06-27,99,success,credit_card
cda8596e-94fa-434c-8bfa-183cb3ecbc54,M0475,2022-07-27,99,success,credit_card
990c34fc-5439-4479-8e48-4a5087891d1b,M0475,2022-08-26,99,success,credit_card
70883c79-7ef6-40fe-8893-b22697cb4d61,M0475,2022-09-25,99,success,bank_transfer
fc975b7b-0227-40ca-9703-637415fd2426,M0475,2022-10-25,99,success,debit_card
b6b1bcc1-0a52-4ff9-b55f-c8c82eab1af1,M0475,2022-11-24,99,success,debit_card
c43b2bec-ac6a-4522-a3c7-13805c8a7385,M0475,2022-12-24,99,success,debit_card
e3b993de-eb95-4c78-b68a-ee0a7590c930,M0475,2023-01-23,99,success,credit_card
e54f5953-c818-4c93-ac67-799853627647,M0475,2023-02-22,99,success,debit_card
2f7f2c46-0111-49b8-b273-eba414a38dbf,M0475,2023-03-24,99,success,bank_transfer
4da3d80d-6ebf-4616-806b-acd0a5a90e63,M0475,2023-04-23,99,success,debit_card
013a974d-563c-4c32-8082-090bcdd954db,M0475,2023-05-23,99,success,credit_card
1a377c8e-663a-4192-bc70-ec1ede3ed19e,M0475,2023-06-22,99,success,debit_card
4f78fb55-b01d-40e6-b3b9-937425e681c5,M0475,2023-07-22,99,success,debit_card
5dbd8359-d499-4c1e-a58f-053b5acf7f25,M0475,2023-08-21,99,success,debit_card
c5a2fb1f-8b1d-40aa-b11b-c05e43322df2,M0475,2023-09-20,99,success,credit_card
bd5a753a-da70-4930-a358-2ca2f0c63771,M0475,2023-10-20,99,success,debit_card
6000d3b2-72c3-4fe0-a468-7cbab87d0af4,M0475,2023-11-19,99,success,debit_card
98bc8ecd-1ff6-4033-b018-c2a626269eb7,M0475,2023-12-19,99,success,debit_card
962665eb-4125-4b47-a0db-cdd6258811db,M0475,2024-01-18,99,success,debit_card
82a3fc8a-823e-4005-b6d0-1f299069bc28,M0475,2024-02-17,99,success,credit_card
d0076729-cfb3-4194-9e87-6c9005b355b8,M0475,2024-03-18,99,success,bank_transfer
d17ef121-5fa2-4b18-92a3-d715660ffba9,M0475,2024-04-17,99,success,debit_card
67d38d1b-ebbc-451f-b323-10f21c8f0197,M0475,2024-05-17,99,success,debit_card
56a65b4b-576e-4d73-9805-b02cceb185d0,M0476,2023-03-03,29,success,credit_card
65a9a77f-08da-4166-9138-9ab36ba35132,M0476,2023-04-02,29,success,credit_card
a9d5bcfc-6a01-40be-847e-73826398221b,M0476,2023-05-02,29,success,credit_card
be173bb7-18dc-4ed1-afde-458fb1ccbe1f,M0476,2023-06-01,29,success,debit_card
9fca2f82-cce0-4b7f-9422-34706f509f22,M0476,2023-07-01,29,success,credit_card
5288203f-db72-4ad1-b8fa-f8f1d8d473bb,M0476,2023-07-31,29,success,bank_transfer
e07a87e6-550f-46c6-a1fc-6e4ea22c0937,M0476,2023-08-30,29,success,credit_card
e514adf9-0bd1-4f36-8469-0307e63cd895,M0476,2023-09-29,29,failed,credit_card
4afb16ed-6596-4cb6-9d92-a0cb3211a337,M0476,2023-10-29,29,success,debit_card
417e8339-cd8a-437b-bba9-2583f1beec0d,M0476,2023-11-28,29,success,debit_card
c462f5d7-b6ac-4b52-a1e0-0ee4adfec579,M0476,2023-12-28,29,success,bank_transfer
b7eb71da-6911-49ce-a4d6-7aa17e3f0a84,M0476,2024-01-27,29,success,bank_transfer
834f479c-27c0-4557-8e3b-9b239a512c6e,M0476,2024-02-26,29,success,credit_card
53d9a9d7-5c51-4b3b-b4bb-5d2a6801049d,M0476,2024-03-27,29,success,debit_card
726e6633-1929-4070-86fa-e9b2aaa7d2f9,M0476,2024-04-26,29,success,bank_transfer
0b0dfd82-b93f-4a1a-8177-636d92bd8e7a,M0476,2024-05-26,29,success,credit_card
09f09c0b-d047-46d0-ba5f-eeecf3d19f53,M0477,2022-07-28,29,success,credit_card
b6e13909-c063-40f8-a8a2-3e1da507578d,M0477,2022-08-27,29,success,debit_card
515679f9-9e73-4bbd-ba59-7e6962911a63,M0477,2022-09-26,29,success,debit_card
f916a14d-e829-4ad5-9bc7-b7bcb307c557,M0477,2022-10-26,29,success,bank_transfer
8af4115f-0b3b-4293-83b7-79aeb4d5f530,M0477,2022-11-25,29,success,bank_transfer
04d398fb-f7a3-466a-9f66-ccfd67c83e3a,M0477,2022-12-25,29,success,bank_transfer
173b09dc-d690-4612-99c0-37d37336ef2c,M0477,2023-01-24,29,success,credit_card
9d673d1f-5037-4ed3-b181-6f6c1a682a54,M0477,2023-02-23,29,success,debit_card
9d7d45ec-a7c0-45a0-8458-548e2108ceb5,M0477,2023-03-25,29,success,bank_transfer
0a95b3a5-660e-4a30-a4ae-b9f530c38b79,M0477,2023-04-24,29,success,debit_card
a7ba6566-b72c-4228-96ca-729ac5d92ebe,M0477,2023-05-24,29,success,bank_transfer
d640e2d0-7444-4822-ae93-e4a22d75593b,M0477,2023-06-23,29,success,debit_card
2ac38626-238c-499a-a17c-0d173f3074eb,M0477,2023-07-23,29,success,bank_transfer
79deffbf-8a73-42ef-be39-1ad7970c0ef3,M0477,2023-08-22,29,success,debit_card
03518c0c-dafd-47a8-b058-d213de350d37,M0477,2023-09-21,29,success,debit_card
0411a8b1-f7e6-4cfa-9fc0-2222a78a7c14,M0477,2023-10-21,29,success,debit_card
343a924d-efc1-400f-8c41-86d8a8a08fc1,M0477,2023-11-20,29,success,bank_transfer
d3fa53ac-d233-47f8-905a-c157ac665d60,M0477,2023-12-20,29,success,debit_card
74afdf77-65d1-4f90-a531-967b6e471c5a,M0477,2024-01-19,29,success,credit_card
387d5dd4-d415-41b5-bae9-767c95c7fb75,M0477,2024-02-18,29,success,debit_card
0afb1fcd-6de1-4b96-a419-a22ab354e446,M0477,2024-03-19,29,success,credit_card
34f21148-92f5-4a54-90e2-da165ecfa9e6,M0477,2024-04-18,29,success,credit_card
888ab09b-6a54-40f7-86c2-1f6fac8c5596,M0477,2024-05-18,29,success,credit_card
be63cf38-d341-480a-a984-f8d8388d8635,M0478,2022-04-05,99,success,bank_transfer
bde39c10-de6d-46bf-aa30-604349f62b2e,M0478,2022-05-05,99,success,credit_card
ce8017e1-16fc-4623-94ca-9c0e5e995d23,M0478,2022-06-04,99,success,debit_card
a2c8ee4c-a2fb-4df6-907d-342687fa85c2,M0478,2022-07-04,99,success,bank_transfer
d936a544-26f1-41da-a147-66e3d73679c7,M0478,2022-08-03,99,success,debit_card
8dca09b5-bf00-4f96-828b-73a0433a750b,M0478,2022-09-02,99,success,bank_transfer
7a996c93-16a2-4ea3-8921-a84c6b95dd87,M0478,2022-10-02,99,success,debit_card
b6493d24-423e-4ae1-a181-368ca9f9ee36,M0478,2022-11-01,99,success,credit_card
110f959f-07c5-4d50-8f0f-b3fbff025102,M0478,2022-12-01,99,success,bank_transfer
aaf56021-dc90-46ff-99ad-322104d232d9,M0478,2022-12-31,99,success,bank_transfer
a2091c7e-2e5f-4d63-b9c7-ebcabd62dede,M0478,2023-01-30,99,success,debit_card
2daa771f-c5e3-4d49-b02e-70b5d10141c8,M0478,2023-03-01,99,success,credit_card
fbd83bca-7b82-4871-b676-3a04c30542c8,M0478,2023-03-31,99,success,bank_transfer
9d1afc34-ab27-47a7-bd37-9b24fa7db639,M0478,2023-04-30,99,success,credit_card
b0016ae5-d56b-4164-a398-46b5b913554e,M0478,2023-05-30,99,success,debit_card
d63d56a0-9ce6-4fda-abdf-e017b2a374dc,M0478,2023-06-29,99,success,credit_card
a0c6cc7e-8276-49a4-a623-d4ab713b06f8,M0478,2023-07-29,99,success,debit_card
be6272cd-d9da-4549-b3c9-ae07ab3ce4c8,M0478,2023-08-28,99,success,debit_card
02725e2e-d845-4aac-a1bc-ed5b0567a398,M0478,2023-09-27,99,success,debit_card
2c58a25d-1711-4496-a003-b9af783a3e32,M0478,2023-10-27,99,success,debit_card
ef01122d-1d47-4411-88ed-02495f111721,M0478,2023-11-26,99,success,debit_card
d8b957e6-ac47-44c6-93a6-1f984aefebc2,M0478,2023-12-26,99,success,bank_transfer
8c8162dc-7011-4555-bd5a-8d717368e160,M0478,2024-01-25,99,success,debit_card
139c1cb9-699d-492d-904e-006678b3f849,M0478,2024-02-24,99,success,bank_transfer
cc051bc1-3e68-427e-bf6b-0ea4fb4fb8fe,M0478,2024-03-25,99,success,credit_card
82a214cf-49ce-4abc-b0f0-dd7bde0008db,M0478,2024-04-24,99,failed,credit_card
541061d4-89b3-43da-9a2b-81d1f82090b3,M0478,2024-05-24,99,success,debit_card
10ff3683-1dc8-442e-b0df-187d4f952882,M0479,2023-01-22,59,success,debit_card
0246e0da-3b99-420c-903b-bea60ce95a99,M0479,2023-02-21,59,success,credit_card
fd6d662e-c6db-44be-aa86-c5b56e0a0e25,M0479,2023-03-23,59,success,bank_transfer
352e2856-b889-47bc-9db9-929127708919,M0479,2023-04-22,59,success,debit_card
3d14cbca-77c4-482b-a773-f854a180a413,M0479,2023-05-22,59,success,bank_transfer
61f1756c-a243-46ee-b653-45a49fe76116,M0479,2023-06-21,59,success,credit_card
5f4ad971-a763-4cbf-afb9-144b22dbbd41,M0479,2023-07-21,59,success,bank_transfer
af813710-3118-4eb1-a412-4ddf49690161,M0479,2023-08-20,59,success,debit_card
4dbe7d8b-c4ed-4c01-a484-4d621407baa6,M0479,2023-09-19,59,success,debit_card
ecb41cec-5a08-45f4-b237-972dc1076b83,M0479,2023-10-19,59,success,credit_card
e959b262-a457-4209-b728-f6a11e805f48,M0479,2023-11-18,59,success,bank_transfer
a84d4575-088b-4c3a-89aa-673fcd754778,M0479,2023-12-18,59,success,credit_card
44685822-32d7-4860-8743-dbabe05f10be,M0479,2024-01-17,59,success,bank_transfer
2ef6f1c2-cd06-4367-97bd-f980ba1bb8c1,M0479,2024-02-16,59,success,bank_transfer
c59b2af8-c081-4d94-bd63-41339ed08d9d,M0479,2024-03-17,59,success,bank_transfer
4b562c9f-7999-42d1-9855-c86c1dcaa9dc,M0479,2024-04-16,59,success,bank_transfer
5d5403d6-f703-4a3f-a487-23af90ac9bba,M0479,2024-05-16,59,success,bank_transfer
e32678ca-a207-4768-8cd9-3166269c97b3,M0480,2023-08-25,59,success,credit_card
ec7cc4c0-0710-478d-8f03-3256cf62849e,M0480,2023-09-24,59,success,bank_transfer
25c3e6c1-49c1-4c44-9ba5-94774af64cef,M0480,2023-10-24,59,success,debit_card
55c3ea9a-26e6-4d7a-b5d7-1be2f9d54868,M0480,2023-11-23,59,success,bank_transfer
e8988231-06e4-44e5-93a2-008c2282741d,M0480,2023-12-23,59,success,bank_transfer
7fe455b9-c939-4283-84b1-cf44905bc905,M0480,2024-01-22,59,success,debit_card
5c981953-206b-41d1-a38a-1213ba5eed77,M0480,2024-02-21,59,success,debit_card
43298b93-f4b2-4351-9315-29154acd28cf,M0480,2024-03-22,59,failed,bank_transfer
57e63717-62e4-4316-b112-0a2cab3a7c28,M0480,2024-04-21,59,success,credit_card
246ccc83-cdd9-4194-9a31-67e54d80ae28,M0480,2024-05-21,59,success,debit_card
48740ac5-9335-479b-991e-1a8c51a4dca1,M0481,2022-12-07,99,success,bank_transfer
2e947d6c-3a50-4f71-87fb-94aa7844d01b,M0481,2023-01-06,99,success,debit_card
1a5137bb-da86-4a98-a2ac-bb3968c1ae14,M0481,2023-02-05,99,success,credit_card
8858985d-3cc0-43a7-820b-3dcfa2a0be69,M0481,2023-03-07,99,success,debit_card
4c4886b7-8eef-44bf-a16e-2cdb95d451d0,M0481,2023-04-06,99,success,credit_card
f23100bb-af5c-4158-9689-8bce4d18f2d1,M0481,2023-05-06,99,success,bank_transfer
08ca4bc1-e91b-4812-ada8-f64be7df8da3,M0481,2023-06-05,99,success,debit_card
5ed66d91-4dc9-4276-b7af-8bc8c9483180,M0481,2023-07-05,99,success,credit_card
b9dac727-35c9-43dc-b43c-2998baef8191,M0481,2023-08-04,99,success,credit_card
f1d154dc-c0e1-42a4-b54e-9471d7107a97,M0481,2023-09-03,99,success,debit_card
21d6af85-fd99-4038-ac76-b053db1dbaec,M0481,2023-10-03,99,success,credit_card
b76a4382-0dfc-40ff-8dd0-fd6645e35e4e,M0481,2023-11-02,99,success,credit_card
f4fef657-ecac-4bdc-be8e-5ce77908b77c,M0481,2023-12-02,99,success,debit_card
bf65fa6b-8b82-4c1f-b3d1-5dda56889087,M0481,2024-01-01,99,success,bank_transfer
973cdb82-e3c5-4cdc-a380-b6be5b291b51,M0481,2024-01-31,99,success,credit_card
11092f2a-4589-4bff-bd1c-33ab4af3c4bd,M0481,2024-03-01,99,success,bank_transfer
4d13ce2d-59a9-425f-9ad1-1cec381303e3,M0481,2024-03-31,99,success,bank_transfer
1bf83130-8061-4ad8-a55e-9457818e2072,M0481,2024-04-30,99,success,bank_transfer
fa7df3ee-afc3-4c2d-a1c0-7b734f6a89d5,M0481,2024-05-30,99,success,debit_card
4af3ba42-6262-4d40-a48c-318e22193396,M0482,2022-05-01,59,success,credit_card
76e894c3-3c61-41d6-bcfc-e65ffd21efb2,M0482,2022-05-31,59,success,bank_transfer
235a7349-cc58-4aa5-89ba-cee8de53f3f3,M0482,2022-06-30,59,success,credit_card
bd7ece9f-88a9-41df-b99f-5653950df777,M0482,2022-07-30,59,success,debit_card
24b21857-a806-4157-ae8c-a5686fed696e,M0482,2022-08-29,59,success,debit_card
933086f2-c0d4-4704-82c2-e0e1c79cd33d,M0482,2022-09-28,59,success,bank_transfer
e369ee26-e79e-471f-a848-e4954091ac95,M0482,2022-10-28,59,success,bank_transfer
038085ea-25c9-4356-a9ef-26b81059274a,M0482,2022-11-27,59,success,debit_card
78ab2b76-d061-4f8d-aca0-4a41f67242d8,M0482,2022-12-27,59,success,debit_card
2bc26b13-62f4-435b-b63c-cba591e6f161,M0482,2023-01-26,59,failed,credit_card
796720e2-543c-45f6-8cf5-700f5b4fd51e,M0482,2023-02-25,59,success,bank_transfer
a1985139-7680-42df-937d-8b66f82aa57f,M0482,2023-03-27,59,success,bank_transfer
f77d3100-40b0-40a5-b913-db98f3b11b5e,M0482,2023-04-26,59,success,debit_card
220fab91-9e52-420d-8e94-0d9d650ee06b,M0482,2023-05-26,59,success,debit_card
384914c3-9c56-4a3a-8efd-69c7fbb32187,M0482,2023-06-25,59,success,credit_card
d5b0b56e-dd08-41a0-83ad-0e9582ece87c,M0482,2023-07-25,59,success,debit_card
a9ca48c7-ae8c-43e4-8469-716272874a0c,M0482,2023-08-24,59,success,bank_transfer
7d09a155-579d-4078-a13c-1950f74e270b,M0482,2023-09-23,59,success,bank_transfer
083b65e4-7eda-48f7-8e43-2e8c1c30ca08,M0482,2023-10-23,59,success,credit_card
ede51d24-853e-440a-95cb-f478027ea559,M0482,2023-11-22,59,success,credit_card
fba8f2dc-a180-41cb-a8c5-bbc1e15c807d,M0482,2023-12-22,59,success,credit_card
60003b50-ee09-42fd-8871-3bf06bb0212f,M0482,2024-01-21,59,success,debit_card
b244b4b1-30ae-47d2-aa4d-7cb9ad73e721,M0482,2024-02-20,59,success,credit_card
c0f94295-83e7-4865-8de1-fd8545e22382,M0482,2024-03-21,59,success,debit_card
1cc6843c-c260-4d48-bb72-9b52a60e8eff,M0482,2024-04-20,59,success,bank_transfer
fb7eabe2-496d-4d7a-8184-e76a258e254e,M0482,2024-05-20,59,success,credit_card
b251ec2f-f2b1-4717-a332-0767e7b7db25,M0483,2023-09-11,29,success,bank_transfer
6a476543-3939-461c-8cfc-d2cecedddda4,M0483,2023-10-11,29,success,credit_card
6c6bb89e-a086-4d6b-b183-e4ca59cd506a,M0483,2023-11-10,29,success,credit_card
4dad6bb4-a9f0-4766-af97-44522b115987,M0483,2023-12-10,29,success,debit_card
1c975ee7-78b9-4d6d-a5bf-608e05dd8845,M0483,2024-01-09,29,success,bank_transfer
2aa6f415-cb39-432c-8a48-c2863d445d93,M0483,2024-02-08,29,success,bank_transfer
39a85f6e-bb41-4b06-93d1-95ef9775d5f1,M0483,2024-03-09,29,failed,bank_transfer
d141f3b2-c60a-4f47-a7ba-025aef3b6eeb,M0483,2024-04-08,29,success,credit_card
fb0c82e9-332b-4524-86ae-15b5e45c6c83,M0483,2024-05-08,29,success,credit_card
6bdb19b0-3c1f-4ca5-8fba-50ac69b930fb,M0484,2022-11-26,29,success,credit_card
2f49e966-07d8-472e-8948-fa62ae2cdf90,M0484,2022-12-26,29,success,bank_transfer
2452c7c3-712a-408b-a8b3-882f7a2d0d32,M0484,2023-01-25,29,success,debit_card
c0312b53-5478-4137-b83f-df3e8410629f,M0484,2023-02-24,29,success,bank_transfer
359379d9-3a57-40ed-8716-c96e6f1e0463,M0484,2023-03-26,29,success,debit_card
d243e872-346d-4fec-adc6-3ac406765b48,M0484,2023-04-25,29,success,debit_card
fe23b2b8-10c3-4fef-8aad-9300f9ceeae6,M0484,2023-05-25,29,success,bank_transfer
6a7d801b-3495-42f6-ba80-7bdc65a2b176,M0484,2023-06-24,29,success,debit_card
07aa7380-3686-4768-a494-a8525141d5e8,M0484,2023-07-24,29,success,credit_card
967ff720-ad7b-4d5c-bf81-7ca9970cfffd,M0484,2023-08-23,29,success,debit_card
65936339-273d-49a1-97af-540e37ab24be,M0484,2023-09-22,29,success,bank_transfer
af40e1fc-d5af-4277-a629-baf2fc29fada,M0484,2023-10-22,29,success,bank_transfer
24e8faea-691e-4476-bc6b-8d3c0b3f88d1,M0484,2023-11-21,29,success,bank_transfer
1de00b09-35bd-42a7-a815-85f1c5e3de8a,M0484,2023-12-21,29,success,debit_card
ecbc3a86-010b-4114-9859-cf99d8eb5fc6,M0484,2024-01-20,29,success,debit_card
9dea9652-5eca-4a6f-bd82-bf15ed7c7743,M0484,2024-02-19,29,success,bank_transfer
85f062b7-6165-4ffc-89bf-2fb80ef0cedc,M0484,2024-03-20,29,success,credit_card
e9d49cc5-6a95-4201-a8ea-903e928080e9,M0484,2024-04-19,29,success,credit_card
a01f5363-b4c8-4320-9847-2d8988d2e32c,M0484,2024-05-19,29,failed,debit_card
e4de062a-0c6c-489c-86c3-12b945143d53,M0485,2023-01-03,29,failed,bank_transfer
74abeb91-8397-413b-bf26-21054690d06e,M0485,2023-02-02,29,success,bank_transfer
bca14b7f-9913-4952-a550-591a8ec970ee,M0485,2023-03-04,29,success,bank_transfer
4253fd0f-e2b2-43cb-aca6-f46f6240893f,M0485,2023-04-03,29,success,debit_card
7995cf61-eaea-43de-bb91-9fb7f132a02a,M0485,2023-05-03,29,success,credit_card
7c3b8060-16f6-41c2-a1ed-7beb5a0ae2d5,M0485,2023-06-02,29,success,credit_card
facdc240-5c6e-4169-858d-deffe6549d5c,M0485,2023-07-02,29,success,bank_transfer
aabd58d6-c379-42f4-88a7-590f28d75eed,M0485,2023-08-01,29,success,bank_transfer
f3dd110d-baa7-4608-bad8-329e300caca4,M0485,2023-08-31,29,success,debit_card
328f37f4-46df-4d86-9cf7-446ad31a63a7,M0485,2023-09-30,29,success,bank_transfer
e6ae250b-a382-4c9b-816e-82589afee61d,M0485,2023-10-30,29,success,debit_card
cde5c7d1-5001-4c7b-904a-72c62ba05f13,M0485,2023-11-29,29,success,credit_card
6a972bc6-5f0e-41e0-8556-1ba106237afa,M0485,2023-12-29,29,success,bank_transfer
e2f3dd72-2d17-495d-bbc0-eee60724ba7d,M0485,2024-01-28,29,success,debit_card
9668b1cc-0ecd-423c-a276-c5ca087deb6a,M0485,2024-02-27,29,success,debit_card
154fd6d6-1d17-431a-8c5b-ce86a1064d3b,M0485,2024-03-28,29,success,credit_card
9ac75c20-f370-498a-9309-2b2354febdda,M0485,2024-04-27,29,success,debit_card
a437b599-c7ce-45cb-8310-f3b29ed82e84,M0485,2024-05-27,29,success,credit_card
6998c01a-3d91-49e4-9465-6a4eb5848cf2,M0486,2022-04-11,59,success,debit_card
0322abcd-63a5-4ab8-b941-82eea0f67be0,M0486,2022-05-11,59,success,debit_card
dd877857-8c28-4a38-9fae-073f02acaabf,M0486,2022-06-10,59,success,debit_card
a52e8639-4da3-4851-aec1-c4b0e7d74280,M0486,2022-07-10,59,success,bank_transfer
f5eb822c-9a02-4fbc-92b9-19d4b6fb7e50,M0486,2022-08-09,59,success,debit_card
4eec2e14-c816-4c53-b004-49102448a202,M0486,2022-09-08,59,success,debit_card
65233b37-02e2-47c6-84e8-8a37759686d2,M0486,2022-10-08,59,success,credit_card
ce1e61f4-289d-4e6b-ab1f-222f98c508b1,M0486,2022-11-07,59,success,debit_card
2541910f-82cd-4528-ac7e-32740559a674,M0486,2022-12-07,59,success,credit_card
c568fa24-dd30-477b-8a18-b862fff8cce7,M0486,2023-01-06,59,success,bank_transfer
8109d648-2abf-4a8e-b63d-3f1f0602fc24,M0486,2023-02-05,59,success,credit_card
e0676b2a-b3e8-4411-add0-af6b17ec674c,M0486,2023-03-07,59,success,credit_card
8b25159b-3f89-44cd-9399-786fe70819dd,M0486,2023-04-06,59,success,debit_card
8ddefa63-b1ac-48c6-87cd-60774749e8e6,M0486,2023-05-06,59,success,credit_card
01037abe-838c-46c3-adaa-a19dbfbde404,M0486,2023-06-05,59,success,credit_card
3a683ffa-6c2b-4e45-ba82-e8509f6d00aa,M0486,2023-07-05,59,success,credit_card
9dcf6c6e-6fa8-41f5-94d4-697cf3d535e0,M0486,2023-08-04,59,success,debit_card
8e6051d0-a276-488a-80f2-00af06f589ed,M0486,2023-09-03,59,success,bank_transfer
1e3f55fa-ce10-41bd-8079-b725a749a410,M0486,2023-10-03,59,success,credit_card
b4e69253-7789-496f-a0f3-67c2ab8dd2e1,M0486,2023-11-02,59,success,bank_transfer
8a54cfcd-9719-4387-a533-8ec3e52cf8ac,M0486,2023-12-02,59,success,bank_transfer
07121df0-11ef-44f8-8372-d87e93e8b79e,M0486,2024-01-01,59,success,bank_transfer
c5053ed7-a300-456d-bef2-d46cd743bc0c,M0486,2024-01-31,59,success,credit_card
a8e40d07-f44f-4c9b-b93d-156e9b3f553b,M0486,2024-03-01,59,success,credit_card
1aba7437-3c77-4fd0-a688-4da4ebaad57c,M0486,2024-03-31,59,success,debit_card
c19f8081-c07a-46ce-a392-70c543443a8d,M0486,2024-04-30,59,success,debit_card
0cc00bf5-57e3-45d6-9e72-28f2db5fb745,M0486,2024-05-30,59,success,credit_card
92b4a3d6-feff-46dc-b887-a467d47bc633,M0487,2023-01-15,29,success,credit_card
eea8f5fd-8f8b-4f2b-afbe-45796bea8afe,M0487,2023-02-14,29,success,bank_transfer
043b3544-ba3f-4aa0-9266-c1857262484b,M0487,2023-03-16,29,failed,debit_card
89887e80-bf52-44a5-98c1-0a775c6fdfe9,M0487,2023-04-15,29,success,debit_card
b571f2f7-107c-46cc-8603-fa754f8cd96b,M0487,2023-05-15,29,success,credit_card
3a862647-d103-423d-8bca-26e8f126e797,M0487,2023-06-14,29,success,bank_transfer
888454e6-4812-46c2-a08b-1f02a641feb7,M0487,2023-07-14,29,success,credit_card
846a8750-54aa-4865-8d95-8b1603ebc60f,M0487,2023-08-13,29,success,credit_card
01aea666-afda-4ebe-8a62-f5fecd65a35a,M0487,2023-09-12,29,success,bank_transfer
8841088d-3eef-4aca-8c41-3912bfae1b5f,M0487,2023-10-12,29,success,credit_card
cb4317bb-f96f-43ca-a206-0037fa94e685,M0487,2023-11-11,29,success,credit_card
301ac401-a0d5-470f-a5a6-769caa7f5eeb,M0487,2023-12-11,29,success,bank_transfer
037c8206-e11d-47bf-8df2-960efe44d1cc,M0487,2024-01-10,29,success,credit_card
6be7cdce-1c85-4529-a5c5-ef62e24de19c,M0487,2024-02-09,29,success,bank_transfer
bbfec5a9-b03c-4adf-bb20-e8913cc1c041,M0487,2024-03-10,29,success,debit_card
5ea7e431-1880-483c-b70c-c0c98c9f64a5,M0487,2024-04-09,29,failed,bank_transfer
d5359368-e67b-4a12-b314-df1e872e2080,M0487,2024-05-09,29,success,bank_transfer
f7b47c79-864c-416c-a38e-37efb78d6da8,M0488,2022-05-30,99,success,credit_card
64800ea2-f23b-4205-9687-7f68f270edad,M0488,2022-06-29,99,success,credit_card
fe65425f-08c9-4e39-8c71-f32b3d3283c2,M0488,2022-07-29,99,success,credit_card
5078570b-74af-4371-abf6-7667f9518fac,M0488,2022-08-28,99,success,debit_card
f14d6fa3-950c-470e-bf4b-a36d9f0979e0,M0488,2022-09-27,99,success,bank_transfer
d22dfd64-d2db-4625-85c6-834f03a9104a,M0488,2022-10-27,99,success,credit_card
a9407e88-8dcf-4f47-ae48-e98a2b925884,M0488,2022-11-26,99,success,bank_transfer
2ce91893-009c-44f2-b26c-632b19e3fb7b,M0488,2022-12-26,99,success,bank_transfer
74d45fde-f6c1-4031-be68-5e58d5248fe3,M0488,2023-01-25,99,success,credit_card
a9c181cb-6009-43f1-95f1-72213fedc499,M0488,2023-02-24,99,success,credit_card
7f082864-421a-4ccb-836b-6aba07e368af,M0488,2023-03-26,99,success,debit_card
3517db1d-400b-4f1b-b356-b37edbfe597f,M0488,2023-04-25,99,success,debit_card
5c218d32-a55e-4fec-abf9-68eb64f3ca48,M0489,2023-03-04,29,failed,credit_card
d019f995-06e7-405d-986e-1a817b75680c,M0489,2023-04-03,29,success,credit_card
e3c574b2-e796-40dc-99b1-9bd5b2d8d3ca,M0489,2023-05-03,29,success,bank_transfer
7c8b2357-26bc-4f52-83c0-2b251cf61cdb,M0489,2023-06-02,29,success,credit_card
925c6e89-12ce-4ee1-b616-879a6634e4f0,M0489,2023-07-02,29,success,bank_transfer
50293f24-d4b0-4000-a6dd-ccae604df118,M0489,2023-08-01,29,success,bank_transfer
d07d6812-8146-4412-b0d8-501e43b8b717,M0489,2023-08-31,29,success,bank_transfer
e6b0ccc1-c829-4882-9efb-84d79fe197c1,M0489,2023-09-30,29,success,credit_card
2081fb66-6c2c-4fb4-8829-47b741983d33,M0489,2023-10-30,29,success,bank_transfer
46a08534-b2d2-49ce-a43a-f8bee18cd2e4,M0489,2023-11-29,29,success,debit_card
d4d4ceca-901a-445c-8696-75696bdfc2f0,M0489,2023-12-29,29,success,credit_card
1cbc3eb8-f178-4b03-8842-806d88a8d0ba,M0489,2024-01-28,29,success,credit_card
0a44c4d5-4eae-4834-b2ff-07df44464ae8,M0489,2024-02-27,29,success,bank_transfer
8d90ef5b-3597-4cec-a7f8-2d1ae29e4e6e,M0489,2024-03-28,29,success,credit_card
6168c9d2-7f91-452b-a941-3a7ad83564f6,M0489,2024-04-27,29,success,credit_card
d3bd66f7-be98-4d61-b9ac-d46104548d32,M0489,2024-05-27,29,success,debit_card
574083d0-d998-4314-9e61-c61c303adc66,M0490,2023-08-07,29,success,credit_card
563bceb7-da13-4838-8188-f9e3b1af7fa9,M0490,2023-09-06,29,success,bank_transfer
8fb540fa-123d-4fda-972b-999364bf2dad,M0490,2023-10-06,29,success,debit_card
2cab1933-6b48-475f-ac04-765ec7a9a2f6,M0490,2023-11-05,29,success,debit_card
89502fe5-2fcd-47b5-9c47-aa5ce76d3dac,M0490,2023-12-05,29,success,bank_transfer
a20a457d-1991-4688-a832-79f6a5edde56,M0490,2024-01-04,29,success,debit_card
302e9293-2fe4-4194-aa4e-55e6cd5ccfab,M0490,2024-02-03,29,success,bank_transfer
78eea68f-5fb0-461c-9ac3-184bd5c25146,M0490,2024-03-04,29,success,debit_card
b6d7c859-3ef5-407e-aa0b-864df4802177,M0490,2024-04-03,29,success,bank_transfer
7c80c47d-0091-4449-a421-d3d677eef0d1,M0490,2024-05-03,29,success,bank_transfer
d6860dbd-2d1a-41c7-a1f7-368467976744,M0491,2022-12-12,99,success,debit_card
d0eecbd7-a14f-4f27-8b20-9901cada6c99,M0491,2023-01-11,99,success,debit_card
a4a9b89a-cd85-48ac-bc42-d09fed757944,M0491,2023-02-10,99,success,credit_card
13aa8bca-d175-47bf-b94f-a93411f2765a,M0491,2023-03-12,99,success,credit_card
87d40d1d-eb61-469d-a36d-44ed7370a603,M0491,2023-04-11,99,success,credit_card
99d885bd-20b7-442f-931b-3b0d44065115,M0491,2023-05-11,99,success,bank_transfer
ec337076-f263-4207-9c0f-20b21a9057bd,M0491,2023-06-10,99,success,debit_card
a398f890-3e73-4be5-847d-98bae60761f3,M0491,2023-07-10,99,success,debit_card
445dc605-603d-48b6-be53-782e09fc7bdc,M0491,2023-08-09,99,success,debit_card
91cfdad2-a0c2-4c7f-916d-2d0617881b30,M0491,2023-09-08,99,success,credit_card
297ec52e-da7e-4f3c-aaed-877991a55eb2,M0491,2023-10-08,99,success,bank_transfer
d73d8800-55cf-4296-9f51-6b9f4f2f525c,M0491,2023-11-07,99,success,debit_card
bbdd6a79-b81e-48f1-9345-7d7c3dbf0789,M0491,2023-12-07,99,success,bank_transfer
017fc412-9691-44cc-affa-cebbe116f42c,M0491,2024-01-06,99,success,credit_card
91e71cab-f1a5-4d1f-9045-0bed4669de4f,M0491,2024-02-05,99,success,debit_card
adca1376-1704-47ff-98a7-0fe41d160f03,M0491,2024-03-06,99,success,debit_card
97ba17cf-a8f4-4843-a963-3e96ff4860b7,M0491,2024-04-05,99,success,debit_card
fadc9dea-3017-4f1c-9ccb-3796cb0a903e,M0491,2024-05-05,99,success,credit_card
3d03a32e-25f2-460a-ad76-15322ca38186,M0492,2023-05-18,59,failed,credit_card
37c42e0b-c647-4ace-8dd7-548563d28ffe,M0492,2023-06-17,59,success,debit_card
5bdcb91a-ffea-4644-a5f6-4c16c529b00d,M0492,2023-07-17,59,success,bank_transfer
929dc1ca-9e82-4c08-8360-aa7815f39807,M0492,2023-08-16,59,success,credit_card
a324ee83-0044-4dd6-a0ba-9f28fe80cfc2,M0492,2023-09-15,59,success,bank_transfer
6720075f-a341-4e88-904f-0f2143df94f7,M0492,2023-10-15,59,success,debit_card
ce9f443a-5b25-4b36-93a5-6a8fe427ddeb,M0492,2023-11-14,59,success,debit_card
6841e9ad-68d3-4a30-bf3c-9ffcbaaf0e8d,M0492,2023-12-14,59,success,bank_transfer
0a788762-523b-47e1-a61d-02f32a0c4674,M0492,2024-01-13,59,success,bank_transfer
b621f2c7-39d6-4b40-86e2-3ea05e5d9859,M0492,2024-02-12,59,success,credit_card
927c4b48-df22-45a7-9380-c3478c1dee06,M0492,2024-03-13,59,success,credit_card
771cf50b-405a-4990-bb47-5f7cc29eab36,M0492,2024-04-12,59,success,debit_card
71a4c335-69bb-4cf4-b488-e01e655d4a29,M0492,2024-05-12,59,success,credit_card
4bf5ec35-4317-4619-99d8-8ac0c8527753,M0493,2022-05-24,29,success,bank_transfer
b71acb5b-34b0-4cde-b06c-41d7369420c6,M0493,2022-06-23,29,success,bank_transfer
e1ea07c3-b919-405b-84e5-e538c83f07f5,M0493,2022-07-23,29,success,bank_transfer
ddb7dc8b-d04e-41e4-9961-e7ce595cb9cf,M0493,2022-08-22,29,success,bank_transfer
6146be90-44bc-4040-9aff-67861a74c458,M0493,2022-09-21,29,success,bank_transfer
50dcf68d-9c52-4fe6-a5ee-0120094fd0c5,M0493,2022-10-21,29,failed,credit_card
2c0c30be-a1c6-4116-841e-e95c29dd277e,M0493,2022-11-20,29,success,bank_transfer
88aacae3-af19-42f1-84f9-14da5761e6a9,M0493,2022-12-20,29,success,debit_card
84f8aeb4-ad77-4ab0-a5b4-cebb661f78b2,M0493,2023-01-19,29,success,credit_card
6ae3a46d-8eef-4f48-93ee-73d5dd16bf64,M0493,2023-02-18,29,success,credit_card
172ccf71-45a8-4d8b-84af-4a4dfc58f206,M0493,2023-03-20,29,success,debit_card
51abf5d0-56c8-4f9d-9abc-68000f9b2148,M0493,2023-04-19,29,success,debit_card
6437eb02-2a6c-430e-ba30-0d3c67e1ba8d,M0493,2023-05-19,29,success,debit_card
c199ee41-0222-45bc-b53c-c2a62fa570b3,M0493,2023-06-18,29,success,bank_transfer
a03a11ff-716d-4c66-89ef-90d98ae9c2a2,M0493,2023-07-18,29,success,bank_transfer
70ffd8b4-b2c0-4f7e-9662-69978dfbcdd9,M0493,2023-08-17,29,success,debit_card
dd20272b-7506-432f-826f-fc5efa070eb7,M0493,2023-09-16,29,success,debit_card
5a5837d2-47a8-46c5-8e71-33ae7bb052d1,M0493,2023-10-16,29,success,credit_card
2e01c6ac-efcd-450c-b81c-7e0ac960abdb,M0493,2023-11-15,29,success,debit_card
0728190a-01da-4d5e-8484-f3482a19d523,M0493,2023-12-15,29,success,credit_card
d244e0b2-8f26-46ec-999d-770aee3823c4,M0493,2024-01-14,29,success,debit_card
a11eea0b-e9c8-4250-945b-9e54e0d9f3ff,M0493,2024-02-13,29,success,bank_transfer
632dcbd0-f139-46ba-9ef8-9208e0e9412d,M0493,2024-03-14,29,failed,credit_card
e9c2d7e2-c510-46a8-acd9-c794711556bc,M0493,2024-04-13,29,success,credit_card
e5b41285-2adc-4ea0-a9e7-7633f709a588,M0493,2024-05-13,29,success,credit_card
1308bf4f-0be7-4623-bad4-a6dbf2d827ac,M0494,2022-03-02,99,success,debit_card
1c3470c5-e10f-47c2-ae9b-b9016fdf1368,M0494,2022-04-01,99,success,bank_transfer
478387a7-666c-44d5-b096-7c13ce4e6cb4,M0494,2022-05-01,99,success,bank_transfer
5a1fe65b-7f5e-4c6a-833f-b771087d3efa,M0494,2022-05-31,99,success,bank_transfer
f6071dfc-9c51-41b6-8993-5c341c64d15e,M0494,2022-06-30,99,success,credit_card
8dbbf417-a9bd-45f9-a6f7-3207a2bf9151,M0494,2022-07-30,99,success,credit_card
565fdae2-f0e0-4d4a-bbcb-98003ad2abb1,M0494,2022-08-29,99,success,credit_card
23480933-d7fe-4eb0-a818-3845301832ed,M0494,2022-09-28,99,success,credit_card
246ef601-439f-4fa5-831d-0de72d138cf5,M0494,2022-10-28,99,success,debit_card
0f3755ce-bfc5-4088-ab53-c57c9bedb52a,M0494,2022-11-27,99,success,debit_card
af092724-7022-44f9-9a78-196524226994,M0494,2022-12-27,99,success,debit_card
857754ba-9384-49c4-b208-addcde65ac31,M0494,2023-01-26,99,success,credit_card
043a3932-3d31-47bb-8b07-63bc65d2b00c,M0494,2023-02-25,99,success,credit_card
fd90afbe-fb6d-4932-a439-7af41c47f67e,M0494,2023-03-27,99,success,credit_card
663eb867-6eb9-4501-8f01-9ee6eab139cb,M0494,2023-04-26,99,success,bank_transfer
77ea588e-104e-410a-894c-09833f716fa1,M0494,2023-05-26,99,success,bank_transfer
436a07a6-bc1f-4e0b-a246-98cdbc963411,M0494,2023-06-25,99,success,credit_card
ea848c54-113e-4d24-b938-ff659e960750,M0494,2023-07-25,99,success,bank_transfer
bef20cf5-ecb0-4d06-8e58-9e86a029178c,M0494,2023-08-24,99,success,credit_card
943c3746-d121-4ce4-bdb3-103b211e10be,M0494,2023-09-23,99,success,bank_transfer
eedaaf42-574f-497b-9ba2-78e7612aaf99,M0494,2023-10-23,99,success,debit_card
f5677055-9132-45d1-b5a5-fd0b13a4f602,M0494,2023-11-22,99,success,credit_card
d182d58a-1f8f-48a5-8f9b-7c99f6ed886f,M0494,2023-12-22,99,success,debit_card
f54c6c01-2f31-4a91-8a07-10a4d323084f,M0494,2024-01-21,99,success,bank_transfer
9ee8a151-aefb-4c9f-b352-f9fab09ffe9a,M0494,2024-02-20,99,success,bank_transfer
fafc50c1-0ecb-449f-8b4a-540b9390c6f6,M0494,2024-03-21,99,success,debit_card
fedc6e8c-5809-4919-a15e-2317824e299c,M0494,2024-04-20,99,success,debit_card
70d78429-c2b3-4d6f-8441-92edfc026006,M0494,2024-05-20,99,success,bank_transfer
62093c51-6fdd-4f3d-81b6-4041d6574a8c,M0495,2022-02-19,29,success,credit_card
02d87ba1-458b-4bec-88b4-94f75a1da6ef,M0495,2022-03-21,29,success,bank_transfer
2fcee917-13c2-4315-b7cd-c8220c2e19eb,M0495,2022-04-20,29,success,bank_transfer
c4491c29-11f4-42ab-b354-595922472c6f,M0495,2022-05-20,29,success,credit_card
0a36c016-4d9b-4d51-8fd9-fe3ac8553b51,M0495,2022-06-19,29,success,credit_card
7d551e2c-a6b9-4aca-9bc3-612cb536c2b0,M0495,2022-07-19,29,success,bank_transfer
84085eb2-3415-473b-94a2-73fabd123868,M0495,2022-08-18,29,success,credit_card
981d87ea-e300-4f4b-94a8-6d16e96b2a0c,M0495,2022-09-17,29,success,debit_card
3e6cf4c5-4d4b-44a0-8427-08732fb7ed89,M0495,2022-10-17,29,success,bank_transfer
f61a29bc-3f45-4a5e-a28f-5b573be70994,M0495,2022-11-16,29,success,bank_transfer
da2b0000-0e10-4a95-88d5-057b6746438d,M0495,2022-12-16,29,success,credit_card
19be03fd-3233-4216-9cb1-13d36e15bff9,M0495,2023-01-15,29,success,bank_transfer
8fbbba7c-940d-48c2-a473-522e75d43602,M0495,2023-02-14,29,success,bank_transfer
a042f74b-fc4b-4a91-9250-d8a3216a9aa4,M0495,2023-03-16,29,success,debit_card
393e2ccf-55c5-42c7-ab8d-7a6dabba4a0b,M0495,2023-04-15,29,success,debit_card
6f921cd8-982a-430a-a251-25d3d2f76e42,M0495,2023-05-15,29,success,credit_card
2a31e100-ef7c-4cf2-a8eb-8f7169ca5ff5,M0495,2023-06-14,29,success,credit_card
d522491b-5e28-4399-ad28-8f469f0bf9c1,M0495,2023-07-14,29,success,credit_card
92a921ed-0a01-499a-88a5-d979f8df865e,M0495,2023-08-13,29,success,credit_card
f461009e-332a-42e4-9191-0934e97bac96,M0495,2023-09-12,29,success,bank_transfer
df743ea4-5686-4333-ad86-c9be25cba71d,M0495,2023-10-12,29,success,debit_card
dc3cb6e3-f0ba-4a7f-aa55-255a7a78535f,M0495,2023-11-11,29,success,credit_card
dd586aa0-a5b9-49b1-a87e-5fd752aaa763,M0495,2023-12-11,29,success,credit_card
0fcf30ca-041b-4365-87bd-1a6dd4492ceb,M0495,2024-01-10,29,success,debit_card
d51b164e-3906-4c8e-9f90-55a617298c5e,M0495,2024-02-09,29,success,credit_card
1c149c01-91ef-4138-b932-1983a9044e79,M0495,2024-03-10,29,success,bank_transfer
22f2f31c-ad22-485d-9bf2-9af0c39218d3,M0495,2024-04-09,29,success,bank_transfer
593cfc76-3bbb-4909-8711-0ca0c325cdb0,M0495,2024-05-09,29,success,bank_transfer
b44aa12f-aa52-44bf-9fc0-58faaf1cc07e,M0496,2022-03-11,29,success,bank_transfer
c50561d0-6425-42e1-9e47-80b75a56458b,M0496,2022-04-10,29,success,debit_card
87973073-4a2a-4319-b575-1bd899155b2b,M0496,2022-05-10,29,success,bank_transfer
d74d1f3e-fe8b-49ce-89e1-2d1762bdd2bc,M0496,2022-06-09,29,success,bank_transfer
8bb45186-e75f-418e-8fae-9711bf546327,M0496,2022-07-09,29,success,debit_card
ddaecb39-2d33-442a-84d5-d751f0454f6c,M0496,2022-08-08,29,success,bank_transfer
e5ce98ae-6fdb-4c0c-8051-cf746424997c,M0496,2022-09-07,29,success,debit_card
fe5266b8-2cf0-4a41-b598-0ed863a5ce76,M0496,2022-10-07,29,success,debit_card
36a72ee4-5086-4fea-a14f-68906445ce89,M0496,2022-11-06,29,success,bank_transfer
3dacee62-e85f-41c7-9681-bc06f997dcc1,M0496,2022-12-06,29,success,credit_card
0d5116d1-4ab5-4156-9bfd-94a918390a39,M0496,2023-01-05,29,success,debit_card
973c8f57-11d3-40ec-bd04-cf7072e9ba97,M0496,2023-02-04,29,success,bank_transfer
f856dc65-4cfb-48b5-85cc-cf4c9e8716ba,M0496,2023-03-06,29,success,credit_card
2f878f5b-cff1-4f1d-ac72-d4c1d288cb4e,M0496,2023-04-05,29,success,credit_card
5935a81b-2315-44e3-a12f-2922a5651ac2,M0496,2023-05-05,29,success,credit_card
21d87c29-1e90-4f51-9964-2c862cfc48f7,M0496,2023-06-04,29,success,credit_card
915cbdea-0c88-414c-bbd0-7c8baf63b538,M0496,2023-07-04,29,success,bank_transfer
3ccd4e35-455d-4907-b0ac-0eebbc2fb042,M0496,2023-08-03,29,success,credit_card
3630486b-7c65-4d38-b1ca-67cde4c97c53,M0496,2023-09-02,29,success,debit_card
98451c56-cd37-4744-986a-d9c2bf0e4d57,M0496,2023-10-02,29,success,bank_transfer
fd3529a4-530b-4523-994c-be237df257fe,M0496,2023-11-01,29,success,credit_card
d791c4f1-1108-43cc-903c-2e99356d33fe,M0496,2023-12-01,29,success,credit_card
1336f015-f916-43c6-82b3-0898c359b87b,M0496,2023-12-31,29,success,credit_card
81fb1345-ef42-4364-96fe-716ffcd1f687,M0496,2024-01-30,29,success,credit_card
20532ef5-22e6-43e4-b26a-ef26d479112f,M0496,2024-02-29,29,success,bank_transfer
9243a568-a206-48d5-98dd-e452019f4cbd,M0496,2024-03-30,29,success,bank_transfer
824c8856-58c5-406c-b8a0-9e9a0a6ba3dd,M0496,2024-04-29,29,success,credit_card
b3916b68-b606-46bd-982b-6a65cb50e005,M0496,2024-05-29,29,success,credit_card
6290efbc-e9ea-4259-9b42-cfbebb34731f,M0497,2023-01-18,59,success,bank_transfer
8380e134-2ca7-43b8-ae74-49b9d02a2858,M0497,2023-02-17,59,success,debit_card
b9d11fb0-3454-4169-b19c-43af2541423a,M0497,2023-03-19,59,success,credit_card
00299149-7d61-4663-a191-bf058a00c423,M0497,2023-04-18,59,success,credit_card
629bab78-c1f5-4582-94d8-b20eae2333d8,M0497,2023-05-18,59,success,credit_card
3693926d-b5f4-42ea-88b6-6cb9b4e27838,M0497,2023-06-17,59,success,credit_card
b6ba36aa-ba42-41a0-a431-245120faee20,M0497,2023-07-17,59,success,credit_card
385371ca-9bb3-4880-8b83-da804febace1,M0497,2023-08-16,59,success,bank_transfer
2f46613b-5a1d-4668-8801-cd619183a630,M0497,2023-09-15,59,success,debit_card
930c9c55-1132-4717-84dc-b943236a5acf,M0497,2023-10-15,59,success,bank_transfer
1f91cf6e-139c-4a45-b0c0-161c678828b9,M0497,2023-11-14,59,success,debit_card
e3230a83-5346-4c2d-b546-107f63bf9795,M0497,2023-12-14,59,success,bank_transfer
2d7fcafa-5637-4b53-826d-af3e3586a62d,M0497,2024-01-13,59,success,debit_card
127dad8a-05cc-4cf2-a966-ce2963fcf070,M0498,2023-11-07,29,failed,credit_card
3db7519d-cda0-47c5-815b-daf4c909e49b,M0498,2023-12-07,29,success,bank_transfer
d3110c62-bf59-45b8-bc33-d68539d28615,M0498,2024-01-06,29,success,bank_transfer
f0fbaa27-73c9-4789-b5aa-50231704b3ba,M0498,2024-02-05,29,success,debit_card
ebb561a2-4b5a-4ae5-aad1-e66a65ee44dd,M0498,2024-03-06,29,success,bank_transfer
02685d29-09fd-4fbd-b576-60a145d28b7f,M0498,2024-04-05,29,success,bank_transfer
908cfa44-c441-4e8e-81cb-8219a5f3485f,M0498,2024-05-05,29,success,bank_transfer
145d8e72-0e26-4532-b10e-0046e87094d7,M0499,2022-01-13,59,success,credit_card
7cabcb6e-0a4f-4f86-aa98-47fcea76d22e,M0499,2022-02-12,59,success,bank_transfer
c5e0e741-ac6c-4683-957c-198193f6f4aa,M0499,2022-03-14,59,success,credit_card
aecd465b-d4e9-4d77-bd0c-79e02a4bf2c8,M0499,2022-04-13,59,success,bank_transfer
079bb39b-740a-447b-ae01-f5ff8978f681,M0499,2022-05-13,59,success,credit_card
5a370e51-c366-44c1-bc96-0e0d10a672cc,M0499,2022-06-12,59,success,debit_card
41f8dd42-dc92-4291-8422-285a7c895bc5,M0499,2022-07-12,59,success,bank_transfer
